move_count_10s,arm_count_10s,gripper_count_10s,action_switch_count_10s,maximum_speed,average_speed,zone_transition_count,gripper_toggle_count,first_arm_use_for_identity,first_gripper_use_for_identity,previous_failures,hour_of_day,seconds_since_last_action
13.0,0.0,0.0,2.0,0.4276385331909005,0.6763478275583931,0.0,0.0,0.0,0.0,0.0,13.0,3.5006086726765346
4.0,0.0,0.0,1.0,0.534498202459956,0.9022904576681678,0.0,0.0,0.0,0.0,0.0,10.0,8.872872027254038
15.0,0.0,0.0,2.0,0.5706894052021951,0.5246282099437753,0.0,0.0,0.0,0.0,0.0,16.0,7.494749041548823
16.0,0.0,0.0,1.0,0.8464831993495717,0.9058118818956934,0.0,0.0,0.0,0.0,0.0,9.0,7.6862645952948006
10.0,0.0,0.0,2.0,0.4623625847437031,0.4516645575009727,0.0,0.0,0.0,0.0,0.0,11.0,1.0065538059481174
16.0,0.0,1.0,0.0,0.8490600186631803,0.611098117218451,1.0,1.0,0.0,0.0,0.0,10.0,2.884643500195416
3.0,0.0,0.0,1.0,1.0426648751780785,0.7519845227258211,1.0,0.0,0.0,0.0,0.0,12.0,10.925074509822483
32.0,0.0,0.0,2.0,0.6054011936434939,0.5535161713262178,1.0,0.0,0.0,0.0,0.0,8.0,3.2730251897040796
14.0,0.0,1.0,1.0,0.5887488204840677,0.5354857286302265,1.0,1.0,0.0,0.0,0.0,13.0,7.186908675003998
19.0,0.0,1.0,2.0,0.4431304845548902,0.39304312723413626,1.0,1.0,0.0,0.0,0.0,11.0,5.140365593216033
14.0,0.0,0.0,0.0,0.4987022996817499,0.7655754808310672,0.0,0.0,0.0,0.0,0.0,8.0,1.6612484585141192
29.0,1.0,0.0,1.0,0.8957904434417309,0.8644667012050417,1.0,0.0,0.0,0.0,0.0,14.0,0.6937223918273442
23.0,0.0,0.0,2.0,0.5442586472329691,0.5950174915471914,1.0,0.0,0.0,0.0,0.0,16.0,1.2793063381732401
22.0,0.0,0.0,0.0,0.813690535854164,0.3676244931077196,0.0,0.0,0.0,0.0,0.0,8.0,10.982518131878079
14.0,1.0,0.0,2.0,0.94432529517967,0.4453602407624895,1.0,0.0,0.0,0.0,0.0,14.0,11.43277307770107
23.0,0.0,0.0,1.0,0.7133367333159231,0.5472468509281432,0.0,0.0,0.0,0.0,0.0,8.0,3.721112094479639
22.0,0.0,0.0,2.0,1.0178795788447421,0.4946926117252858,0.0,0.0,0.0,0.0,0.0,15.0,11.906147886111713
15.0,1.0,0.0,1.0,0.9826552905940852,0.8275985623481795,1.0,0.0,0.0,0.0,0.0,13.0,0.6547347672989614
17.0,1.0,0.0,0.0,0.7186469771976401,0.6925786724610893,1.0,0.0,0.0,0.0,0.0,11.0,5.8483679781382305
31.0,0.0,0.0,2.0,0.9282738157980939,0.40105247226701085,0.0,0.0,0.0,0.0,0.0,10.0,5.887182124530672
19.0,1.0,0.0,2.0,0.9779639450681676,0.41114565682910903,1.0,0.0,0.0,0.0,0.0,16.0,10.53338436781019
16.0,0.0,0.0,2.0,0.5565578138572445,0.8410654760569607,0.0,0.0,0.0,0.0,0.0,17.0,0.2431219258983898
6.0,0.0,0.0,1.0,0.8946528354569481,0.36407219523753054,1.0,0.0,0.0,0.0,0.0,8.0,10.468426966349744
18.0,0.0,1.0,1.0,0.9106355576183881,0.8674858892275384,1.0,1.0,0.0,0.0,0.0,16.0,3.144272654586838
21.0,0.0,1.0,0.0,0.46740789159216994,0.6147391613217907,1.0,1.0,0.0,0.0,0.0,17.0,2.494714436726295
30.0,1.0,0.0,0.0,0.988313322587498,0.9196609790850769,1.0,0.0,0.0,0.0,0.0,11.0,5.460361243528085
26.0,1.0,0.0,2.0,0.8472111173804353,0.835804164473154,0.0,0.0,0.0,0.0,0.0,14.0,1.6351384590621543
18.0,0.0,1.0,0.0,0.559378296852137,0.4764631789667111,1.0,1.0,0.0,0.0,0.0,13.0,7.0331828810411885
31.0,1.0,0.0,0.0,0.5906741985217048,0.7736197431783939,1.0,0.0,0.0,0.0,0.0,16.0,4.239406683395573
24.0,1.0,0.0,1.0,0.40868926262393934,0.737694163008014,0.0,0.0,0.0,0.0,0.0,14.0,4.685121570728854
28.0,0.0,0.0,1.0,0.5412776731115505,0.8866139868267663,1.0,0.0,0.0,0.0,0.0,13.0,4.885485919529494
20.0,0.0,0.0,0.0,0.7290933741174135,0.5561485776850172,0.0,0.0,0.0,0.0,0.0,12.0,5.487902698439025
28.0,0.0,0.0,2.0,0.4785811211007475,0.4565279132758209,0.0,0.0,0.0,0.0,0.0,15.0,5.19387886929286
19.0,0.0,0.0,0.0,0.7245125065561908,0.6498193928312039,0.0,0.0,0.0,0.0,0.0,16.0,1.383375122408431
32.0,0.0,0.0,0.0,1.0145992537795616,0.6772971366633628,0.0,0.0,0.0,0.0,0.0,12.0,9.002739563969904
15.0,0.0,0.0,0.0,0.6739238109321113,0.46444010733090557,0.0,0.0,0.0,0.0,0.0,17.0,1.4165066265458561
10.0,0.0,0.0,1.0,0.725757100612032,0.9468737531985936,1.0,0.0,0.0,0.0,0.0,12.0,8.397989644942642
31.0,1.0,0.0,1.0,0.7848295823016166,0.9024814499671425,0.0,0.0,0.0,0.0,0.0,17.0,1.7693135331526253
15.0,0.0,1.0,1.0,0.9674906831320276,0.8727295264771021,1.0,1.0,0.0,0.0,0.0,15.0,9.290764771482543
2.0,0.0,0.0,0.0,0.6066451799682099,0.8247993606814247,0.0,0.0,0.0,0.0,0.0,14.0,10.270418269118515
13.0,1.0,0.0,0.0,0.40384689908013727,0.9288460239037322,1.0,0.0,0.0,0.0,0.0,17.0,5.196393680142615
30.0,0.0,0.0,0.0,0.4649932792352401,0.8885983920773485,1.0,0.0,0.0,0.0,0.0,17.0,0.9111614194313046
3.0,0.0,1.0,1.0,0.8402357898329886,0.7240490230073213,1.0,1.0,0.0,0.0,0.0,10.0,10.80989218351555
22.0,0.0,0.0,0.0,0.917566996399848,0.9257542766433159,0.0,0.0,0.0,0.0,0.0,8.0,3.123601044035395
27.0,0.0,0.0,1.0,1.0077885923112062,0.4013885224663666,1.0,0.0,0.0,0.0,0.0,8.0,6.5532102062129045
19.0,0.0,1.0,0.0,0.5932853369641796,0.8953672782037286,1.0,1.0,0.0,0.0,0.0,10.0,4.658622094741992
5.0,1.0,0.0,1.0,0.7569936347440003,0.4564872769744958,0.0,0.0,0.0,0.0,0.0,10.0,8.550477308857474
7.0,0.0,1.0,0.0,0.5965167828071781,0.647343426899217,1.0,1.0,0.0,0.0,0.0,8.0,11.916202726662327
33.0,1.0,0.0,2.0,0.48602950014815216,0.4212594916460029,0.0,0.0,0.0,0.0,0.0,12.0,1.4802125381598086
9.0,0.0,0.0,1.0,0.5054343076056103,0.8728576606864216,0.0,0.0,0.0,0.0,0.0,13.0,1.628101760465302
20.0,0.0,0.0,2.0,0.8642147093544569,0.6832837308234018,0.0,0.0,0.0,0.0,0.0,8.0,3.8168791411132177
32.0,0.0,0.0,1.0,0.8828050092377823,0.5868424721962441,0.0,0.0,0.0,0.0,0.0,8.0,10.149407632608211
32.0,0.0,1.0,1.0,0.6500465194840908,0.6863730719602958,0.0,1.0,0.0,0.0,0.0,16.0,8.871238495035465
5.0,0.0,0.0,1.0,0.576792155443871,0.7136814455952566,0.0,0.0,0.0,0.0,0.0,13.0,0.667335895234419
7.0,1.0,0.0,0.0,0.5381941614981252,0.6181523754701951,0.0,0.0,0.0,0.0,0.0,17.0,2.4456948230514164
23.0,0.0,0.0,2.0,0.8127982238305687,0.7022220522281177,1.0,0.0,0.0,0.0,0.0,10.0,1.5873623760269715
6.0,0.0,0.0,0.0,0.8641742055575864,0.6634287735582144,1.0,0.0,0.0,0.0,0.0,14.0,0.5777709284284201
16.0,0.0,0.0,1.0,0.5892239062598823,0.6530942789817442,0.0,0.0,0.0,0.0,0.0,10.0,11.535271173853985
26.0,0.0,0.0,1.0,0.5334772055611606,0.7151406157880673,0.0,0.0,0.0,0.0,0.0,10.0,3.4044479821479863
5.0,0.0,0.0,0.0,0.5580192677466521,0.7646287493450534,1.0,0.0,0.0,0.0,0.0,13.0,6.790727680766839
19.0,0.0,0.0,2.0,0.5020003780532216,0.8303243830948582,0.0,0.0,0.0,0.0,0.0,8.0,4.487218965108548
31.0,0.0,0.0,0.0,0.9829106941036898,0.40582149091567193,0.0,0.0,0.0,0.0,0.0,15.0,0.6909139934653886
20.0,0.0,0.0,2.0,0.5245728149916302,0.7147234149782931,0.0,0.0,0.0,0.0,0.0,15.0,2.9753448227299484
7.0,0.0,0.0,1.0,0.819858880307941,0.5942199851382769,0.0,0.0,0.0,0.0,0.0,16.0,4.289914533109002
18.0,0.0,0.0,1.0,0.800122139189854,0.5765078249795125,0.0,0.0,0.0,0.0,0.0,13.0,7.872056180324558
4.0,0.0,0.0,2.0,0.7120833618967671,0.8324243374099883,1.0,0.0,0.0,0.0,0.0,11.0,9.221679404526883
27.0,0.0,0.0,0.0,0.7209947550588817,0.44840622823512105,0.0,0.0,0.0,0.0,0.0,9.0,1.834476214090716
28.0,0.0,0.0,2.0,0.8823165033090004,0.7805459462252149,0.0,0.0,0.0,0.0,0.0,14.0,6.14426999401484
16.0,0.0,1.0,1.0,1.009207278225877,0.835916049664815,0.0,1.0,0.0,0.0,0.0,13.0,1.6803500036596732
34.0,0.0,1.0,0.0,0.863576810195664,0.3768581547270514,1.0,1.0,0.0,0.0,0.0,14.0,3.6612523280966576
28.0,0.0,1.0,2.0,0.7028263472606837,0.8255635245025955,1.0,1.0,0.0,0.0,0.0,16.0,3.5166009134029435
15.0,0.0,0.0,1.0,0.5088372457238929,0.9078847532954604,1.0,0.0,0.0,0.0,0.0,8.0,8.987530004156415
27.0,1.0,0.0,2.0,0.9779694744264856,0.6387998011846077,0.0,0.0,0.0,0.0,0.0,17.0,8.469904966649283
30.0,0.0,0.0,0.0,0.5234169982961977,0.7633518435341167,1.0,0.0,0.0,0.0,0.0,11.0,11.423615877128594
23.0,0.0,0.0,1.0,0.4806080179249667,0.7087239962145404,1.0,0.0,0.0,0.0,0.0,9.0,1.6695877793041727
21.0,0.0,0.0,2.0,0.6691836933279044,0.6434027814582215,1.0,0.0,0.0,0.0,0.0,11.0,11.832930415121732
23.0,0.0,0.0,0.0,0.662588441131649,0.8636130634438124,1.0,0.0,0.0,0.0,0.0,16.0,7.220513093593167
13.0,0.0,0.0,1.0,0.42264755374359453,0.6895517683175156,1.0,0.0,0.0,0.0,0.0,11.0,0.2310461482115577
7.0,0.0,0.0,2.0,0.8316674117737478,0.47086716907792125,1.0,0.0,0.0,0.0,0.0,15.0,7.463949980433196
7.0,0.0,0.0,1.0,1.0045772580537426,0.8091301262211947,1.0,0.0,0.0,0.0,0.0,8.0,11.432261111985593
8.0,0.0,0.0,0.0,0.8531659438171042,0.7056902782627436,0.0,0.0,0.0,0.0,0.0,10.0,10.019699124956711
14.0,0.0,0.0,2.0,0.5458100197032536,0.9170278893972522,0.0,0.0,0.0,0.0,0.0,14.0,4.866412672376499
34.0,0.0,0.0,2.0,0.5861178515322913,0.48623136563151115,1.0,0.0,0.0,0.0,0.0,16.0,5.725742520178484
20.0,0.0,0.0,0.0,0.7038314159822499,0.537126524743545,0.0,0.0,0.0,0.0,0.0,13.0,4.008145483662718
6.0,0.0,1.0,0.0,0.9000157419522653,0.8481409384279458,0.0,1.0,0.0,0.0,0.0,16.0,9.150661995701082
11.0,1.0,0.0,2.0,0.5267665471738058,0.6222667941325961,0.0,0.0,0.0,0.0,0.0,14.0,0.34157325282169715
33.0,0.0,1.0,2.0,0.9376486251171365,0.8744325752545626,0.0,1.0,0.0,0.0,0.0,16.0,7.5949050333834744
11.0,0.0,0.0,1.0,0.9237076285880378,0.7779677085576422,1.0,0.0,0.0,0.0,0.0,16.0,10.1132864237856
23.0,0.0,0.0,0.0,0.7771230080029147,0.836398435543924,1.0,0.0,0.0,0.0,0.0,10.0,1.5124489320632468
23.0,0.0,0.0,1.0,0.4935293808884303,0.7253405478153745,1.0,0.0,0.0,0.0,0.0,9.0,7.188868434065165
7.0,1.0,0.0,0.0,0.6191290899354627,0.39936047892794885,1.0,0.0,0.0,0.0,0.0,13.0,10.294425945052227
10.0,0.0,0.0,0.0,1.0386430703330056,0.42959477211356334,1.0,0.0,0.0,0.0,0.0,12.0,10.494268133065841
10.0,0.0,0.0,0.0,0.9995350882662747,0.435456621906412,1.0,0.0,0.0,0.0,0.0,14.0,2.8132705308955086
21.0,1.0,0.0,2.0,0.9855061209396829,0.7181923984962502,1.0,0.0,0.0,0.0,0.0,15.0,3.3898857038676953
15.0,1.0,0.0,1.0,0.8039876600231987,0.9374855432440515,0.0,0.0,0.0,0.0,0.0,15.0,0.8561289874142592
13.0,0.0,0.0,2.0,0.8592112249908788,0.9402468881205768,0.0,0.0,0.0,0.0,0.0,9.0,10.386862026637534
7.0,0.0,0.0,1.0,0.5360312060897486,0.744100509076124,1.0,0.0,0.0,0.0,0.0,16.0,6.926189146683273
23.0,0.0,1.0,1.0,0.48954013517866474,0.4056087030706506,1.0,1.0,0.0,0.0,0.0,16.0,5.0303778916203665
17.0,0.0,0.0,0.0,0.6985429507703707,0.8331463397772628,1.0,0.0,0.0,0.0,0.0,16.0,1.7509508114867054
5.0,0.0,0.0,2.0,0.45273234129728923,0.6044198479905759,1.0,0.0,0.0,0.0,0.0,14.0,9.409963998534488
6.0,0.0,1.0,2.0,0.772309257673382,0.9267920364604716,1.0,1.0,0.0,0.0,0.0,16.0,4.573868318685358
32.0,0.0,0.0,2.0,0.5823297492214305,0.4055357666220835,0.0,0.0,0.0,0.0,0.0,10.0,11.699438559010218
22.0,0.0,0.0,0.0,0.7560963491333157,0.7793657165219104,0.0,0.0,0.0,0.0,0.0,8.0,4.333325111692796
2.0,1.0,0.0,2.0,0.6408728545850402,0.7773999799044045,1.0,0.0,0.0,0.0,0.0,12.0,0.5152025060359208
19.0,0.0,0.0,2.0,0.9312936547353894,0.3589492711812021,0.0,0.0,0.0,0.0,0.0,8.0,0.8603794108419911
34.0,0.0,0.0,1.0,0.5751453451744534,0.37043768629520846,0.0,0.0,0.0,0.0,0.0,12.0,9.936526626939342
11.0,0.0,0.0,2.0,0.5179886184141789,0.3891743066228674,1.0,0.0,0.0,0.0,0.0,14.0,2.056597564322209
11.0,0.0,1.0,2.0,0.9594987463471176,0.7708627910193895,1.0,1.0,0.0,0.0,0.0,9.0,8.813984809130819
18.0,0.0,0.0,2.0,0.7863832156292536,0.4536374611752326,1.0,0.0,0.0,0.0,0.0,10.0,2.8419729725706113
5.0,0.0,0.0,2.0,0.8218992734834495,0.5270549450028617,0.0,0.0,0.0,0.0,0.0,14.0,2.2937023305051993
8.0,0.0,0.0,2.0,0.7240309947628425,0.6354687095436335,0.0,0.0,0.0,0.0,0.0,11.0,2.392728244879353
12.0,0.0,0.0,0.0,0.44116499813223004,0.5741827994734754,0.0,0.0,0.0,0.0,0.0,14.0,11.518055141431665
30.0,0.0,0.0,1.0,0.7376401377199246,0.38469527841945367,1.0,0.0,0.0,0.0,0.0,15.0,2.219942291076035
23.0,1.0,0.0,1.0,0.5304255631521007,0.4550504011378914,1.0,0.0,0.0,0.0,0.0,13.0,10.407790294583556
23.0,0.0,0.0,2.0,0.6376012289151801,0.37223793798293614,0.0,0.0,0.0,0.0,0.0,8.0,6.183305957763317
15.0,0.0,0.0,2.0,1.073334453203309,0.8203001626137241,1.0,0.0,0.0,0.0,0.0,11.0,11.171730156158457
27.0,0.0,1.0,2.0,0.8640818154989389,0.5904226721371437,1.0,1.0,0.0,0.0,0.0,15.0,10.210255587782958
12.0,0.0,0.0,1.0,0.5228988050988861,0.8870409471780766,1.0,0.0,0.0,0.0,0.0,15.0,8.191890401431811
7.0,0.0,1.0,2.0,1.0579493809872496,0.6288139758258346,1.0,1.0,0.0,0.0,0.0,8.0,5.700941778103927
10.0,0.0,0.0,1.0,0.9300579535866036,0.35885626497066936,1.0,0.0,0.0,0.0,0.0,12.0,4.947929812396606
30.0,0.0,0.0,2.0,0.6096366462835848,0.3920167661027927,1.0,0.0,0.0,0.0,0.0,15.0,6.867795937532347
13.0,0.0,0.0,1.0,0.40788965130037086,0.4146696549188136,1.0,0.0,0.0,0.0,0.0,9.0,3.1840775277264375
34.0,0.0,0.0,2.0,0.7340779816232181,0.8772399048439491,0.0,0.0,0.0,0.0,0.0,11.0,6.904837814484648
13.0,1.0,0.0,2.0,0.7944787605768792,0.9041432265483795,1.0,0.0,0.0,0.0,0.0,11.0,9.4319497787624
22.0,0.0,1.0,1.0,0.815679121402425,0.7831796079820088,1.0,1.0,0.0,0.0,0.0,16.0,4.727059207713221
29.0,0.0,1.0,1.0,0.8468083007065972,0.5595167656066062,0.0,1.0,0.0,0.0,0.0,15.0,0.875909444235255
31.0,0.0,0.0,1.0,0.922003270126525,0.7457984176533664,0.0,0.0,0.0,0.0,0.0,11.0,6.647231046732695
33.0,0.0,0.0,0.0,1.0270228654243432,0.4954176149348987,1.0,0.0,0.0,0.0,0.0,15.0,0.7370910079414423
9.0,0.0,0.0,0.0,0.8230491914459923,0.7092047328696125,0.0,0.0,0.0,0.0,0.0,14.0,3.320130325698887
2.0,0.0,0.0,0.0,0.8320611867298467,0.8916332868613008,1.0,0.0,0.0,0.0,0.0,17.0,4.472890366227334
31.0,0.0,0.0,2.0,0.801032040484021,0.401932390131252,0.0,0.0,0.0,0.0,0.0,12.0,10.608418271938623
34.0,0.0,0.0,2.0,0.9880797914962102,0.7733990648610239,1.0,0.0,0.0,0.0,0.0,17.0,5.252498829479659
26.0,0.0,1.0,2.0,0.40129388704860314,0.6746287746062306,0.0,1.0,0.0,0.0,0.0,17.0,0.594876101059043
9.0,0.0,0.0,1.0,0.8061195263071433,0.896643686431586,0.0,0.0,0.0,0.0,0.0,10.0,8.314733256642203
31.0,0.0,0.0,0.0,0.8919886992071347,0.6277812404976562,0.0,0.0,0.0,0.0,0.0,12.0,9.359666292834355
5.0,0.0,0.0,2.0,0.6049637252767972,0.6447366376307243,1.0,0.0,0.0,0.0,0.0,12.0,5.606286557260443
25.0,1.0,0.0,2.0,0.8527212346501843,0.5172603179038987,1.0,0.0,0.0,0.0,0.0,14.0,2.451973614095048
7.0,0.0,0.0,0.0,1.0010099404873232,0.6355248049778197,1.0,0.0,0.0,0.0,0.0,14.0,6.319545161117189
25.0,0.0,0.0,1.0,0.8015667025688124,0.8645153767311633,1.0,0.0,0.0,0.0,0.0,16.0,11.214140749173382
15.0,0.0,0.0,0.0,0.7829910092522014,0.35322943979695326,0.0,0.0,0.0,0.0,0.0,12.0,10.459052613538118
6.0,0.0,0.0,0.0,0.6979000260141932,0.7086865331589656,1.0,0.0,0.0,0.0,0.0,12.0,1.4788521999002542
20.0,0.0,0.0,2.0,0.8681741856832451,0.5299693991342539,0.0,0.0,0.0,0.0,0.0,13.0,4.8964005399484005
10.0,0.0,0.0,1.0,0.8590320032969558,0.6206325799499456,0.0,0.0,0.0,0.0,0.0,12.0,1.2119328527961872
22.0,0.0,0.0,0.0,0.9617041011683349,0.8649501137941406,0.0,0.0,0.0,0.0,0.0,8.0,5.292209072703317
32.0,0.0,1.0,1.0,0.7333672852659653,0.8403430856659346,0.0,1.0,0.0,0.0,0.0,16.0,11.670488151681932
11.0,0.0,0.0,0.0,0.9163343412125132,0.9067738399423034,0.0,0.0,0.0,0.0,0.0,8.0,4.5303314580321725
20.0,0.0,0.0,0.0,0.9014021842143508,0.42722380917393676,1.0,0.0,0.0,0.0,0.0,17.0,4.38370130628452
26.0,0.0,1.0,0.0,0.7596343453297763,0.57264627346914,1.0,1.0,0.0,0.0,0.0,9.0,0.880213029548091
10.0,0.0,0.0,0.0,1.0136320818827218,0.6241542507498825,0.0,0.0,0.0,0.0,0.0,8.0,4.983195639903387
3.0,0.0,0.0,0.0,0.5402647101500031,0.4805535090054077,1.0,0.0,0.0,0.0,0.0,11.0,2.428350949402733
11.0,0.0,0.0,0.0,0.9828138798079262,0.37849363171423145,1.0,0.0,0.0,0.0,0.0,8.0,3.4871842219533233
31.0,1.0,0.0,2.0,1.009035462731424,0.808263923865648,1.0,0.0,0.0,0.0,0.0,9.0,0.7064589945015357
2.0,0.0,0.0,2.0,0.7103343543562015,0.7385362887635203,0.0,0.0,0.0,0.0,0.0,17.0,2.7585620089179113
17.0,1.0,0.0,2.0,0.8929336315189187,0.6402608551050822,0.0,0.0,0.0,0.0,0.0,12.0,7.080402219070613
22.0,0.0,0.0,0.0,0.9255323187348194,0.41354909553006863,1.0,0.0,0.0,0.0,0.0,9.0,7.97512149118066
13.0,0.0,0.0,2.0,0.5057160874231287,0.3701498233517967,1.0,0.0,0.0,0.0,0.0,17.0,11.569838010248782
6.0,1.0,0.0,0.0,0.9243771880144975,0.3758959386222609,1.0,0.0,0.0,0.0,0.0,15.0,10.280279752570218
30.0,0.0,0.0,1.0,0.9265548210511736,0.5986550806263242,1.0,0.0,0.0,0.0,0.0,17.0,1.6978669383414016
4.0,0.0,0.0,1.0,0.8867008536727709,0.5639243229454431,1.0,0.0,0.0,0.0,0.0,17.0,6.469153504197565
34.0,0.0,1.0,1.0,0.644939483548444,0.8599308663264289,0.0,1.0,0.0,0.0,0.0,16.0,7.4942845917147105
8.0,1.0,0.0,2.0,1.0395818002852808,0.6368355414138122,1.0,0.0,0.0,0.0,0.0,8.0,7.769196186450285
32.0,0.0,0.0,0.0,0.9333576619606672,0.42296927945707774,0.0,0.0,0.0,0.0,0.0,12.0,5.303169973915021
10.0,1.0,0.0,1.0,1.0524831100473744,0.7988992230098177,1.0,0.0,0.0,0.0,0.0,9.0,5.502165671563837
30.0,0.0,0.0,1.0,0.540615651873711,0.39580771730504305,1.0,0.0,0.0,0.0,0.0,13.0,0.30634412744260764
29.0,0.0,0.0,2.0,0.44979057785593046,0.5405595622146396,1.0,0.0,0.0,0.0,0.0,15.0,11.513606048528677
13.0,0.0,1.0,1.0,0.8513774280042764,0.37462548656317823,1.0,1.0,0.0,0.0,0.0,16.0,1.5979429974633614
31.0,0.0,0.0,1.0,0.7997812990900841,0.3588746921629877,0.0,0.0,0.0,0.0,0.0,16.0,6.81262203826828
20.0,1.0,0.0,1.0,0.7924196762967598,0.5157937043342724,1.0,0.0,0.0,0.0,0.0,12.0,0.9584484613168519
18.0,0.0,0.0,1.0,0.9525897780855586,0.5265576633240611,1.0,0.0,0.0,0.0,0.0,11.0,6.98878471100232
2.0,0.0,0.0,0.0,0.44647625435256144,0.9135827489222728,0.0,0.0,0.0,0.0,0.0,15.0,8.001181365430014
6.0,0.0,1.0,0.0,1.0220390111477695,0.7934799883298367,1.0,1.0,0.0,0.0,0.0,12.0,9.55984034652139
6.0,0.0,0.0,2.0,0.7910492908642424,0.9198231194403234,1.0,0.0,0.0,0.0,0.0,10.0,6.103256034082342
10.0,0.0,0.0,0.0,0.8326463685534774,0.35900786280468605,0.0,0.0,0.0,0.0,0.0,14.0,1.1181161807685351
26.0,0.0,0.0,1.0,0.7214978822362634,0.738774583656271,0.0,0.0,0.0,0.0,0.0,9.0,3.563533078247983
13.0,0.0,1.0,1.0,1.0363479760584446,0.907931093262374,0.0,1.0,0.0,0.0,0.0,10.0,4.600595191475759
30.0,1.0,0.0,1.0,1.0680760851237414,0.9440846110338181,0.0,0.0,0.0,0.0,0.0,9.0,0.5827604715762977
33.0,0.0,0.0,0.0,0.45074513069275185,0.609366607008313,1.0,0.0,0.0,0.0,0.0,16.0,10.546919173588325
13.0,1.0,0.0,0.0,0.5555938926675785,0.4435356385992651,1.0,0.0,0.0,0.0,0.0,11.0,3.2043828103319685
32.0,0.0,0.0,0.0,0.9496645978582832,0.6732361192986419,1.0,0.0,0.0,0.0,0.0,17.0,11.88475605952552
24.0,0.0,0.0,1.0,0.4381438441459704,0.552127431824503,0.0,0.0,0.0,0.0,0.0,8.0,4.491494193947422
17.0,1.0,0.0,1.0,0.6750226477614217,0.8646141755107364,1.0,0.0,0.0,0.0,0.0,9.0,0.46959605590667525
15.0,1.0,0.0,2.0,1.0547501806650268,0.7434647219568952,1.0,0.0,0.0,0.0,0.0,13.0,9.272006189657898
7.0,0.0,1.0,2.0,0.929576416528001,0.7317186164660638,1.0,1.0,0.0,0.0,0.0,12.0,8.265442262475885
5.0,0.0,0.0,1.0,0.4848557228924251,0.5541243447797521,0.0,0.0,0.0,0.0,0.0,12.0,3.3916484104885507
23.0,0.0,0.0,1.0,0.9928454506174103,0.8804692703572997,1.0,0.0,0.0,0.0,0.0,16.0,11.514818976981338
5.0,0.0,0.0,1.0,1.0644048320308366,0.5923182496515831,0.0,0.0,0.0,0.0,0.0,9.0,7.031223653174519
20.0,0.0,0.0,0.0,0.5625705002119891,0.6521430671386625,1.0,0.0,0.0,0.0,0.0,11.0,10.91401490763445
5.0,1.0,0.0,1.0,0.4203263474053083,0.5586095178440227,0.0,0.0,0.0,0.0,0.0,8.0,1.5747303954056084
6.0,0.0,0.0,2.0,0.67430797115019,0.8703157535220298,0.0,0.0,0.0,0.0,0.0,15.0,6.097136876069477
20.0,1.0,0.0,0.0,1.0140958740686083,0.6906716514315278,1.0,0.0,0.0,0.0,0.0,9.0,6.8263318881411905
33.0,0.0,0.0,2.0,0.8950894662815578,0.839503738695799,0.0,0.0,0.0,0.0,0.0,11.0,3.396665107306863
14.0,0.0,1.0,0.0,0.8060054748973938,0.6345735799663005,1.0,1.0,0.0,0.0,0.0,10.0,4.714813682058569
14.0,0.0,0.0,1.0,0.6732288416795555,0.9091454195256977,1.0,0.0,0.0,0.0,0.0,13.0,10.54445771442884
31.0,0.0,0.0,0.0,0.6890248760586835,0.3660460322257948,1.0,0.0,0.0,0.0,0.0,12.0,7.652145491686183
19.0,0.0,0.0,1.0,0.7858081669743961,0.4557307566594684,1.0,0.0,0.0,0.0,0.0,10.0,4.726739533122039
13.0,0.0,0.0,2.0,0.5068430894515378,0.5095109721278916,0.0,0.0,0.0,0.0,0.0,13.0,10.123964099437107
5.0,1.0,0.0,0.0,0.925308865277249,0.41186702159563016,1.0,0.0,0.0,0.0,0.0,12.0,10.773203578700091
29.0,0.0,1.0,1.0,1.0750886610729171,0.8638323797932633,0.0,1.0,0.0,0.0,0.0,12.0,5.132860773081237
2.0,0.0,0.0,0.0,0.6794015892727071,0.8516168799209053,1.0,0.0,0.0,0.0,0.0,8.0,7.481160472570014
33.0,1.0,0.0,1.0,0.551050952416298,0.4069122491804876,1.0,0.0,0.0,0.0,0.0,16.0,1.8580351567051603
22.0,0.0,0.0,1.0,0.5794842956581885,0.3720106459838564,0.0,0.0,0.0,0.0,0.0,11.0,4.433358750909324
29.0,1.0,0.0,0.0,0.6944088836112717,0.40804291112638613,1.0,0.0,0.0,0.0,0.0,9.0,7.4559322608126095
21.0,0.0,0.0,2.0,0.5872379764999861,0.7061325566189413,1.0,0.0,0.0,0.0,0.0,14.0,4.429003561809328
31.0,0.0,0.0,1.0,1.0790565910207626,0.874660165450207,1.0,0.0,0.0,0.0,0.0,10.0,8.641549766615315
3.0,0.0,0.0,2.0,0.4489155938038006,0.8932119423575176,1.0,0.0,0.0,0.0,0.0,14.0,8.65506314361879
6.0,0.0,0.0,1.0,0.46814641237665,0.6742402837857636,1.0,0.0,0.0,0.0,0.0,17.0,10.875750515817547
14.0,1.0,0.0,0.0,0.9640933823407085,0.45120568766062774,0.0,0.0,0.0,0.0,0.0,11.0,11.306665354799998
29.0,0.0,0.0,0.0,1.006419096713614,0.7224286050639256,1.0,0.0,0.0,0.0,0.0,14.0,4.813912770589418
25.0,0.0,0.0,2.0,1.0540598156667857,0.5671914599603944,0.0,0.0,0.0,0.0,0.0,15.0,4.245480975567439
10.0,0.0,0.0,0.0,0.9697539366755087,0.5517048230331781,1.0,0.0,0.0,0.0,0.0,16.0,10.378305347499223
12.0,1.0,0.0,2.0,1.0588451217122141,0.5040422520432863,1.0,0.0,0.0,0.0,0.0,12.0,11.9327680588285
32.0,0.0,0.0,0.0,0.7995483059969061,0.5294649370161748,1.0,0.0,0.0,0.0,0.0,15.0,6.203935118470996
16.0,0.0,0.0,0.0,0.5623479711774627,0.7835604291611832,1.0,0.0,0.0,0.0,0.0,16.0,11.804999582979889
34.0,0.0,0.0,2.0,0.5658567388415104,0.4198850657426831,1.0,0.0,0.0,0.0,0.0,16.0,0.7403878162553952
33.0,0.0,0.0,1.0,1.0478420881557937,0.3583104715758771,1.0,0.0,0.0,0.0,0.0,10.0,9.459990647355161
29.0,0.0,0.0,2.0,0.458204817346055,0.4762894513760357,0.0,0.0,0.0,0.0,0.0,11.0,0.5704338241302863
29.0,0.0,0.0,0.0,0.7080667426708371,0.686426798379461,1.0,0.0,0.0,0.0,0.0,8.0,5.47520251196084
15.0,0.0,0.0,0.0,0.6059802495591055,0.4143011175553267,0.0,0.0,0.0,0.0,0.0,16.0,11.60979376214141
11.0,0.0,0.0,1.0,0.4831860721419626,0.8329492254145883,0.0,0.0,0.0,0.0,0.0,17.0,3.7027066354248617
16.0,0.0,1.0,1.0,0.5071966439684366,0.9126494058658666,1.0,1.0,0.0,0.0,0.0,14.0,10.835674515763131
2.0,1.0,0.0,2.0,0.41150332601119877,0.6260883502095558,1.0,0.0,0.0,0.0,0.0,8.0,7.764928282671777
14.0,0.0,1.0,1.0,0.6080076463433528,0.622372757192762,0.0,1.0,0.0,0.0,0.0,11.0,8.146528168401511
27.0,0.0,1.0,1.0,1.0242527711540845,0.6742576015770839,1.0,1.0,0.0,0.0,0.0,13.0,11.606407003777448
19.0,0.0,1.0,1.0,0.4319849031801906,0.7198360229655686,1.0,1.0,0.0,0.0,0.0,8.0,10.795175082093069
22.0,0.0,0.0,0.0,0.6499633505205397,0.6349492817353156,1.0,0.0,0.0,0.0,0.0,16.0,2.9367681479921455
31.0,0.0,0.0,1.0,0.8707528075105565,0.5054974595639113,1.0,0.0,0.0,0.0,0.0,10.0,6.30069948766649
21.0,0.0,0.0,1.0,1.0678054633343401,0.6204252913657645,1.0,0.0,0.0,0.0,0.0,16.0,0.37011450650574834
12.0,0.0,0.0,2.0,0.5701751176709496,0.46570085787843585,1.0,0.0,0.0,0.0,0.0,10.0,4.870331802777993
3.0,0.0,1.0,2.0,0.9551832748902365,0.7061714321218804,1.0,1.0,0.0,0.0,0.0,16.0,9.933740873543229
15.0,0.0,0.0,1.0,1.0835386415023525,0.37916925732382456,1.0,0.0,0.0,0.0,0.0,14.0,5.326676258562825
4.0,1.0,0.0,0.0,0.9518588044039705,0.42927935352483126,0.0,0.0,0.0,0.0,0.0,8.0,1.9161302791580963
26.0,0.0,0.0,2.0,0.8467979773339722,0.9114168749041008,1.0,0.0,0.0,0.0,0.0,12.0,4.741524048685964
24.0,0.0,1.0,2.0,0.9303240589723694,0.41004991733299667,1.0,1.0,0.0,0.0,0.0,9.0,4.327851007367195
15.0,0.0,1.0,1.0,1.0255730752444938,0.4697604684949769,1.0,1.0,0.0,0.0,0.0,17.0,10.37377367648096
17.0,0.0,1.0,0.0,0.7691774810630293,0.5310865522318671,0.0,1.0,0.0,0.0,0.0,14.0,2.1770674505693184
25.0,0.0,1.0,1.0,0.6830069349659067,0.38731237508301414,1.0,1.0,0.0,0.0,0.0,8.0,3.2423810110324216
31.0,0.0,0.0,1.0,0.5566286946023759,0.3530358312786194,0.0,0.0,0.0,0.0,0.0,13.0,10.844921337319132
8.0,0.0,0.0,1.0,0.5214720220035063,0.8111233969240492,1.0,0.0,0.0,0.0,0.0,14.0,2.9466639111730335
34.0,0.0,1.0,2.0,1.0621830741019813,0.5908584116913987,0.0,1.0,0.0,0.0,0.0,12.0,6.310337400921804
12.0,0.0,1.0,2.0,1.0383784211228073,0.5313759270519769,1.0,1.0,0.0,0.0,0.0,15.0,7.334049991069936
22.0,1.0,0.0,0.0,1.061774955844101,0.6079222556475895,1.0,0.0,0.0,0.0,0.0,9.0,4.647291449435469
30.0,0.0,0.0,0.0,0.9986460060442397,0.7145723124900818,1.0,0.0,0.0,0.0,0.0,17.0,6.474095901158526
2.0,0.0,0.0,2.0,0.5956971747611165,0.7152258762326023,1.0,0.0,0.0,0.0,0.0,12.0,10.192838089833591
22.0,1.0,0.0,2.0,0.5945128431421393,0.8404599787715219,0.0,0.0,0.0,0.0,0.0,10.0,8.65192577734679
13.0,0.0,0.0,2.0,0.40532915838037964,0.8197615009459097,0.0,0.0,0.0,0.0,0.0,13.0,5.2439885989025585
3.0,0.0,0.0,0.0,0.8208643382797121,0.45809426459838276,1.0,0.0,0.0,0.0,0.0,8.0,2.0241338552738353
24.0,0.0,1.0,2.0,0.7317282342822852,0.48850710179459184,1.0,1.0,0.0,0.0,0.0,16.0,1.6093241948226882
32.0,0.0,0.0,0.0,1.025886900870141,0.429696714070844,1.0,0.0,0.0,0.0,0.0,16.0,9.83158626935008
17.0,0.0,0.0,2.0,0.7939551540050999,0.4531025419063231,0.0,0.0,0.0,0.0,0.0,13.0,4.419352652818114
3.0,1.0,0.0,0.0,0.43939473796001144,0.8793943876967178,1.0,0.0,0.0,0.0,0.0,9.0,3.438056752796398
31.0,1.0,0.0,2.0,1.0476820785195415,0.7202236801692823,1.0,0.0,0.0,0.0,0.0,15.0,3.579578451652307
27.0,1.0,0.0,1.0,0.5059474400176048,0.6304033270867101,1.0,0.0,0.0,0.0,0.0,14.0,10.990259845315393
21.0,0.0,0.0,0.0,1.063302001561735,0.7793129864852791,0.0,0.0,0.0,0.0,0.0,11.0,11.821723911814509
26.0,0.0,0.0,2.0,0.9232737376936491,0.4981101745871634,1.0,0.0,0.0,0.0,0.0,11.0,0.663851779195385
28.0,0.0,0.0,2.0,0.43663310869829286,0.42539740712709695,0.0,0.0,0.0,0.0,0.0,10.0,5.653072997631056
29.0,0.0,0.0,2.0,0.9228192231690804,0.5739023679005971,0.0,0.0,0.0,0.0,0.0,17.0,3.442317176435774
10.0,0.0,0.0,0.0,0.9892524513831346,0.711154071255798,0.0,0.0,0.0,0.0,0.0,12.0,10.017482694349143
2.0,0.0,0.0,1.0,0.9141199059991477,0.5985035420177791,1.0,0.0,0.0,0.0,0.0,8.0,1.9386410676604813
27.0,0.0,0.0,1.0,0.8934265401331531,0.4194963975997268,1.0,0.0,0.0,0.0,0.0,12.0,1.7616667959658132
7.0,0.0,1.0,0.0,1.0453928183619925,0.7092457060636582,1.0,1.0,0.0,0.0,0.0,12.0,7.029275777094538
18.0,0.0,0.0,2.0,0.49319144342618204,0.7781307775474248,0.0,0.0,0.0,0.0,0.0,15.0,9.37330637485741
11.0,0.0,0.0,1.0,0.4694095290351451,0.6821402475101361,1.0,0.0,0.0,0.0,0.0,8.0,6.710713664078384
18.0,0.0,0.0,2.0,1.079479039483075,0.9320862216073881,1.0,0.0,0.0,0.0,0.0,16.0,0.3283177209142521
32.0,0.0,0.0,0.0,1.07447351822186,0.4024520818129821,1.0,0.0,0.0,0.0,0.0,16.0,10.883019546248795
23.0,0.0,0.0,0.0,0.8448547627063006,0.48745554490008325,1.0,0.0,0.0,0.0,0.0,14.0,4.072513154079304
12.0,1.0,0.0,2.0,0.7285504042195915,0.8861500831108217,1.0,0.0,0.0,0.0,0.0,9.0,7.0042549960433895
23.0,1.0,0.0,0.0,0.644731962429923,0.7566259375181706,1.0,0.0,0.0,0.0,0.0,12.0,5.78726511422111
13.0,0.0,0.0,0.0,0.7284609316945688,0.43201200385981314,0.0,0.0,0.0,0.0,0.0,17.0,6.795746268010354
7.0,0.0,0.0,2.0,0.7502888069874967,0.5766254911967093,0.0,0.0,0.0,0.0,0.0,9.0,8.836271500004429
29.0,0.0,0.0,1.0,0.9779410654141804,0.634594711488493,1.0,0.0,0.0,0.0,0.0,8.0,8.501520821121964
4.0,0.0,0.0,2.0,0.8100018278510233,0.7044015688884993,1.0,0.0,0.0,0.0,0.0,14.0,6.286170776490052
32.0,1.0,0.0,0.0,0.6424075747587967,0.839041140466237,1.0,0.0,0.0,0.0,0.0,9.0,1.530912789477767
29.0,0.0,0.0,2.0,0.45966625097121333,0.5257581119449535,1.0,0.0,0.0,0.0,0.0,11.0,7.688311881153184
5.0,0.0,0.0,1.0,0.8125568872705204,0.4482327773706474,1.0,0.0,0.0,0.0,0.0,14.0,5.080828419428867
20.0,0.0,0.0,0.0,0.6256140710473874,0.7705367572856917,1.0,0.0,0.0,0.0,0.0,14.0,10.664815348624273
11.0,0.0,0.0,0.0,1.0824328339067457,0.36584956669398927,1.0,0.0,0.0,0.0,0.0,9.0,7.98596545276014
6.0,0.0,1.0,0.0,0.8590147692479,0.6212937488481707,1.0,1.0,0.0,0.0,0.0,12.0,8.010035711027708
2.0,0.0,0.0,0.0,0.7199343607124368,0.46051911401955214,1.0,0.0,0.0,0.0,0.0,12.0,7.451237049004486
2.0,1.0,0.0,0.0,1.0171899970142433,0.7926711672121189,0.0,0.0,0.0,0.0,0.0,10.0,3.0259135014276213
17.0,0.0,0.0,0.0,0.9887649337688761,0.5196020262900536,1.0,0.0,0.0,0.0,0.0,8.0,3.58556868830828
15.0,0.0,1.0,0.0,0.9917931694580855,0.4987418576240931,0.0,1.0,0.0,0.0,0.0,17.0,8.02441065680437
7.0,1.0,0.0,1.0,0.733596919895528,0.5027415235760039,1.0,0.0,0.0,0.0,0.0,12.0,3.9393242478587047
13.0,0.0,0.0,0.0,0.6669192066006828,0.7429074675192524,1.0,0.0,0.0,0.0,0.0,10.0,9.770604478885936
25.0,0.0,0.0,2.0,0.852360092044603,0.4195721609222768,1.0,0.0,0.0,0.0,0.0,12.0,7.00299881291345
33.0,0.0,0.0,2.0,0.7270071388439521,0.5997120239913926,1.0,0.0,0.0,0.0,0.0,11.0,11.06853451101942
3.0,0.0,0.0,0.0,0.48362240938784296,0.48356802994002024,0.0,0.0,0.0,0.0,0.0,16.0,7.874439010249541
14.0,0.0,0.0,1.0,0.5065633516400657,0.4771551313999839,1.0,0.0,0.0,0.0,0.0,10.0,0.5851703423367868
28.0,0.0,1.0,2.0,0.5432028663833467,0.919312807064637,0.0,1.0,0.0,0.0,0.0,16.0,7.004467441463773
19.0,0.0,0.0,2.0,0.7294479716759898,0.6122659013101286,1.0,0.0,0.0,0.0,0.0,9.0,4.814575012225654
32.0,0.0,1.0,1.0,0.6212936935171011,0.8514020456539502,0.0,1.0,0.0,0.0,0.0,12.0,10.283789395771613
12.0,1.0,0.0,2.0,0.7894321889149827,0.6315308769783372,1.0,0.0,0.0,0.0,0.0,9.0,3.6207409889421394
12.0,0.0,0.0,2.0,1.050784190317265,0.50162495613278,0.0,0.0,0.0,0.0,0.0,14.0,9.756679000403908
26.0,0.0,0.0,1.0,0.7563418567307548,0.6266062928015614,1.0,0.0,0.0,0.0,0.0,11.0,6.214435613110688
7.0,0.0,0.0,0.0,0.9385389112477225,0.4683139369594282,0.0,0.0,0.0,0.0,0.0,15.0,10.226050471965994
14.0,0.0,0.0,2.0,0.5698127278314951,0.9251643140430803,1.0,0.0,0.0,0.0,0.0,17.0,6.307292320300021
21.0,0.0,0.0,2.0,0.4752731386023239,0.5842056598062764,1.0,0.0,0.0,0.0,0.0,15.0,1.3161467057525804
26.0,1.0,0.0,1.0,0.669314952484961,0.9313940010699185,0.0,0.0,0.0,0.0,0.0,16.0,3.78597428586733
28.0,0.0,0.0,1.0,0.7181700889884925,0.36287307264224467,0.0,0.0,0.0,0.0,0.0,14.0,7.381785386373427
22.0,0.0,1.0,1.0,0.657207869875257,0.516574871570116,0.0,1.0,0.0,0.0,0.0,11.0,6.995961742261089
11.0,0.0,0.0,0.0,0.6747387540005392,0.7576565162892632,1.0,0.0,0.0,0.0,0.0,17.0,7.494135984083292
12.0,0.0,0.0,0.0,0.9575802203513969,0.47212108057398033,0.0,0.0,0.0,0.0,0.0,13.0,5.896789577069753
31.0,0.0,0.0,1.0,0.5311489264562037,0.4034529314504185,1.0,0.0,0.0,0.0,0.0,11.0,11.940087042860931
21.0,0.0,1.0,0.0,0.7653810786175609,0.5914110482976979,1.0,1.0,0.0,0.0,0.0,17.0,9.389454325890068
26.0,0.0,0.0,1.0,0.8365158125853068,0.6701161716001511,0.0,0.0,0.0,0.0,0.0,16.0,7.502329947518447
5.0,0.0,0.0,0.0,0.674698473296826,0.7336710390379556,0.0,0.0,0.0,0.0,0.0,8.0,10.398871671786063
23.0,1.0,0.0,1.0,0.6266626404358091,0.6950536617664906,0.0,0.0,0.0,0.0,0.0,11.0,0.4812033413318711
11.0,0.0,0.0,2.0,0.7133929018187045,0.8046347003489723,0.0,0.0,0.0,0.0,0.0,17.0,7.635894446481148
16.0,0.0,0.0,2.0,0.4626915938757262,0.7654863800705239,1.0,0.0,0.0,0.0,0.0,14.0,9.841872425310651
3.0,0.0,0.0,0.0,0.6475479345030298,0.6894438498659274,0.0,0.0,0.0,0.0,0.0,11.0,5.840177696059857
27.0,0.0,1.0,1.0,0.49988785529863716,0.50010880852963,1.0,1.0,0.0,0.0,0.0,14.0,1.1293583496145638
13.0,0.0,0.0,0.0,0.7706701141006164,0.7781547320481783,1.0,0.0,0.0,0.0,0.0,11.0,10.45538827754931
16.0,0.0,1.0,0.0,0.692184235344403,0.44693877745808486,1.0,1.0,0.0,0.0,0.0,14.0,1.1905242712407391
16.0,0.0,0.0,0.0,0.7202594475594359,0.4813119234407515,0.0,0.0,0.0,0.0,0.0,9.0,9.47986534645381
34.0,1.0,0.0,0.0,0.47236509289305884,0.3964363942783741,1.0,0.0,0.0,0.0,0.0,12.0,7.021744269646612
23.0,0.0,1.0,1.0,0.8530454814372849,0.6817639672180302,1.0,1.0,0.0,0.0,0.0,11.0,6.383267145393112
21.0,1.0,0.0,0.0,0.8074802292793507,0.898518135444041,0.0,0.0,0.0,0.0,0.0,12.0,9.74270915064689
7.0,0.0,0.0,0.0,0.9667356518981266,0.39974422226659134,0.0,0.0,0.0,0.0,0.0,10.0,11.766954607087124
29.0,0.0,0.0,1.0,0.7704495216773342,0.8342751365282465,1.0,0.0,0.0,0.0,0.0,15.0,9.17986912656106
30.0,0.0,0.0,2.0,1.0859171366151499,0.4693150553097103,1.0,0.0,0.0,0.0,0.0,11.0,0.9965183394981393
11.0,1.0,0.0,2.0,0.9315890008032016,0.5006092404618961,0.0,0.0,0.0,0.0,0.0,14.0,11.811943097362185
11.0,0.0,0.0,0.0,1.051473545963392,0.6582646651939544,1.0,0.0,0.0,0.0,0.0,12.0,11.952426765316636
14.0,0.0,0.0,0.0,1.0621787241263407,0.6903770582773947,0.0,0.0,0.0,0.0,0.0,17.0,3.754754380518154
8.0,0.0,0.0,0.0,0.400981867069356,0.4395167106822427,1.0,0.0,0.0,0.0,0.0,9.0,0.8713955980423237
20.0,0.0,1.0,1.0,1.0510715886375508,0.9342444435379721,1.0,1.0,0.0,0.0,0.0,10.0,3.2999534103592567
21.0,0.0,0.0,1.0,0.8243883962190283,0.9499563625354888,0.0,0.0,0.0,0.0,0.0,17.0,8.31720911368012
33.0,0.0,0.0,0.0,0.8840713977856115,0.4879323610364402,1.0,0.0,0.0,0.0,0.0,12.0,7.798886022423551
31.0,0.0,0.0,1.0,0.7828872719746907,0.6933688397948978,1.0,0.0,0.0,0.0,0.0,14.0,8.087701791257423
23.0,0.0,0.0,2.0,1.0245355070209021,0.39704726457540584,0.0,0.0,0.0,0.0,0.0,12.0,3.949597367917377
18.0,0.0,0.0,1.0,0.9560733436997924,0.4649808508508813,0.0,0.0,0.0,0.0,0.0,12.0,3.840963800905975
12.0,0.0,0.0,2.0,0.9890740875326064,0.852962077863329,0.0,0.0,0.0,0.0,0.0,13.0,6.485844083676434
31.0,0.0,0.0,0.0,1.0057282471941325,0.43304330875162644,1.0,0.0,0.0,0.0,0.0,15.0,10.857897133510365
19.0,0.0,1.0,1.0,0.9670221651858022,0.4107947441485105,0.0,1.0,0.0,0.0,0.0,12.0,1.3164545233013323
33.0,0.0,0.0,1.0,0.758101553138004,0.37410659772092353,1.0,0.0,0.0,0.0,0.0,9.0,1.9211582089589894
13.0,0.0,0.0,1.0,0.519173288810651,0.45384821103323003,1.0,0.0,0.0,0.0,0.0,10.0,3.710771213674754
23.0,1.0,0.0,1.0,0.5183766749327979,0.7338612613100787,0.0,0.0,0.0,0.0,0.0,16.0,4.958776357639421
27.0,0.0,0.0,2.0,1.0562850724355632,0.8905367135580755,0.0,0.0,0.0,0.0,0.0,14.0,5.645259494300092
13.0,0.0,0.0,2.0,0.513201865903472,0.41207406613018194,1.0,0.0,0.0,0.0,0.0,14.0,9.742278193380844
12.0,0.0,0.0,0.0,0.7862695403796678,0.8766250972703195,1.0,0.0,0.0,0.0,0.0,9.0,3.2462161274124206
5.0,0.0,0.0,1.0,1.0447796828746614,0.845950043493727,0.0,0.0,0.0,0.0,0.0,8.0,5.895577196863546
8.0,0.0,0.0,2.0,0.8371937939912157,0.5376125171670453,0.0,0.0,0.0,0.0,0.0,13.0,11.034245951340273
30.0,0.0,0.0,1.0,0.9544373852237346,0.8714485235335003,1.0,0.0,0.0,0.0,0.0,14.0,11.020490448203178
29.0,1.0,0.0,1.0,1.0672032415775508,0.7397804982865361,0.0,0.0,0.0,0.0,0.0,15.0,2.4715077658439313
4.0,0.0,0.0,0.0,1.0880390777343143,0.7744126010398944,0.0,0.0,0.0,0.0,0.0,10.0,1.8220059667566724
13.0,0.0,0.0,0.0,0.7544543602935473,0.6066207627483017,1.0,0.0,0.0,0.0,0.0,14.0,5.54299815489059
23.0,0.0,0.0,0.0,0.9451178397910956,0.5527307560546425,0.0,0.0,0.0,0.0,0.0,15.0,1.0693446767867176
6.0,1.0,0.0,0.0,0.6687817295599665,0.5542841546164526,0.0,0.0,0.0,0.0,0.0,8.0,8.99914652027008
30.0,0.0,0.0,2.0,1.0744696043410416,0.7342444925056113,0.0,0.0,0.0,0.0,0.0,9.0,10.934487678153127
24.0,0.0,0.0,0.0,0.44692971339515764,0.365044627397794,0.0,0.0,0.0,0.0,0.0,8.0,7.024391180730647
32.0,0.0,0.0,1.0,0.46702193399884845,0.7636434765968474,0.0,0.0,0.0,0.0,0.0,16.0,5.472874503498398
34.0,0.0,1.0,2.0,0.7533323686937192,0.7400150041003085,0.0,1.0,0.0,0.0,0.0,13.0,9.032687254277672
20.0,0.0,0.0,2.0,0.5411550408408793,0.623686028233839,1.0,0.0,0.0,0.0,0.0,12.0,9.62383427221059
24.0,0.0,0.0,2.0,0.9138927829514509,0.41243662204078163,1.0,0.0,0.0,0.0,0.0,16.0,5.4175971335834685
14.0,1.0,0.0,0.0,0.758158678551057,0.9172769501930054,0.0,0.0,0.0,0.0,0.0,9.0,8.21024086708938
18.0,0.0,0.0,0.0,0.7500791265429176,0.87970843578435,1.0,0.0,0.0,0.0,0.0,11.0,11.26036474463686
11.0,0.0,1.0,2.0,0.7972634168790464,0.8402733456263763,0.0,1.0,0.0,0.0,0.0,14.0,11.026459082188106
24.0,0.0,0.0,1.0,0.858056336538669,0.6430328958178355,1.0,0.0,0.0,0.0,0.0,12.0,6.6563068981579745
20.0,1.0,0.0,1.0,0.7392708547783122,0.6277664423788646,0.0,0.0,0.0,0.0,0.0,9.0,11.07125163368874
33.0,1.0,0.0,0.0,0.8256220433423366,0.4752446918120587,0.0,0.0,0.0,0.0,0.0,16.0,11.436191840021209
10.0,0.0,0.0,2.0,0.8262651490557,0.37425063483417725,1.0,0.0,0.0,0.0,0.0,9.0,3.99847635852602
30.0,0.0,1.0,1.0,0.6202739354915809,0.8861131729437969,1.0,1.0,0.0,0.0,0.0,16.0,4.663563325621762
31.0,0.0,0.0,1.0,1.0749139230877247,0.5360090419781882,0.0,0.0,0.0,0.0,0.0,8.0,2.391040693550747
14.0,0.0,0.0,0.0,0.7368182124518885,0.5990168555777754,1.0,0.0,0.0,0.0,0.0,13.0,11.367800749197858
17.0,0.0,0.0,0.0,0.9325464168968376,0.9190340530206081,0.0,0.0,0.0,0.0,0.0,13.0,3.414323798806598
34.0,0.0,0.0,1.0,0.8332766693829199,0.6259498674349461,1.0,0.0,0.0,0.0,0.0,9.0,1.629259265734284
8.0,0.0,0.0,1.0,1.0592288194447874,0.4082192929779911,1.0,0.0,0.0,0.0,0.0,15.0,8.252749214231788
22.0,0.0,0.0,0.0,0.9370081984593188,0.4560456563918252,0.0,0.0,0.0,0.0,0.0,16.0,4.464178289202721
29.0,0.0,1.0,1.0,0.40702211366531627,0.4661034249044386,0.0,1.0,0.0,0.0,0.0,8.0,10.256158882147634
19.0,0.0,0.0,0.0,0.7619330672843041,0.6023781051929569,1.0,0.0,0.0,0.0,0.0,11.0,8.570119014268327
20.0,0.0,1.0,0.0,0.8107121870691879,0.43246733992676406,1.0,1.0,0.0,0.0,0.0,14.0,5.939421820541428
14.0,0.0,1.0,0.0,0.9943140587318358,0.846549096834273,1.0,1.0,0.0,0.0,0.0,15.0,6.663217202513505
31.0,0.0,0.0,2.0,0.5867747406674955,0.36178127383346426,1.0,0.0,0.0,0.0,0.0,10.0,1.062763104708105
10.0,0.0,1.0,2.0,0.9157208755539568,0.4517383632455396,0.0,1.0,0.0,0.0,0.0,10.0,10.292440251557112
12.0,0.0,0.0,1.0,0.6404392987362124,0.8139920566696274,0.0,0.0,0.0,0.0,0.0,14.0,2.2038928180451878
12.0,1.0,0.0,2.0,0.4825241079546062,0.616970478955617,1.0,0.0,0.0,0.0,0.0,12.0,4.104260892167469
34.0,1.0,0.0,0.0,1.0275371586207844,0.5441719740118289,1.0,0.0,0.0,0.0,0.0,11.0,11.740557079628335
5.0,0.0,0.0,0.0,0.5391007303857595,0.6871681587541363,1.0,0.0,0.0,0.0,0.0,15.0,7.958510209364694
10.0,0.0,0.0,2.0,0.4111272378500761,0.45240982901230953,0.0,0.0,0.0,0.0,0.0,15.0,9.41274607986027
27.0,0.0,0.0,1.0,0.5615255108073528,0.5786381269199081,1.0,0.0,0.0,0.0,0.0,10.0,0.9796678471659852
31.0,0.0,0.0,1.0,0.446916599958662,0.5239674467946693,0.0,0.0,0.0,0.0,0.0,9.0,1.2915660417009094
29.0,1.0,0.0,0.0,0.8468297366150794,0.8583453404783741,1.0,0.0,0.0,0.0,0.0,16.0,6.366851299298348
20.0,0.0,0.0,2.0,1.0840097542193687,0.832524991591968,1.0,0.0,0.0,0.0,0.0,12.0,3.036120335568367
27.0,0.0,0.0,1.0,0.8243495447471628,0.8983721236541605,0.0,0.0,0.0,0.0,0.0,9.0,7.907246725572919
3.0,0.0,0.0,0.0,1.0074102854230202,0.9268586042485172,1.0,0.0,0.0,0.0,0.0,9.0,2.7557981019310263
12.0,0.0,0.0,0.0,0.7309666335030179,0.844705131882898,1.0,0.0,0.0,0.0,0.0,12.0,9.724941452469581
19.0,0.0,1.0,0.0,0.837085272957329,0.9047814949385796,0.0,1.0,0.0,0.0,0.0,15.0,10.653937154289627
15.0,0.0,0.0,2.0,0.8445598958410069,0.6278261706865803,0.0,0.0,0.0,0.0,0.0,17.0,10.446510319027265
2.0,0.0,0.0,0.0,0.6595758272557741,0.8466218374662365,0.0,0.0,0.0,0.0,0.0,15.0,9.968152991900734
18.0,1.0,0.0,2.0,0.8243883869690151,0.519219675930319,0.0,0.0,0.0,0.0,0.0,16.0,3.91387606566951
33.0,0.0,0.0,1.0,0.6806853485569757,0.7498821506147306,1.0,0.0,0.0,0.0,0.0,9.0,9.994073059240431
34.0,0.0,0.0,0.0,0.8460216398237197,0.5878839288412718,1.0,0.0,0.0,0.0,0.0,12.0,7.221030627075693
34.0,0.0,0.0,0.0,0.6084761739740656,0.8319578744968334,0.0,0.0,0.0,0.0,0.0,9.0,7.827457774852514
15.0,0.0,1.0,1.0,0.5420276560753746,0.604488842378073,0.0,1.0,0.0,0.0,0.0,11.0,8.98098068372577
30.0,0.0,0.0,1.0,0.5137089868868884,0.8700290529679466,0.0,0.0,0.0,0.0,0.0,8.0,9.876972162173635
5.0,0.0,1.0,2.0,0.7572272548620457,0.755268025361613,0.0,1.0,0.0,0.0,0.0,12.0,5.680724004499079
17.0,0.0,0.0,0.0,0.4921598022641844,0.6261681792263749,1.0,0.0,0.0,0.0,0.0,17.0,5.201814949131237
2.0,0.0,0.0,2.0,0.8800162375252203,0.5870911217661516,0.0,0.0,0.0,0.0,0.0,16.0,3.104231706918021
22.0,0.0,0.0,1.0,0.7772379505518431,0.917514078656528,1.0,0.0,0.0,0.0,0.0,12.0,3.1301189552701283
19.0,0.0,0.0,1.0,0.704602025999954,0.7097921799903388,1.0,0.0,0.0,0.0,0.0,13.0,11.564563676358237
3.0,0.0,0.0,1.0,0.6187648880729145,0.5916019793026339,1.0,0.0,0.0,0.0,0.0,8.0,6.529231235721718
15.0,0.0,0.0,0.0,0.6466912660810115,0.4096941435941522,0.0,0.0,0.0,0.0,0.0,16.0,0.2367717740888997
14.0,1.0,0.0,1.0,0.9806485349865346,0.8453210188235888,0.0,0.0,0.0,0.0,0.0,15.0,5.4224485094479435
29.0,0.0,0.0,0.0,0.9687921937219344,0.440967150283035,1.0,0.0,0.0,0.0,0.0,11.0,4.533364017004236
19.0,0.0,0.0,1.0,1.0801035494909035,0.44905863384424966,0.0,0.0,0.0,0.0,0.0,11.0,6.752322302904269
14.0,0.0,1.0,2.0,0.938163832022024,0.7644422381778097,0.0,1.0,0.0,0.0,0.0,17.0,9.553752250939057
8.0,1.0,0.0,1.0,1.029886389125451,0.6467741726957749,0.0,0.0,0.0,0.0,0.0,11.0,6.521106918036008
21.0,0.0,0.0,2.0,0.49141841518189555,0.7645106577197104,1.0,0.0,0.0,0.0,0.0,8.0,2.747560475665878
20.0,0.0,0.0,2.0,0.8583204308014504,0.818081018003427,1.0,0.0,0.0,0.0,0.0,8.0,8.267937663773093
5.0,0.0,0.0,2.0,0.7384066521939656,0.7661757146658218,0.0,0.0,0.0,0.0,0.0,14.0,11.670468840007603
27.0,0.0,1.0,2.0,1.0658618199328973,0.6574186986370522,1.0,1.0,0.0,0.0,0.0,17.0,5.101693571425621
19.0,0.0,0.0,2.0,0.7289478185051568,0.3582842102924263,0.0,0.0,0.0,0.0,0.0,9.0,0.6647555927074885
16.0,0.0,0.0,1.0,0.9651267087952653,0.4890208503164779,1.0,0.0,0.0,0.0,0.0,10.0,10.154231027807874
20.0,0.0,0.0,0.0,1.0275020747798262,0.7572127212991528,1.0,0.0,0.0,0.0,0.0,12.0,10.95700547741072
27.0,1.0,0.0,0.0,0.43988608305205085,0.814270011013041,1.0,0.0,0.0,0.0,0.0,17.0,7.489853852443387
30.0,0.0,0.0,2.0,0.8909252133702791,0.9048694460599497,0.0,0.0,0.0,0.0,0.0,16.0,8.55541256067216
33.0,0.0,1.0,1.0,0.6264363806638379,0.7566970185548146,1.0,1.0,0.0,0.0,0.0,8.0,7.454759507122314
20.0,0.0,0.0,2.0,0.6815336597216435,0.7932612064865198,0.0,0.0,0.0,0.0,0.0,14.0,9.790158506328993
26.0,1.0,0.0,0.0,1.0215248243396136,0.5501724905474096,0.0,0.0,0.0,0.0,0.0,12.0,7.326085378285826
34.0,0.0,1.0,0.0,0.9408555569418474,0.6783559876040735,0.0,1.0,0.0,0.0,0.0,15.0,7.826835623825023
20.0,0.0,0.0,0.0,0.525674122664647,0.3886270526695028,1.0,0.0,0.0,0.0,0.0,15.0,5.886279015376293
28.0,0.0,0.0,0.0,0.6779585663415224,0.471284323188861,0.0,0.0,0.0,0.0,0.0,16.0,1.5184684284436247
15.0,0.0,1.0,1.0,0.8132995870282592,0.8279761251511168,1.0,1.0,0.0,0.0,0.0,17.0,3.1176349094073226
10.0,0.0,0.0,2.0,0.5605661209106054,0.512526312022766,0.0,0.0,0.0,0.0,0.0,12.0,11.036554495630709
19.0,1.0,0.0,2.0,0.8712091830993357,0.46858083557628716,0.0,0.0,0.0,0.0,0.0,8.0,1.9526058829905502
26.0,0.0,0.0,2.0,0.9709329739401544,0.675778899275322,1.0,0.0,0.0,0.0,0.0,9.0,7.795167110322335
14.0,0.0,0.0,2.0,1.025598743153202,0.8946209061827932,1.0,0.0,0.0,0.0,0.0,15.0,1.3147430929603725
33.0,0.0,0.0,2.0,0.7606865290669467,0.5784871529594641,1.0,0.0,0.0,0.0,0.0,12.0,10.43407191311826
19.0,0.0,0.0,1.0,0.4782296863577413,0.41859280117684117,0.0,0.0,0.0,0.0,0.0,15.0,2.978198352749301
17.0,0.0,1.0,0.0,1.0475083120056836,0.5825030822239722,0.0,1.0,0.0,0.0,0.0,13.0,4.874066773323141
33.0,0.0,0.0,0.0,1.027934111270495,0.8772266664160175,0.0,0.0,0.0,0.0,0.0,16.0,3.2214259454960947
21.0,1.0,0.0,2.0,0.5682853463484268,0.7943028259037136,0.0,0.0,0.0,0.0,0.0,13.0,3.736217523418158
20.0,1.0,0.0,1.0,0.5948941627313469,0.6783741026259197,1.0,0.0,0.0,0.0,0.0,8.0,11.455043111937044
6.0,0.0,0.0,2.0,0.9864934297288138,0.5932979593849077,0.0,0.0,0.0,0.0,0.0,15.0,11.910484602999158
13.0,0.0,0.0,2.0,0.7546160374705224,0.7899391369207893,1.0,0.0,0.0,0.0,0.0,10.0,6.076210426807189
23.0,0.0,0.0,0.0,0.8506492317724607,0.8999857322637049,1.0,0.0,0.0,0.0,0.0,16.0,11.736758603161029
7.0,0.0,0.0,2.0,0.7332578755371972,0.365576705320515,0.0,0.0,0.0,0.0,0.0,14.0,5.582271197321499
8.0,1.0,0.0,0.0,0.47148163978631713,0.49168691759707633,0.0,0.0,0.0,0.0,0.0,16.0,7.7402095142960246
17.0,0.0,1.0,0.0,0.7892281605467707,0.401099667183914,0.0,1.0,0.0,0.0,0.0,17.0,9.540273928993724
3.0,1.0,0.0,2.0,1.0189796019575124,0.7017352757309654,1.0,0.0,0.0,0.0,0.0,12.0,8.370963370289957
5.0,0.0,0.0,0.0,0.5359683642213952,0.6626935552590193,0.0,0.0,0.0,0.0,0.0,9.0,8.746914108591932
16.0,0.0,0.0,1.0,0.9411975059487849,0.7377638108899648,0.0,0.0,0.0,0.0,0.0,8.0,4.6584844867778
4.0,0.0,0.0,2.0,0.48991740928034344,0.9473354295709926,0.0,0.0,0.0,0.0,0.0,10.0,0.7237866926383761
31.0,0.0,0.0,2.0,0.4752643067980515,0.6518523368408968,1.0,0.0,0.0,0.0,0.0,9.0,2.6779649509163646
5.0,0.0,1.0,0.0,0.6854284945461915,0.49512971471516454,1.0,1.0,0.0,0.0,0.0,14.0,8.352256993373128
25.0,0.0,0.0,2.0,0.5687117737563872,0.710339869895005,1.0,0.0,0.0,0.0,0.0,15.0,4.306268600606443
13.0,0.0,0.0,2.0,0.5690315789105872,0.4560142533234687,1.0,0.0,0.0,0.0,0.0,16.0,9.91401007685135
30.0,0.0,0.0,0.0,0.7291744239102314,0.4644010832831167,1.0,0.0,0.0,0.0,0.0,10.0,11.753083989519803
33.0,0.0,0.0,1.0,0.5308365963624275,0.5558949735197749,1.0,0.0,0.0,0.0,0.0,9.0,1.8068514530660313
30.0,1.0,0.0,2.0,0.45324390110869106,0.6213952773746627,0.0,0.0,0.0,0.0,0.0,11.0,4.800599190473819
10.0,0.0,1.0,0.0,0.7841247834469592,0.6440601512912839,0.0,1.0,0.0,0.0,0.0,16.0,11.773169785764408
11.0,0.0,0.0,0.0,0.9646110492097176,0.543694817444387,1.0,0.0,0.0,0.0,0.0,15.0,11.61857316787832
15.0,0.0,0.0,0.0,0.6909217742149154,0.879682679668082,0.0,0.0,0.0,0.0,0.0,12.0,2.326154834101372
10.0,1.0,0.0,1.0,0.5163806289272732,0.9497340029914301,0.0,0.0,0.0,0.0,0.0,8.0,1.2528019026114987
14.0,0.0,0.0,1.0,1.0995184124853783,0.44379617617690287,0.0,0.0,0.0,0.0,0.0,16.0,3.739249015777007
11.0,0.0,0.0,1.0,0.7551424945704316,0.5608444132717358,0.0,0.0,0.0,0.0,0.0,9.0,6.577394502676871
2.0,0.0,0.0,1.0,0.9276072331830418,0.4571900814913434,1.0,0.0,0.0,0.0,0.0,11.0,11.27914375441676
15.0,0.0,1.0,0.0,0.7074671755949972,0.4880409731310983,1.0,1.0,0.0,0.0,0.0,10.0,6.595832708643691
20.0,0.0,0.0,0.0,0.7258661385207705,0.5092814717072827,1.0,0.0,0.0,0.0,0.0,13.0,8.069078358072414
18.0,1.0,0.0,1.0,0.6589613453515306,0.7413117729185056,1.0,0.0,0.0,0.0,0.0,16.0,7.902964986609979
4.0,0.0,0.0,1.0,0.4736149680115038,0.5793192407209518,1.0,0.0,0.0,0.0,0.0,15.0,6.208601347299127
6.0,0.0,0.0,1.0,0.6491225525439291,0.6276820318112686,0.0,0.0,0.0,0.0,0.0,17.0,7.465244867179154
6.0,0.0,0.0,2.0,0.5564645817782276,0.935974383190831,0.0,0.0,0.0,0.0,0.0,11.0,2.4966019914704716
9.0,0.0,0.0,1.0,0.8196557333386232,0.8848399600165295,0.0,0.0,0.0,0.0,0.0,10.0,8.041865250126076
24.0,0.0,1.0,1.0,0.44251877213306096,0.7426025561430631,1.0,1.0,0.0,0.0,0.0,10.0,9.931665249372264
8.0,0.0,0.0,2.0,0.9765526953797254,0.5390762203442901,0.0,0.0,0.0,0.0,0.0,13.0,2.892864379255863
33.0,0.0,0.0,0.0,0.5453019602416409,0.3701630553392367,0.0,0.0,0.0,0.0,0.0,8.0,11.634448250114424
33.0,0.0,0.0,1.0,1.0653617899027095,0.9267138907612928,1.0,0.0,0.0,0.0,0.0,11.0,3.4926785531368196
3.0,0.0,0.0,2.0,1.0107085586107363,0.6197225396400924,1.0,0.0,0.0,0.0,0.0,10.0,8.466718583101407
12.0,0.0,0.0,1.0,1.027423360502401,0.36725148559981213,1.0,0.0,0.0,0.0,0.0,8.0,3.3949395180157613
4.0,1.0,0.0,0.0,0.506916571066148,0.6560740531777933,1.0,0.0,0.0,0.0,0.0,8.0,7.973754816676421
13.0,1.0,0.0,2.0,0.46689541229030995,0.7608577298229711,0.0,0.0,0.0,0.0,0.0,12.0,8.637277109654079
13.0,0.0,0.0,2.0,1.0296879078024839,0.8956325370809494,0.0,0.0,0.0,0.0,0.0,16.0,11.06068886759674
19.0,0.0,1.0,0.0,0.5387273789537789,0.38160376097676724,0.0,1.0,0.0,0.0,0.0,15.0,8.941458977323398
16.0,0.0,1.0,2.0,0.49577929754483707,0.7385353264146177,0.0,1.0,0.0,0.0,0.0,14.0,9.483193161135258
3.0,0.0,1.0,2.0,0.5091840305642631,0.47392238875050763,1.0,1.0,0.0,0.0,0.0,8.0,3.4520209805747326
21.0,0.0,1.0,0.0,0.6060380161101108,0.5272556589949239,0.0,1.0,0.0,0.0,0.0,13.0,1.0616361499283438
16.0,0.0,0.0,0.0,0.898171750805267,0.5247062149179128,1.0,0.0,0.0,0.0,0.0,16.0,4.695178538593518
9.0,1.0,0.0,1.0,0.6865727481052557,0.8638650206468723,0.0,0.0,0.0,0.0,0.0,8.0,2.84612407491111
20.0,0.0,0.0,2.0,0.6560978185681904,0.6058201752670497,0.0,0.0,0.0,0.0,0.0,14.0,5.585665975599868
7.0,0.0,0.0,0.0,0.5556264758770215,0.35264887838315234,0.0,0.0,0.0,0.0,0.0,9.0,1.8617539158542207
3.0,0.0,0.0,1.0,0.505163548175037,0.9481331088859771,0.0,0.0,0.0,0.0,0.0,11.0,6.88775900019329
28.0,0.0,0.0,2.0,0.6495985901324636,0.8077190012025417,1.0,0.0,0.0,0.0,0.0,13.0,6.8442936554086025
16.0,0.0,0.0,1.0,0.41160591716153616,0.4820760101233888,1.0,0.0,0.0,0.0,0.0,16.0,11.718396053002639
10.0,0.0,0.0,2.0,0.8709668276262321,0.5234273551604767,0.0,0.0,0.0,0.0,0.0,8.0,3.265755248493199
25.0,0.0,0.0,2.0,0.9273615223237731,0.7512069524436344,0.0,0.0,0.0,0.0,0.0,14.0,8.553380906735788
25.0,0.0,0.0,1.0,0.7621665303013421,0.5255674085724487,1.0,0.0,0.0,0.0,0.0,8.0,8.212471541387691
16.0,0.0,0.0,0.0,0.88313959866908,0.6485751107670247,0.0,0.0,0.0,0.0,0.0,14.0,0.4118965519045248
4.0,0.0,0.0,2.0,1.0901079971602805,0.4602131777110591,1.0,0.0,0.0,0.0,0.0,13.0,1.8195189712162352
24.0,0.0,0.0,2.0,0.6248666892463712,0.8982197175014285,1.0,0.0,0.0,0.0,0.0,15.0,2.2279125317738995
16.0,1.0,0.0,1.0,0.6642997604576323,0.375266372150173,0.0,0.0,0.0,0.0,0.0,13.0,3.3263231951538113
10.0,0.0,0.0,1.0,1.0254390456412192,0.4186134205191069,0.0,0.0,0.0,0.0,0.0,11.0,7.832537785146729
27.0,1.0,0.0,1.0,0.5111988219714324,0.4203041011469978,1.0,0.0,0.0,0.0,0.0,17.0,0.4791628679594114
21.0,0.0,0.0,1.0,0.7671327982237661,0.8150572358702826,1.0,0.0,0.0,0.0,0.0,16.0,2.8837870554057203
34.0,0.0,1.0,1.0,0.5946425607338428,0.8403107415921975,1.0,1.0,0.0,0.0,0.0,9.0,8.421933524264261
31.0,0.0,1.0,2.0,0.9908700308246912,0.9328482217698284,1.0,1.0,0.0,0.0,0.0,14.0,5.301262335210933
11.0,0.0,0.0,2.0,0.7436857970179093,0.6796587278862057,1.0,0.0,0.0,0.0,0.0,17.0,10.685572394169403
8.0,0.0,0.0,1.0,0.498494276349778,0.5801709830121037,1.0,0.0,0.0,0.0,0.0,12.0,10.86960461165447
29.0,0.0,0.0,0.0,0.7526586589797938,0.6588114711147812,1.0,0.0,0.0,0.0,0.0,11.0,0.7105857421052528
15.0,1.0,0.0,1.0,0.5292106477297852,0.8299865215331297,1.0,0.0,0.0,0.0,0.0,14.0,4.6314180779557494
10.0,0.0,0.0,1.0,0.8403465353217218,0.8080653775447647,1.0,0.0,0.0,0.0,0.0,8.0,2.7649976705969386
27.0,1.0,0.0,2.0,0.617314363530455,0.5460901626833152,0.0,0.0,0.0,0.0,0.0,9.0,11.636825630523076
13.0,1.0,0.0,0.0,0.8562934414135117,0.5809183654426133,1.0,0.0,0.0,0.0,0.0,11.0,1.0157212055871072
18.0,0.0,0.0,2.0,0.5975661561615229,0.5927353986635886,1.0,0.0,0.0,0.0,0.0,15.0,5.750882818053834
7.0,0.0,0.0,1.0,0.9485504815921261,0.6446028145542624,0.0,0.0,0.0,0.0,0.0,14.0,2.0562326307116097
13.0,0.0,0.0,1.0,0.7823798945504418,0.9070065879264452,1.0,0.0,0.0,0.0,0.0,14.0,11.067206544942724
17.0,0.0,0.0,2.0,1.029267249332384,0.8594731488991215,0.0,0.0,0.0,0.0,0.0,14.0,5.653732380659942
9.0,0.0,1.0,2.0,0.4033633241384386,0.921931893574579,0.0,1.0,0.0,0.0,0.0,10.0,0.28151278200526236
16.0,0.0,1.0,2.0,0.8080787637082167,0.7170613107186722,1.0,1.0,0.0,0.0,0.0,12.0,10.719096119567618
29.0,0.0,0.0,2.0,0.9764564745962576,0.3532410744779261,0.0,0.0,0.0,0.0,0.0,15.0,3.408951570464936
20.0,0.0,0.0,2.0,0.601759438330075,0.579168383222528,0.0,0.0,0.0,0.0,0.0,15.0,4.451940378023231
15.0,1.0,0.0,0.0,1.0453319802482894,0.5731822278648042,0.0,0.0,0.0,0.0,0.0,9.0,8.616390861382426
24.0,0.0,0.0,1.0,0.5159776671800234,0.8654071851374361,0.0,0.0,0.0,0.0,0.0,12.0,9.51241066990381
14.0,0.0,0.0,1.0,1.0599860665494443,0.5079665092740271,1.0,0.0,0.0,0.0,0.0,11.0,5.924269648282464
30.0,0.0,0.0,1.0,0.6650846964247836,0.5558039928719456,0.0,0.0,0.0,0.0,0.0,15.0,3.322020171967972
26.0,0.0,0.0,2.0,0.5703906124842241,0.8800615380802818,1.0,0.0,0.0,0.0,0.0,8.0,6.344932370503639
14.0,0.0,0.0,1.0,0.5954885205774484,0.6336791497707145,1.0,0.0,0.0,0.0,0.0,14.0,4.074841316842387
25.0,1.0,0.0,2.0,1.0798536642118222,0.8032188887057182,0.0,0.0,0.0,0.0,0.0,13.0,9.465534047759979
25.0,0.0,1.0,1.0,0.6968340361301908,0.6707784710600315,1.0,1.0,0.0,0.0,0.0,10.0,6.343878919322256
32.0,0.0,0.0,1.0,1.0004274280771204,0.6792707628085624,0.0,0.0,0.0,0.0,0.0,17.0,8.938320588169727
3.0,0.0,1.0,1.0,0.7969933922631993,0.8896915820777791,1.0,1.0,0.0,0.0,0.0,16.0,11.150985899885589
22.0,0.0,0.0,2.0,1.0238981257488817,0.8978547023515754,1.0,0.0,0.0,0.0,0.0,9.0,11.439730684731652
34.0,0.0,0.0,2.0,0.7568582954032791,0.9017593006501399,1.0,0.0,0.0,0.0,0.0,10.0,7.962371364736046
3.0,0.0,0.0,1.0,0.6933158054457309,0.9239806220043023,0.0,0.0,0.0,0.0,0.0,14.0,4.892610822758174
3.0,0.0,1.0,2.0,0.6160769346770009,0.6638834218608013,0.0,1.0,0.0,0.0,0.0,14.0,5.7799258196423855
16.0,1.0,0.0,2.0,0.7319888835360437,0.8487110025765711,1.0,0.0,0.0,0.0,0.0,9.0,4.530470554685365
11.0,0.0,0.0,1.0,0.4250264886773778,0.930910308876495,1.0,0.0,0.0,0.0,0.0,14.0,3.4556472759160664
18.0,0.0,0.0,2.0,0.817643781276289,0.877220221120351,0.0,0.0,0.0,0.0,0.0,12.0,7.072658138088889
28.0,0.0,0.0,0.0,0.8235080206253111,0.4398381623171398,0.0,0.0,0.0,0.0,0.0,12.0,4.112580974044601
31.0,0.0,0.0,1.0,0.8525364101868057,0.5905061774286549,0.0,0.0,0.0,0.0,0.0,13.0,11.7504860212984
3.0,0.0,0.0,2.0,0.7000129664415313,0.6452987713537159,0.0,0.0,0.0,0.0,0.0,16.0,0.8361631030167251
22.0,0.0,0.0,0.0,0.9988583524295148,0.768054750886968,0.0,0.0,0.0,0.0,0.0,15.0,10.128487870335391
19.0,1.0,0.0,0.0,0.9529720245372434,0.49270060028819296,1.0,0.0,0.0,0.0,0.0,17.0,6.6465914637258
7.0,0.0,1.0,1.0,0.41437062094518073,0.89345426983353,1.0,1.0,0.0,0.0,0.0,11.0,5.62359064632776
7.0,1.0,0.0,2.0,0.8533901216461672,0.49372389007867873,0.0,0.0,0.0,0.0,0.0,8.0,2.4894357346948537
32.0,0.0,0.0,2.0,0.6061032390489697,0.7894078972136259,0.0,0.0,0.0,0.0,0.0,16.0,5.012925623425514
2.0,0.0,0.0,0.0,0.6938643815454956,0.7875359926559666,1.0,0.0,0.0,0.0,0.0,8.0,0.7368045624184688
32.0,0.0,0.0,1.0,0.7354199367607283,0.8461707520610781,0.0,0.0,0.0,0.0,0.0,9.0,1.095276546630014
29.0,0.0,1.0,2.0,0.9308965340860622,0.7284435951224965,1.0,1.0,0.0,0.0,0.0,16.0,2.845459835006089
12.0,0.0,1.0,2.0,0.9028884031846512,0.35692616203389005,1.0,1.0,0.0,0.0,0.0,12.0,4.791770558752454
21.0,0.0,0.0,0.0,0.6766664714375955,0.7333127649489185,1.0,0.0,0.0,0.0,0.0,8.0,2.096252077507708
15.0,0.0,0.0,2.0,0.830951490881388,0.5649096608815437,1.0,0.0,0.0,0.0,0.0,9.0,2.7203349536487123
10.0,0.0,0.0,2.0,0.7039619545765617,0.6438887616826983,1.0,0.0,0.0,0.0,0.0,11.0,2.0771059209717744
2.0,0.0,0.0,0.0,0.6748473932616886,0.712075892794179,0.0,0.0,0.0,0.0,0.0,12.0,6.602236669963769
3.0,0.0,0.0,2.0,0.43775009769741363,0.47208760462700355,1.0,0.0,0.0,0.0,0.0,12.0,7.478579050510151
19.0,0.0,0.0,0.0,0.5747445582547751,0.5215877497547599,0.0,0.0,0.0,0.0,0.0,10.0,10.321412127316348
13.0,0.0,0.0,0.0,0.9854229045663988,0.6575753499318231,1.0,0.0,0.0,0.0,0.0,11.0,10.767004790980856
12.0,0.0,0.0,0.0,0.782035416788594,0.38384177542786724,1.0,0.0,0.0,0.0,0.0,11.0,7.00850982097575
23.0,1.0,0.0,1.0,1.0079815786787194,0.8665611088194516,1.0,0.0,0.0,0.0,0.0,16.0,5.232690960411789
4.0,0.0,0.0,1.0,0.7026237119950998,0.4773652896590771,0.0,0.0,0.0,0.0,0.0,15.0,5.197747652535034
33.0,0.0,0.0,2.0,0.922493070350911,0.5336458413940204,1.0,0.0,0.0,0.0,0.0,14.0,9.67086182621043
18.0,0.0,1.0,2.0,1.0660067633358723,0.4148109437618572,0.0,1.0,0.0,0.0,0.0,10.0,4.3930336571578374
10.0,1.0,0.0,0.0,0.8784053241551399,0.9456965885768529,1.0,0.0,0.0,0.0,0.0,11.0,0.7446097312106094
32.0,0.0,1.0,1.0,0.8122815923505174,0.769197054963699,1.0,1.0,0.0,0.0,0.0,11.0,0.24579949554216615
24.0,0.0,0.0,0.0,0.8252722968838841,0.7876630264563795,1.0,0.0,0.0,0.0,0.0,8.0,5.761248089768332
33.0,1.0,0.0,0.0,0.47954305744822723,0.58954656147135,0.0,0.0,0.0,0.0,0.0,14.0,8.257060511189112
6.0,0.0,0.0,2.0,0.8103395491470278,0.4595214441346073,0.0,0.0,0.0,0.0,0.0,10.0,2.4190921928693836
20.0,0.0,0.0,2.0,0.9149709557315399,0.40484651250595566,0.0,0.0,0.0,0.0,0.0,9.0,2.694201677119586
17.0,0.0,0.0,1.0,0.6002983327272018,0.7856753047920403,0.0,0.0,0.0,0.0,0.0,15.0,4.5005524274780395
33.0,1.0,0.0,1.0,0.7915666033447903,0.7991052331620948,1.0,0.0,0.0,0.0,0.0,10.0,6.925247262830003
21.0,0.0,0.0,1.0,0.408479685303741,0.7057561965417258,0.0,0.0,0.0,0.0,0.0,13.0,0.3119686468793318
20.0,0.0,1.0,2.0,1.0743794561176279,0.807707561158769,1.0,1.0,0.0,0.0,0.0,9.0,0.9618842667757698
11.0,0.0,0.0,2.0,0.8009439486379819,0.40367520926018147,1.0,0.0,0.0,0.0,0.0,11.0,0.955294448351418
10.0,0.0,1.0,2.0,0.7965423784868493,0.6752720100419871,1.0,1.0,0.0,0.0,0.0,12.0,3.466835563715663
20.0,0.0,0.0,2.0,0.7700814890735326,0.8196045885462593,0.0,0.0,0.0,0.0,0.0,12.0,4.9780959156312905
8.0,0.0,1.0,1.0,0.48079641866790146,0.8803838709227331,1.0,1.0,0.0,0.0,0.0,14.0,0.332679162594672
5.0,1.0,0.0,1.0,0.6210043921937991,0.47251999320058524,1.0,0.0,0.0,0.0,0.0,8.0,6.880808843889777
28.0,0.0,1.0,1.0,0.8795643642855796,0.80918506451543,1.0,1.0,0.0,0.0,0.0,14.0,11.214016432541793
31.0,0.0,0.0,0.0,0.688909303286851,0.825670284011356,1.0,0.0,0.0,0.0,0.0,14.0,8.51366846265192
20.0,0.0,0.0,2.0,0.5641212894150845,0.8682300172202339,1.0,0.0,0.0,0.0,0.0,17.0,9.52153921734906
29.0,0.0,0.0,2.0,0.6568060438580254,0.7045423780920308,0.0,0.0,0.0,0.0,0.0,10.0,6.972155538782914
34.0,0.0,1.0,1.0,0.5581253172931998,0.6017924543666103,0.0,1.0,0.0,0.0,0.0,12.0,6.084296048308292
4.0,0.0,0.0,0.0,0.5708541924983892,0.6014135640737366,1.0,0.0,0.0,0.0,0.0,8.0,8.221132873985756
18.0,1.0,0.0,0.0,0.7365992278473318,0.9152964455014391,0.0,0.0,0.0,0.0,0.0,15.0,1.268231800658534
15.0,0.0,0.0,2.0,0.9919294012178624,0.5989186587502182,1.0,0.0,0.0,0.0,0.0,14.0,9.1951952937799
31.0,0.0,0.0,0.0,0.9987753649571821,0.4459078528991977,1.0,0.0,0.0,0.0,0.0,8.0,6.5917799598221
20.0,0.0,1.0,1.0,0.8547730097627034,0.8209717080925286,1.0,1.0,0.0,0.0,0.0,10.0,6.239226512994273
14.0,0.0,0.0,0.0,0.7665321200269767,0.8563961967907853,1.0,0.0,0.0,0.0,0.0,13.0,1.454086005284801
25.0,0.0,0.0,0.0,1.0248909066361362,0.549180853803101,1.0,0.0,0.0,0.0,0.0,16.0,4.749141055162255
17.0,0.0,0.0,0.0,0.8316768206201791,0.6617768332672928,1.0,0.0,0.0,0.0,0.0,13.0,2.900146107006889
15.0,0.0,0.0,2.0,0.8625568551668676,0.8213939149943407,1.0,0.0,0.0,0.0,0.0,9.0,5.128368442886266
33.0,1.0,0.0,2.0,0.4274438037771552,0.7388011302111726,1.0,0.0,0.0,0.0,0.0,13.0,5.216605203038711
34.0,0.0,0.0,0.0,1.0551413651721284,0.5261993692267447,1.0,0.0,0.0,0.0,0.0,15.0,1.6727150214315956
15.0,0.0,0.0,0.0,0.44317158900525305,0.752958254079064,0.0,0.0,0.0,0.0,0.0,15.0,5.580422946782048
29.0,1.0,0.0,1.0,0.7459645344587499,0.8010540949998141,0.0,0.0,0.0,0.0,0.0,11.0,9.397576747660748
22.0,1.0,0.0,0.0,0.6211561405302823,0.7782284454881667,1.0,0.0,0.0,0.0,0.0,11.0,7.557191759399441
23.0,0.0,0.0,0.0,1.0597771232355466,0.490558159551986,1.0,0.0,0.0,0.0,0.0,12.0,9.061136709749425
14.0,0.0,1.0,0.0,0.9976490505732393,0.6547021712874889,1.0,1.0,0.0,0.0,0.0,9.0,4.77465882711861
8.0,0.0,0.0,0.0,1.0724743607953637,0.5300921876848488,1.0,0.0,0.0,0.0,0.0,16.0,6.730007250287249
17.0,0.0,0.0,0.0,0.5961453206262628,0.7395185024661804,0.0,0.0,0.0,0.0,0.0,9.0,0.5664300043790992
13.0,0.0,0.0,2.0,0.5727924050421939,0.46073172833054193,0.0,0.0,0.0,0.0,0.0,16.0,3.4580203592776813
10.0,0.0,0.0,1.0,0.9607667344311518,0.48129293095518744,1.0,0.0,0.0,0.0,0.0,17.0,9.056651072122158
25.0,0.0,1.0,2.0,1.0050582913642747,0.7884883671633207,1.0,1.0,0.0,0.0,0.0,10.0,7.921491401422077
11.0,0.0,1.0,0.0,0.7982104603636377,0.5968764695248253,1.0,1.0,0.0,0.0,0.0,9.0,4.211023061070127
28.0,1.0,0.0,0.0,0.649006822075806,0.7905000475731182,1.0,0.0,0.0,0.0,0.0,11.0,2.394466394114123
12.0,0.0,0.0,2.0,0.9874477997312149,0.5750263430294288,0.0,0.0,0.0,0.0,0.0,13.0,4.169346591127756
33.0,1.0,0.0,2.0,0.5893100586198833,0.8560876371413042,1.0,0.0,0.0,0.0,0.0,11.0,2.121237992326585
10.0,0.0,0.0,2.0,1.0503024471897258,0.7990633571480121,1.0,0.0,0.0,0.0,0.0,12.0,0.7458758611837452
29.0,1.0,0.0,2.0,0.6897906612495536,0.9365206828777469,0.0,0.0,0.0,0.0,0.0,9.0,2.4471925726795027
33.0,1.0,0.0,1.0,0.7394071354880207,0.5619036941015312,0.0,0.0,0.0,0.0,0.0,15.0,9.949077958217798
29.0,0.0,0.0,2.0,0.5747411934322881,0.3560932579514344,0.0,0.0,0.0,0.0,0.0,15.0,8.195020581299408
26.0,1.0,0.0,1.0,0.801035438963121,0.8944306915379227,1.0,0.0,0.0,0.0,0.0,15.0,9.193574268613668
13.0,1.0,0.0,2.0,0.9634298756118075,0.5586812597326855,1.0,0.0,0.0,0.0,0.0,17.0,6.183454240005245
14.0,0.0,0.0,2.0,0.9903326546040784,0.6301816908888095,1.0,0.0,0.0,0.0,0.0,14.0,0.9342358549439066
18.0,1.0,0.0,0.0,0.6385654180627321,0.5251370657558985,1.0,0.0,0.0,0.0,0.0,8.0,6.569217101737169
20.0,1.0,0.0,2.0,0.9688945030405601,0.6799191067628345,1.0,0.0,0.0,0.0,0.0,9.0,7.9162698774905165
6.0,0.0,0.0,0.0,0.9597525405800736,0.931498608513256,0.0,0.0,0.0,0.0,0.0,12.0,3.0786096590869465
25.0,0.0,1.0,2.0,0.419676910610851,0.8397661254435403,0.0,1.0,0.0,0.0,0.0,15.0,10.71320608302277
19.0,0.0,0.0,0.0,0.6196627300419949,0.7646008918042551,0.0,0.0,0.0,0.0,0.0,17.0,4.871218925475136
29.0,0.0,0.0,2.0,0.41679190752588435,0.5627128626973094,0.0,0.0,0.0,0.0,0.0,13.0,6.5401292454556526
4.0,0.0,0.0,1.0,0.9582936943264694,0.4727809373076056,0.0,0.0,0.0,0.0,0.0,13.0,11.175911955705255
6.0,0.0,1.0,1.0,0.6057565819135914,0.36627928713238217,1.0,1.0,0.0,0.0,0.0,12.0,3.0283441812937655
18.0,1.0,0.0,2.0,0.5816830494713878,0.4368719414506708,0.0,0.0,0.0,0.0,0.0,13.0,5.8180462693639985
9.0,0.0,0.0,2.0,1.0463045897685699,0.9216316844212386,1.0,0.0,0.0,0.0,0.0,15.0,11.937370332875057
17.0,0.0,0.0,2.0,0.6795218325886724,0.5789280185168159,0.0,0.0,0.0,0.0,0.0,13.0,8.746733062968936
8.0,0.0,0.0,0.0,0.842196066828192,0.6507968059218447,1.0,0.0,0.0,0.0,0.0,9.0,1.282252843104325
6.0,0.0,0.0,0.0,0.4058158300566656,0.5413133349920252,1.0,0.0,0.0,0.0,0.0,8.0,11.945052666256082
21.0,0.0,0.0,0.0,0.5964483737313213,0.8882157137651984,0.0,0.0,0.0,0.0,0.0,9.0,11.629410427681695
4.0,1.0,0.0,0.0,1.0519330464549324,0.4215289251815737,1.0,0.0,0.0,0.0,0.0,13.0,1.409056941086202
15.0,1.0,0.0,1.0,0.715737303918748,0.5445055852403876,0.0,0.0,0.0,0.0,0.0,12.0,8.193502246826016
32.0,1.0,0.0,1.0,1.0836406974665982,0.528634047591021,1.0,0.0,0.0,0.0,0.0,13.0,9.989153560533165
32.0,0.0,0.0,2.0,0.8880296185666514,0.45399036086950395,0.0,0.0,0.0,0.0,0.0,9.0,6.5107959050619355
31.0,0.0,0.0,2.0,1.0626118080878482,0.6286315588918246,0.0,0.0,0.0,0.0,0.0,17.0,8.589329512670941
9.0,0.0,0.0,1.0,0.5066291019498742,0.5120387552175985,0.0,0.0,0.0,0.0,0.0,14.0,1.0907473884449144
23.0,0.0,0.0,0.0,0.8652315547853684,0.4943723038224797,0.0,0.0,0.0,0.0,0.0,12.0,10.223551047041823
5.0,0.0,0.0,2.0,1.0454914509574438,0.8191501366796929,1.0,0.0,0.0,0.0,0.0,17.0,6.799418078055079
7.0,0.0,1.0,2.0,0.416978587961088,0.7478357154412465,1.0,1.0,0.0,0.0,0.0,14.0,11.591011610188065
5.0,1.0,0.0,1.0,0.5709523607708821,0.7055585936299195,0.0,0.0,0.0,0.0,0.0,10.0,3.654101922918508
8.0,0.0,0.0,0.0,0.6978972837827917,0.8675455505619825,1.0,0.0,0.0,0.0,0.0,9.0,7.1497844451080805
12.0,0.0,0.0,2.0,0.8830870582003872,0.40296297134413833,1.0,0.0,0.0,0.0,0.0,13.0,10.658578261232236
18.0,0.0,0.0,1.0,0.8395703761635658,0.7852057751441502,1.0,0.0,0.0,0.0,0.0,14.0,7.449032585922593
17.0,0.0,0.0,2.0,0.5087615128310136,0.7946979881069237,0.0,0.0,0.0,0.0,0.0,17.0,9.071609248030958
13.0,0.0,1.0,1.0,0.4517537646506363,0.5579072687821721,0.0,1.0,0.0,0.0,0.0,10.0,6.470417495407007
2.0,0.0,1.0,1.0,0.4789134967709294,0.8708914695669123,0.0,1.0,0.0,0.0,0.0,17.0,7.279278341838084
33.0,1.0,0.0,0.0,0.8834012534477874,0.6206780191205349,1.0,0.0,0.0,0.0,0.0,15.0,4.059207454714901
8.0,0.0,0.0,0.0,0.8835889658167494,0.4169157948118394,1.0,0.0,0.0,0.0,0.0,8.0,10.239968461875645
32.0,0.0,0.0,0.0,0.7084379046840006,0.5183431858820841,0.0,0.0,0.0,0.0,0.0,15.0,1.3579365081051258
17.0,1.0,0.0,1.0,0.6755522661674931,0.6320910636161332,1.0,0.0,0.0,0.0,0.0,15.0,7.168940249254599
27.0,0.0,0.0,0.0,0.6004929144913944,0.5906688087861263,1.0,0.0,0.0,0.0,0.0,11.0,10.32909953768459
25.0,0.0,1.0,1.0,0.7517524503940965,0.5039827140603026,0.0,1.0,0.0,0.0,0.0,11.0,1.5255639893179056
11.0,0.0,1.0,1.0,0.9100509919032688,0.7154597500179719,1.0,1.0,0.0,0.0,0.0,13.0,0.2899959179859469
6.0,0.0,0.0,2.0,0.7003616030855375,0.41342102143227744,0.0,0.0,0.0,0.0,0.0,11.0,1.4826437408446154
18.0,0.0,0.0,0.0,0.9201383707545072,0.7975399886219948,1.0,0.0,0.0,0.0,0.0,10.0,3.730723327669317
25.0,0.0,1.0,1.0,0.46162925070691413,0.8867297445315729,0.0,1.0,0.0,0.0,0.0,11.0,7.115349147475816
25.0,0.0,0.0,2.0,1.0864367625304572,0.6556879882147394,0.0,0.0,0.0,0.0,0.0,13.0,6.1025598173579825
27.0,0.0,0.0,2.0,0.6793418946260994,0.6966740031483729,1.0,0.0,0.0,0.0,0.0,17.0,1.4732165078560187
3.0,0.0,0.0,1.0,0.7820835213491727,0.8191797544277216,0.0,0.0,0.0,0.0,0.0,16.0,5.469957844673032
15.0,0.0,1.0,1.0,0.7559306126865835,0.8936086554886952,1.0,1.0,0.0,0.0,0.0,8.0,5.128608179789081
24.0,0.0,0.0,0.0,0.44254268964995686,0.6864978992226737,0.0,0.0,0.0,0.0,0.0,8.0,10.693557694100607
20.0,1.0,0.0,2.0,0.6527172500684338,0.7514633889125454,0.0,0.0,0.0,0.0,0.0,14.0,1.3194315411250388
27.0,0.0,0.0,1.0,0.7032542955199553,0.7780250273800404,0.0,0.0,0.0,0.0,0.0,11.0,10.804547669462707
24.0,0.0,0.0,2.0,0.7766062613790662,0.4543302041082502,1.0,0.0,0.0,0.0,0.0,14.0,4.474140702052084
9.0,0.0,0.0,2.0,1.006645426494817,0.7552746832235463,1.0,0.0,0.0,0.0,0.0,10.0,3.5357539514317047
26.0,0.0,0.0,2.0,0.7475493176030427,0.8986230480965082,0.0,0.0,0.0,0.0,0.0,14.0,2.6160618589685574
17.0,0.0,0.0,0.0,0.6161439295304528,0.4949967242962774,0.0,0.0,0.0,0.0,0.0,15.0,11.033386442936498
3.0,0.0,1.0,0.0,0.6969891903927034,0.49009419214807454,1.0,1.0,0.0,0.0,0.0,15.0,0.20288536325386605
14.0,0.0,1.0,1.0,1.0802403232757147,0.35035391506836766,1.0,1.0,0.0,0.0,0.0,15.0,11.457579100386345
33.0,0.0,0.0,0.0,0.7804276276858568,0.5381739175627045,1.0,0.0,0.0,0.0,0.0,13.0,7.694655138595669
34.0,0.0,0.0,0.0,0.9278655175667853,0.7968759706174547,0.0,0.0,0.0,0.0,0.0,13.0,6.537708908572869
20.0,0.0,0.0,0.0,0.9470993772459119,0.5914958680321186,1.0,0.0,0.0,0.0,0.0,11.0,0.2837045616963021
5.0,1.0,0.0,0.0,0.4649555685289199,0.5646079497012704,1.0,0.0,0.0,0.0,0.0,15.0,11.277240055228217
28.0,0.0,0.0,1.0,0.9972605893988459,0.36579960905769165,1.0,0.0,0.0,0.0,0.0,13.0,9.523354025926904
13.0,0.0,1.0,2.0,0.5929639099897,0.8804456732895338,0.0,1.0,0.0,0.0,0.0,17.0,5.353563386299013
5.0,0.0,0.0,2.0,0.8645160020198405,0.4954764374415825,1.0,0.0,0.0,0.0,0.0,8.0,2.7188096418559597
30.0,0.0,0.0,1.0,0.4582703876105607,0.9432046786091939,1.0,0.0,0.0,0.0,0.0,8.0,10.928892067070397
8.0,0.0,0.0,0.0,0.8907305006460161,0.4751541920530753,0.0,0.0,0.0,0.0,0.0,12.0,2.7149829337627454
22.0,0.0,0.0,1.0,0.8571604494514619,0.6935096466138259,1.0,0.0,0.0,0.0,0.0,8.0,1.2891172517329867
6.0,0.0,0.0,2.0,0.9318814909627947,0.5811723158338619,0.0,0.0,0.0,0.0,0.0,13.0,4.9585115213041835
17.0,0.0,0.0,0.0,0.9896801269403638,0.8010287491425417,1.0,0.0,0.0,0.0,0.0,14.0,6.421071638060192
22.0,0.0,0.0,0.0,0.4299047616749521,0.5853717427773786,1.0,0.0,0.0,0.0,0.0,14.0,11.87142011674734
33.0,1.0,0.0,1.0,1.0175842321835882,0.7323759839616635,1.0,0.0,0.0,0.0,0.0,17.0,9.31447188203775
8.0,0.0,0.0,1.0,0.9885512168879715,0.946544793546405,0.0,0.0,0.0,0.0,0.0,8.0,7.536737620733622
18.0,0.0,0.0,0.0,1.0929376659969117,0.8573879878756647,1.0,0.0,0.0,0.0,0.0,9.0,1.921077733684592
7.0,0.0,0.0,0.0,0.5501580063310334,0.7492190784355953,0.0,0.0,0.0,0.0,0.0,17.0,4.475932199918032
33.0,0.0,0.0,2.0,0.46410437548193767,0.8170951582926355,0.0,0.0,0.0,0.0,0.0,8.0,1.6399638023187602
22.0,1.0,0.0,2.0,0.5983545200013743,0.5590411280613248,0.0,0.0,0.0,0.0,0.0,11.0,3.1613250613151775
2.0,0.0,0.0,1.0,0.4340068591120297,0.4165008283592395,1.0,0.0,0.0,0.0,0.0,8.0,6.616633980003206
20.0,0.0,0.0,0.0,0.8841431988078666,0.7400915085763355,0.0,0.0,0.0,0.0,0.0,16.0,9.636376385360956
25.0,0.0,1.0,0.0,0.5988760124311547,0.7944444179411275,0.0,1.0,0.0,0.0,0.0,10.0,5.229905192543905
8.0,0.0,0.0,0.0,0.5318790754231522,0.6417713857564887,1.0,0.0,0.0,0.0,0.0,16.0,4.588186689269772
28.0,0.0,0.0,0.0,0.9131988135753576,0.7183282517924187,1.0,0.0,0.0,0.0,0.0,12.0,6.916867914356605
20.0,0.0,1.0,1.0,0.4246901332115775,0.7138696252233206,1.0,1.0,0.0,0.0,0.0,9.0,3.915248966470125
19.0,0.0,0.0,1.0,1.0631023990588115,0.46941115764272734,1.0,0.0,0.0,0.0,0.0,9.0,7.33948726703017
5.0,0.0,0.0,1.0,0.6013194398445904,0.5903412502047753,1.0,0.0,0.0,0.0,0.0,9.0,4.163348594438713
10.0,0.0,0.0,2.0,0.5238989250806181,0.8156664102237308,1.0,0.0,0.0,0.0,0.0,15.0,6.493221135780239
11.0,0.0,0.0,0.0,0.6383292019677965,0.7943317740718968,0.0,0.0,0.0,0.0,0.0,14.0,5.1944994274069956
27.0,0.0,0.0,0.0,0.8808618975123819,0.534694297643094,0.0,0.0,0.0,0.0,0.0,15.0,2.9097064382224493
13.0,0.0,0.0,1.0,0.5904597084995233,0.8057753966965515,0.0,0.0,0.0,0.0,0.0,16.0,5.560195152094299
14.0,1.0,0.0,2.0,0.5817761074598666,0.5899335473643343,1.0,0.0,0.0,0.0,0.0,16.0,5.880864203329507
4.0,0.0,0.0,2.0,1.047916306735272,0.781146246439385,1.0,0.0,0.0,0.0,0.0,9.0,4.1372716640801634
34.0,0.0,1.0,0.0,0.9781903645321584,0.8194212607345748,1.0,1.0,0.0,0.0,0.0,13.0,3.010463082758223
32.0,0.0,0.0,2.0,1.025511327490888,0.6103534445580459,1.0,0.0,0.0,0.0,0.0,15.0,10.811883752891697
5.0,0.0,0.0,0.0,0.557559057919344,0.9204877418222887,0.0,0.0,0.0,0.0,0.0,8.0,2.523324049840055
2.0,1.0,0.0,1.0,1.066060927928446,0.8952267771055606,1.0,0.0,0.0,0.0,0.0,12.0,3.0739619498695343
25.0,1.0,0.0,2.0,1.0212064263680483,0.3768811714255122,1.0,0.0,0.0,0.0,0.0,14.0,7.5043770352364225
3.0,0.0,1.0,1.0,0.973444673990035,0.9486031090216345,0.0,1.0,0.0,0.0,0.0,12.0,11.272672431764738
16.0,1.0,0.0,2.0,0.8238915214333243,0.5532781072114661,0.0,0.0,0.0,0.0,0.0,17.0,0.656721876018493
9.0,0.0,0.0,2.0,0.8695828386967304,0.6382431227207117,1.0,0.0,0.0,0.0,0.0,10.0,0.5131760099698377
16.0,1.0,0.0,2.0,0.9898964555846769,0.4185193104311338,0.0,0.0,0.0,0.0,0.0,14.0,4.159567524177372
13.0,0.0,0.0,2.0,0.7562964396629367,0.6413928065423121,1.0,0.0,0.0,0.0,0.0,16.0,7.233865494736707
6.0,0.0,1.0,0.0,0.8497964938781598,0.8058500196270474,1.0,1.0,0.0,0.0,0.0,8.0,8.586828553166383
6.0,0.0,0.0,1.0,0.7355102705040385,0.7627076939896695,1.0,0.0,0.0,0.0,0.0,15.0,6.597695189493353
23.0,0.0,0.0,1.0,0.5498185959864532,0.8268348526231774,0.0,0.0,0.0,0.0,0.0,10.0,5.019295733758318
8.0,0.0,0.0,1.0,0.7218182764897615,0.9398421642298554,0.0,0.0,0.0,0.0,0.0,9.0,10.6676369024358
16.0,0.0,1.0,2.0,0.9835725345503262,0.8058442703674215,1.0,1.0,0.0,0.0,0.0,9.0,5.864199921452235
10.0,1.0,0.0,0.0,0.6995932102859095,0.8480138442267031,0.0,0.0,0.0,0.0,0.0,17.0,6.2324694068226165
2.0,0.0,0.0,2.0,0.7767483189014813,0.5499540418292054,0.0,0.0,0.0,0.0,0.0,17.0,2.1610469323583334
5.0,1.0,0.0,2.0,0.48427926139935695,0.5575240475854305,1.0,0.0,0.0,0.0,0.0,10.0,3.1685242159335085
19.0,0.0,1.0,1.0,0.5018162180020761,0.3781129218015328,0.0,1.0,0.0,0.0,0.0,13.0,4.474211158799358
30.0,0.0,1.0,1.0,1.0973884127756797,0.5304670283149229,1.0,1.0,0.0,0.0,0.0,10.0,6.087394911060794
16.0,0.0,0.0,0.0,0.47566578435066675,0.8272065730816225,1.0,0.0,0.0,0.0,0.0,15.0,11.938503550387791
34.0,0.0,0.0,1.0,1.0483687424382315,0.5320395795545809,1.0,0.0,0.0,0.0,0.0,15.0,8.765557074996712
14.0,0.0,0.0,0.0,0.5184363208079658,0.4036486671096139,1.0,0.0,0.0,0.0,0.0,15.0,9.189213075767386
18.0,0.0,1.0,0.0,1.030362295907588,0.5806414166653544,1.0,1.0,0.0,0.0,0.0,12.0,8.459195746873421
31.0,0.0,1.0,0.0,0.7741713426678266,0.8990139377577736,0.0,1.0,0.0,0.0,0.0,8.0,5.3635486422687855
33.0,0.0,1.0,0.0,0.5641501659064038,0.7149213803747975,1.0,1.0,0.0,0.0,0.0,11.0,5.122434634993216
24.0,0.0,0.0,1.0,0.565196004677939,0.4131318961438804,1.0,0.0,0.0,0.0,0.0,9.0,7.03706951264221
31.0,0.0,0.0,1.0,1.0109158516879309,0.8788865706230534,1.0,0.0,0.0,0.0,0.0,16.0,6.353536241328232
24.0,0.0,0.0,2.0,0.7954538190194197,0.8012543663243552,0.0,0.0,0.0,0.0,0.0,9.0,5.776165349553079
8.0,0.0,0.0,2.0,0.4107544339712172,0.6166660347637781,1.0,0.0,0.0,0.0,0.0,14.0,7.289738396225594
23.0,1.0,0.0,1.0,0.9634334683231407,0.7834632822605093,1.0,0.0,0.0,0.0,0.0,15.0,2.3310056605010936
27.0,1.0,0.0,1.0,0.8955636338507197,0.5889895015554452,1.0,0.0,0.0,0.0,0.0,14.0,6.9903575918714145
24.0,0.0,0.0,0.0,0.4979122997675602,0.8619745941727778,1.0,0.0,0.0,0.0,0.0,11.0,9.47315405905616
6.0,0.0,0.0,0.0,0.47523076086066707,0.4660056493538185,1.0,0.0,0.0,0.0,0.0,12.0,9.8581207166027
10.0,0.0,0.0,0.0,0.8837243172149651,0.9087983395418148,1.0,0.0,0.0,0.0,0.0,11.0,1.1807302278254552
32.0,0.0,0.0,0.0,0.7151674045989911,0.5365959218522711,1.0,0.0,0.0,0.0,0.0,17.0,5.518545138674338
18.0,0.0,1.0,1.0,0.4970344851928737,0.7436650212823301,0.0,1.0,0.0,0.0,0.0,10.0,9.452512808108768
13.0,0.0,0.0,2.0,0.8356735569072615,0.415101508561802,0.0,0.0,0.0,0.0,0.0,14.0,6.097345741811377
13.0,0.0,0.0,0.0,0.6329916476532801,0.8603200461339828,1.0,0.0,0.0,0.0,0.0,16.0,7.221710320256383
29.0,0.0,0.0,1.0,0.9191870934884012,0.800320123541356,0.0,0.0,0.0,0.0,0.0,14.0,6.832629374563777
26.0,0.0,1.0,0.0,0.4980670373218147,0.9214930656325557,0.0,1.0,0.0,0.0,0.0,13.0,7.772351457759327
34.0,1.0,0.0,2.0,1.0876523968100622,0.4911721231906781,1.0,0.0,0.0,0.0,0.0,17.0,3.8015828924952735
4.0,1.0,0.0,2.0,0.4028813884794261,0.5606550416233169,1.0,0.0,0.0,0.0,0.0,12.0,5.4665189127731235
8.0,0.0,0.0,2.0,1.0385662846120565,0.4448805143820336,0.0,0.0,0.0,0.0,0.0,10.0,2.0216965263605675
9.0,0.0,0.0,2.0,0.8661699446458389,0.9376893773792178,1.0,0.0,0.0,0.0,0.0,15.0,11.384358802224547
27.0,0.0,0.0,1.0,0.6542983850638131,0.8643157738035931,1.0,0.0,0.0,0.0,0.0,15.0,5.442361478338332
11.0,0.0,1.0,1.0,0.794642312285319,0.6155677662505742,1.0,1.0,0.0,0.0,0.0,10.0,5.715791886481314
18.0,0.0,0.0,2.0,0.8824293412794415,0.7350120007484051,1.0,0.0,0.0,0.0,0.0,10.0,5.036513049984002
2.0,1.0,0.0,2.0,0.4542745809257552,0.7774155260281385,0.0,0.0,0.0,0.0,0.0,9.0,6.365832665077083
27.0,1.0,0.0,2.0,0.553899792804266,0.4418805630768947,0.0,0.0,0.0,0.0,0.0,9.0,7.9180718869254045
14.0,0.0,1.0,1.0,0.4418026748404551,0.5258429939237347,0.0,1.0,0.0,0.0,0.0,11.0,7.870889511082803
30.0,0.0,1.0,2.0,0.9039229326814189,0.7915206870843267,1.0,1.0,0.0,0.0,0.0,15.0,6.139438961206634
16.0,0.0,0.0,2.0,0.6356719405283328,0.5845856622866651,1.0,0.0,0.0,0.0,0.0,16.0,3.25256581314846
3.0,0.0,0.0,0.0,0.6447945851108462,0.7081548547612438,0.0,0.0,0.0,0.0,0.0,16.0,10.444277300509585
5.0,0.0,0.0,0.0,0.9461054881250359,0.7526520818624503,0.0,0.0,0.0,0.0,0.0,9.0,11.160533495620093
20.0,1.0,0.0,0.0,1.0946333112557525,0.9227954079251331,1.0,0.0,0.0,0.0,0.0,14.0,4.000789314065984
5.0,0.0,1.0,1.0,0.5666344558336341,0.822866569948473,1.0,1.0,0.0,0.0,0.0,17.0,1.5535956974427747
34.0,0.0,0.0,1.0,0.744169943346742,0.723382114359241,0.0,0.0,0.0,0.0,0.0,17.0,4.695996001812667
23.0,1.0,0.0,1.0,0.5947144863594096,0.568886529249799,0.0,0.0,0.0,0.0,0.0,14.0,6.202893558238115
19.0,0.0,0.0,0.0,1.0712815997847207,0.8648266995440255,1.0,0.0,0.0,0.0,0.0,13.0,9.285665536198188
10.0,1.0,0.0,0.0,0.4313581428593199,0.7523511478170801,0.0,0.0,0.0,0.0,0.0,8.0,9.895053678191292
22.0,1.0,0.0,1.0,0.7190014003556665,0.6679179225425187,1.0,0.0,0.0,0.0,0.0,11.0,7.526482265873318
6.0,0.0,0.0,0.0,0.9876868796532817,0.3505666560610231,0.0,0.0,0.0,0.0,0.0,10.0,4.927923824619556
19.0,0.0,1.0,2.0,0.8403240982226035,0.6190504558680552,1.0,1.0,0.0,0.0,0.0,8.0,4.56793135081446
13.0,1.0,0.0,1.0,0.6554335949372182,0.8377571296512748,1.0,0.0,0.0,0.0,0.0,10.0,7.941164556009334
26.0,0.0,0.0,2.0,0.7913504326428279,0.6534783548122082,1.0,0.0,0.0,0.0,0.0,13.0,6.5914486071988305
22.0,0.0,0.0,1.0,1.0169681869960814,0.7479688815025313,0.0,0.0,0.0,0.0,0.0,10.0,10.442294881487383
33.0,1.0,0.0,2.0,0.6682373233784021,0.4297550814863485,0.0,0.0,0.0,0.0,0.0,14.0,6.125472909850876
19.0,0.0,0.0,0.0,0.5244040606653718,0.40227308519780325,1.0,0.0,0.0,0.0,0.0,15.0,4.4012706337983465
20.0,0.0,0.0,0.0,0.7920839443870289,0.6625246769089458,1.0,0.0,0.0,0.0,0.0,14.0,11.038344158781893
33.0,0.0,0.0,1.0,0.4972152130005925,0.4063001398179852,0.0,0.0,0.0,0.0,0.0,14.0,1.5034651792645162
9.0,1.0,0.0,1.0,1.031895208362932,0.5063190494800617,0.0,0.0,0.0,0.0,0.0,15.0,2.254212208250966
8.0,1.0,0.0,1.0,1.0365542804485084,0.7934092582634117,0.0,0.0,0.0,0.0,0.0,17.0,1.748234592502863
9.0,0.0,1.0,0.0,0.5933204760407315,0.7750706575849134,1.0,1.0,0.0,0.0,0.0,16.0,7.3293516570746995
14.0,0.0,0.0,1.0,0.5804277267557159,0.41801904602211915,0.0,0.0,0.0,0.0,0.0,11.0,3.5934052444048956
14.0,0.0,0.0,1.0,0.8531310340280784,0.4011694852518536,1.0,0.0,0.0,0.0,0.0,11.0,7.496747182325237
7.0,0.0,1.0,1.0,0.7145479296538599,0.7693453221838266,1.0,1.0,0.0,0.0,0.0,12.0,6.5600408200794655
15.0,0.0,0.0,1.0,0.7059916873166849,0.936033022588804,0.0,0.0,0.0,0.0,0.0,13.0,5.2006483883503964
10.0,0.0,0.0,2.0,0.6415119442917046,0.488913058061666,0.0,0.0,0.0,0.0,0.0,8.0,5.1607925773790715
4.0,1.0,0.0,2.0,0.9821159872966482,0.9296444273673811,0.0,0.0,0.0,0.0,0.0,8.0,4.527471889419952
19.0,0.0,1.0,1.0,0.9449470402879132,0.8977891005121356,0.0,1.0,0.0,0.0,0.0,9.0,2.3588240149549202
13.0,0.0,1.0,0.0,0.7104754428057799,0.7435846798100418,0.0,1.0,0.0,0.0,0.0,12.0,0.7620148562786235
3.0,0.0,0.0,1.0,0.4336812483479656,0.7904444529767932,1.0,0.0,0.0,0.0,0.0,17.0,11.57334185901155
13.0,0.0,0.0,2.0,0.8364530575408388,0.5669686894294226,0.0,0.0,0.0,0.0,0.0,16.0,0.592569161708741
31.0,1.0,0.0,0.0,0.49527500901719473,0.5545624750610734,0.0,0.0,0.0,0.0,0.0,10.0,5.6435322346174885
20.0,0.0,0.0,2.0,0.7551700226701609,0.7052214383120773,1.0,0.0,0.0,0.0,0.0,8.0,8.392039216164775
2.0,0.0,0.0,2.0,0.4790015822703075,0.6997759704444549,1.0,0.0,0.0,0.0,0.0,12.0,4.603861689549347
33.0,0.0,0.0,0.0,0.6575319925548833,0.777147214833633,1.0,0.0,0.0,0.0,0.0,14.0,3.911869710163976
34.0,0.0,0.0,1.0,1.0754802938728008,0.6780053048531188,1.0,0.0,0.0,0.0,0.0,11.0,3.0263135312800316
29.0,1.0,0.0,0.0,0.9137658877068293,0.6109543284032213,0.0,0.0,0.0,0.0,0.0,15.0,6.592938105837658
27.0,0.0,0.0,1.0,1.087209220840839,0.6144770564071756,0.0,0.0,0.0,0.0,0.0,14.0,11.066897291327123
7.0,0.0,0.0,0.0,1.0985874871400179,0.4023899037918255,1.0,0.0,0.0,0.0,0.0,11.0,10.848253134609482
25.0,0.0,0.0,0.0,0.748249801236135,0.6743349234408267,0.0,0.0,0.0,0.0,0.0,11.0,9.696359398591007
28.0,0.0,0.0,1.0,0.7446143273746777,0.4728797765250751,0.0,0.0,0.0,0.0,0.0,16.0,11.186005928528061
8.0,1.0,0.0,1.0,1.0166648233019409,0.6077071445922945,1.0,0.0,0.0,0.0,0.0,9.0,9.41853536201076
14.0,0.0,1.0,1.0,0.5607025107723475,0.5546318452225113,1.0,1.0,0.0,0.0,0.0,12.0,10.41237086245466
18.0,0.0,0.0,1.0,0.9670793708381016,0.40888231605613384,0.0,0.0,0.0,0.0,0.0,13.0,4.290519802570716
15.0,0.0,0.0,0.0,0.8940342043557702,0.6160529700606606,0.0,0.0,0.0,0.0,0.0,16.0,5.075956364882889
29.0,0.0,0.0,0.0,1.0728087345826156,0.757779601607133,0.0,0.0,0.0,0.0,0.0,8.0,2.277599118522861
24.0,0.0,0.0,0.0,0.6831219998373295,0.8917923754218544,1.0,0.0,0.0,0.0,0.0,9.0,0.4259913501740009
22.0,0.0,0.0,1.0,0.49089332683012776,0.8020221072675794,0.0,0.0,0.0,0.0,0.0,15.0,9.901765070697358
19.0,1.0,0.0,0.0,0.7202329928787116,0.3773625027806688,0.0,0.0,0.0,0.0,0.0,9.0,0.7931073677930449
22.0,0.0,1.0,0.0,0.6953688890688079,0.6622734101332151,1.0,1.0,0.0,0.0,0.0,10.0,2.5959099128802072
28.0,0.0,0.0,1.0,1.0038400200209208,0.7972478482541717,1.0,0.0,0.0,0.0,0.0,12.0,9.084622700095196
32.0,0.0,0.0,1.0,0.8728076433371765,0.9290738697499545,1.0,0.0,0.0,0.0,0.0,8.0,10.459541153978027
2.0,0.0,0.0,0.0,0.5027132961992032,0.5231014519317821,1.0,0.0,0.0,0.0,0.0,9.0,7.631984303155345
24.0,0.0,0.0,1.0,0.843751623569409,0.42910178665107757,0.0,0.0,0.0,0.0,0.0,10.0,6.829446807942457
16.0,0.0,0.0,0.0,0.5884491266987334,0.8659781691951406,1.0,0.0,0.0,0.0,0.0,16.0,6.479258072632973
23.0,0.0,0.0,2.0,0.8145420629776476,0.5827010416202223,0.0,0.0,0.0,0.0,0.0,13.0,0.20007084656094534
5.0,0.0,0.0,0.0,0.9699316204807548,0.612081973323599,0.0,0.0,0.0,0.0,0.0,9.0,6.15620638656732
13.0,0.0,0.0,0.0,0.6041868435509488,0.641182395445877,1.0,0.0,0.0,0.0,0.0,9.0,9.966926536220152
4.0,0.0,0.0,0.0,1.022726450439545,0.8775621408556923,0.0,0.0,0.0,0.0,0.0,16.0,6.200485858173474
34.0,0.0,0.0,0.0,0.5225131837346978,0.851850844497622,0.0,0.0,0.0,0.0,0.0,9.0,2.068615567617376
10.0,0.0,0.0,1.0,1.070029878811642,0.9169764787424474,0.0,0.0,0.0,0.0,0.0,9.0,4.058247164039003
29.0,0.0,1.0,0.0,0.9620061090044397,0.8715339491448436,1.0,1.0,0.0,0.0,0.0,15.0,0.28099754693116863
30.0,0.0,0.0,1.0,0.5903860938452571,0.6954557103699894,1.0,0.0,0.0,0.0,0.0,11.0,2.264756624174277
11.0,0.0,0.0,1.0,0.6907658325090411,0.5741621117768826,0.0,0.0,0.0,0.0,0.0,15.0,0.46754359510057714
7.0,1.0,0.0,1.0,0.936341732200956,0.7717978979901304,0.0,0.0,0.0,0.0,0.0,17.0,6.275114142122246
34.0,0.0,0.0,1.0,0.5355172909414926,0.8578348958285946,0.0,0.0,0.0,0.0,0.0,10.0,4.6625106180488185
20.0,0.0,1.0,2.0,1.0534024525430008,0.45427853598637663,0.0,1.0,0.0,0.0,0.0,16.0,11.296486872723657
12.0,0.0,0.0,0.0,0.5149211455249652,0.8495567296711332,0.0,0.0,0.0,0.0,0.0,10.0,11.472899338571729
6.0,1.0,0.0,0.0,0.8429520884326369,0.7617515508016084,0.0,0.0,0.0,0.0,0.0,12.0,4.303864764689389
27.0,0.0,0.0,1.0,0.5996397862187846,0.783601524790354,1.0,0.0,0.0,0.0,0.0,10.0,7.983641215615776
7.0,0.0,0.0,1.0,0.848544167203313,0.5501343167988487,1.0,0.0,0.0,0.0,0.0,12.0,10.216456695251638
14.0,0.0,0.0,1.0,0.40276807407007087,0.7411638880345528,0.0,0.0,0.0,0.0,0.0,12.0,7.817321130242976
21.0,0.0,0.0,1.0,0.9154592617222698,0.782373839693767,0.0,0.0,0.0,0.0,0.0,10.0,7.324517537360273
13.0,0.0,1.0,0.0,0.4299041078313083,0.8852889033422989,0.0,1.0,0.0,0.0,0.0,14.0,10.371736667325399
2.0,0.0,0.0,2.0,0.47653044924952803,0.5155170128244678,0.0,0.0,0.0,0.0,0.0,13.0,8.690107196356553
18.0,1.0,0.0,1.0,0.9598448384928063,0.925749743796917,0.0,0.0,0.0,0.0,0.0,8.0,9.946109496391298
4.0,0.0,0.0,1.0,0.9115581672940671,0.46746470257505945,1.0,0.0,0.0,0.0,0.0,11.0,3.8898954047856056
29.0,0.0,0.0,1.0,0.9962568070485381,0.4265792978243485,0.0,0.0,0.0,0.0,0.0,16.0,5.116911113979008
11.0,0.0,0.0,0.0,1.0392284882390757,0.5015375940218749,0.0,0.0,0.0,0.0,0.0,15.0,3.898794787155397
29.0,0.0,0.0,1.0,0.5247312212487759,0.39295311056082793,0.0,0.0,0.0,0.0,0.0,13.0,4.83305176831304
7.0,0.0,0.0,0.0,0.5810738408999658,0.6898325066883999,1.0,0.0,0.0,0.0,0.0,16.0,9.096548131967761
22.0,0.0,0.0,0.0,0.797589023111475,0.5264975180395949,0.0,0.0,0.0,0.0,0.0,11.0,7.70467592538852
22.0,1.0,0.0,0.0,0.9292127889571041,0.47797681454792385,0.0,0.0,0.0,0.0,0.0,17.0,10.168722076117207
30.0,0.0,1.0,2.0,0.8567749083709136,0.8329059686075453,1.0,1.0,0.0,0.0,0.0,9.0,7.981615334056303
7.0,0.0,1.0,2.0,0.8457922812740154,0.8670227984291048,1.0,1.0,0.0,0.0,0.0,17.0,8.344500000415408
28.0,0.0,0.0,0.0,0.50557699786736,0.5590427456952458,1.0,0.0,0.0,0.0,0.0,16.0,2.6198204819632336
22.0,1.0,0.0,1.0,1.0036152336323145,0.6728801505163722,0.0,0.0,0.0,0.0,0.0,8.0,8.679062974877422
31.0,0.0,0.0,0.0,0.5784746240566965,0.8214616753060089,1.0,0.0,0.0,0.0,0.0,9.0,2.3771861258009896
30.0,0.0,0.0,1.0,0.8054654366952624,0.5738102390482983,1.0,0.0,0.0,0.0,0.0,12.0,7.761978237093397
18.0,0.0,0.0,1.0,0.834691203133444,0.5029520261599687,0.0,0.0,0.0,0.0,0.0,17.0,11.443549872526955
4.0,0.0,0.0,0.0,0.5627764249057428,0.48036382488109797,1.0,0.0,0.0,0.0,0.0,17.0,8.25084886891819
7.0,1.0,0.0,1.0,0.5706604044467877,0.63051550053318,1.0,0.0,0.0,0.0,0.0,12.0,6.080697562574628
12.0,0.0,0.0,0.0,0.9864323808069847,0.7890119359811546,0.0,0.0,0.0,0.0,0.0,17.0,8.910739781216554
3.0,0.0,0.0,1.0,0.7855984041513476,0.502686326829311,0.0,0.0,0.0,0.0,0.0,9.0,5.9506358355186375
17.0,0.0,0.0,1.0,0.737449523914649,0.8926439637970897,0.0,0.0,0.0,0.0,0.0,16.0,1.098454638358309
2.0,0.0,0.0,0.0,0.46755115998056307,0.9276292407761487,0.0,0.0,0.0,0.0,0.0,10.0,4.084723686621457
12.0,0.0,0.0,0.0,0.9280249001657852,0.7564905874466583,1.0,0.0,0.0,0.0,0.0,17.0,3.898188795928387
20.0,0.0,0.0,0.0,0.5244326179486848,0.4232287846154811,0.0,0.0,0.0,0.0,0.0,9.0,5.2744798761531735
31.0,0.0,1.0,0.0,0.9017793602342655,0.8051593205401284,1.0,1.0,0.0,0.0,0.0,10.0,1.0533800896555952
34.0,1.0,0.0,0.0,0.5517479635149541,0.5622506023417407,1.0,0.0,0.0,0.0,0.0,11.0,1.5104214389451671
34.0,0.0,0.0,0.0,0.9182654795415974,0.5051292953087142,0.0,0.0,0.0,0.0,0.0,12.0,11.237129686047538
31.0,1.0,0.0,0.0,0.8977739537717087,0.7713220391863395,1.0,0.0,0.0,0.0,0.0,8.0,4.597477597613124
26.0,1.0,0.0,0.0,0.4964225535813268,0.83634702023442,0.0,0.0,0.0,0.0,0.0,11.0,6.075026951088213
16.0,0.0,0.0,1.0,0.52847545501605,0.8754711459880025,0.0,0.0,0.0,0.0,0.0,13.0,8.361325516587515
29.0,0.0,0.0,1.0,0.8815810001416593,0.5141014339522291,0.0,0.0,0.0,0.0,0.0,17.0,9.148637207990085
22.0,0.0,0.0,0.0,0.638937248519328,0.795704467108335,0.0,0.0,0.0,0.0,0.0,14.0,3.59167958287327
13.0,0.0,0.0,1.0,0.6391631063617425,0.6093229238170447,1.0,0.0,0.0,0.0,0.0,8.0,4.707573699136336
27.0,0.0,0.0,1.0,0.43546743546732086,0.4607235048570114,0.0,0.0,0.0,0.0,0.0,14.0,1.2793955681648423
27.0,0.0,0.0,0.0,0.7533546761929396,0.8181412216451147,0.0,0.0,0.0,0.0,0.0,15.0,8.250544979212183
3.0,0.0,0.0,2.0,0.5197368522672103,0.7777579346079581,0.0,0.0,0.0,0.0,0.0,15.0,8.142454950165533
34.0,0.0,0.0,1.0,1.0168194801292199,0.8504686042801982,0.0,0.0,0.0,0.0,0.0,9.0,3.1075611985446328
31.0,0.0,0.0,1.0,0.41357277620475297,0.62094388187142,0.0,0.0,0.0,0.0,0.0,14.0,6.750975551181105
33.0,0.0,0.0,0.0,0.45249783423301965,0.36986113521989933,0.0,0.0,0.0,0.0,0.0,12.0,3.6828053667308502
26.0,0.0,0.0,1.0,0.47443880097859326,0.8186320077048733,1.0,0.0,0.0,0.0,0.0,8.0,5.003633064123658
5.0,0.0,0.0,2.0,0.5155507615212321,0.42547459118433595,1.0,0.0,0.0,0.0,0.0,16.0,11.208584380369384
14.0,0.0,0.0,2.0,0.6302768755269057,0.4236091346726589,1.0,0.0,0.0,0.0,0.0,10.0,0.22721627171338882
4.0,1.0,0.0,0.0,0.48134266177774515,0.5840599825792895,1.0,0.0,0.0,0.0,0.0,14.0,4.22538247751022
28.0,1.0,0.0,2.0,0.7503232924828119,0.5369584414759088,1.0,0.0,0.0,0.0,0.0,13.0,3.4722574373948993
17.0,0.0,0.0,0.0,0.6760138412757225,0.926194100858353,1.0,0.0,0.0,0.0,0.0,10.0,7.2419510181622515
5.0,0.0,0.0,2.0,0.9072986287701632,0.5445806732296562,1.0,0.0,0.0,0.0,0.0,15.0,5.6170984849798025
13.0,0.0,1.0,0.0,0.5770789787362768,0.8392376265825383,1.0,1.0,0.0,0.0,0.0,13.0,3.509857983886008
31.0,0.0,0.0,2.0,0.875297768635537,0.4355810384573719,1.0,0.0,0.0,0.0,0.0,17.0,2.8325147833701223
25.0,0.0,0.0,1.0,0.40922644752049353,0.44073845902612574,1.0,0.0,0.0,0.0,0.0,10.0,4.0903938756314195
29.0,0.0,0.0,2.0,0.6816415462630132,0.5369096599026326,0.0,0.0,0.0,0.0,0.0,14.0,6.083304126031541
10.0,0.0,0.0,2.0,1.0215036105334434,0.3866027440620624,1.0,0.0,0.0,0.0,0.0,17.0,9.82577750210298
31.0,0.0,1.0,1.0,0.4685864780982461,0.9112945706687331,1.0,1.0,0.0,0.0,0.0,8.0,4.7121398393046405
13.0,0.0,0.0,0.0,0.5194323641521013,0.6795245447213264,0.0,0.0,0.0,0.0,0.0,15.0,3.545584041078326
12.0,0.0,0.0,2.0,1.029116617125064,0.8912141839015709,1.0,0.0,0.0,0.0,0.0,9.0,7.360438487309962
17.0,0.0,0.0,2.0,0.8568715001149634,0.8142499694218163,0.0,0.0,0.0,0.0,0.0,11.0,3.603558225685034
24.0,0.0,0.0,0.0,0.42247826288158047,0.9086881808162067,1.0,0.0,0.0,0.0,0.0,15.0,1.018932380960265
34.0,0.0,1.0,2.0,1.0566313063302357,0.8580931015475757,1.0,1.0,0.0,0.0,0.0,14.0,8.303754844505141
6.0,1.0,0.0,1.0,0.41036201385885873,0.89847632988579,0.0,0.0,0.0,0.0,0.0,10.0,9.074442301841177
20.0,0.0,0.0,1.0,1.0371661190152033,0.8719516487543524,0.0,0.0,0.0,0.0,0.0,12.0,9.102397978023443
21.0,1.0,0.0,0.0,0.8134604496078619,0.3873838231574897,0.0,0.0,0.0,0.0,0.0,10.0,1.8197851077119656
19.0,0.0,0.0,2.0,0.4587357132446802,0.6433393718376824,1.0,0.0,0.0,0.0,0.0,10.0,1.011415811706676
16.0,0.0,1.0,1.0,0.9285320433468621,0.6804498570981137,0.0,1.0,0.0,0.0,0.0,10.0,6.426647853868832
21.0,0.0,0.0,0.0,0.9114192894230875,0.7855050002371339,0.0,0.0,0.0,0.0,0.0,16.0,0.3103828417208437
10.0,0.0,0.0,2.0,1.0284289215764846,0.6394748656714617,1.0,0.0,0.0,0.0,0.0,8.0,1.8900101153990927
31.0,0.0,0.0,2.0,0.5409051866649255,0.7830357217266746,1.0,0.0,0.0,0.0,0.0,8.0,11.48325891380269
29.0,0.0,0.0,2.0,0.9173160485659079,0.8141278962562315,1.0,0.0,0.0,0.0,0.0,14.0,8.231194988604031
15.0,0.0,0.0,1.0,0.9397513043252265,0.439152776218657,1.0,0.0,0.0,0.0,0.0,15.0,7.470891884339386
3.0,0.0,0.0,1.0,0.9836556813124258,0.7947520199258208,1.0,0.0,0.0,0.0,0.0,8.0,3.7117201196648293
28.0,0.0,0.0,2.0,0.6493370666260962,0.6680430950161437,1.0,0.0,0.0,0.0,0.0,11.0,10.977427725546969
6.0,0.0,1.0,0.0,0.7163298536180411,0.9368224665950116,1.0,1.0,0.0,0.0,0.0,12.0,6.96759817527518
11.0,0.0,0.0,0.0,0.5969609689038644,0.7958239221922568,0.0,0.0,0.0,0.0,0.0,8.0,2.637388424677448
15.0,0.0,0.0,2.0,1.0431739491432428,0.8647567112577739,1.0,0.0,0.0,0.0,0.0,11.0,2.4006333187793762
23.0,1.0,0.0,2.0,0.40957084783043574,0.6988818401549598,0.0,0.0,0.0,0.0,0.0,16.0,8.862168100257485
10.0,0.0,0.0,1.0,1.0266666844701293,0.6630513658110502,0.0,0.0,0.0,0.0,0.0,10.0,10.489053938710738
19.0,1.0,0.0,0.0,0.710047066975247,0.924649535626945,1.0,0.0,0.0,0.0,0.0,13.0,6.27840644657062
31.0,0.0,0.0,0.0,0.5945118337828218,0.906812395874984,1.0,0.0,0.0,0.0,0.0,8.0,10.703230508113895
11.0,0.0,0.0,1.0,0.6082717530865107,0.7988333887726662,0.0,0.0,0.0,0.0,0.0,9.0,4.936816542121971
12.0,1.0,0.0,2.0,0.4202401906027982,0.5767942601347757,0.0,0.0,0.0,0.0,0.0,9.0,9.03776357490997
31.0,0.0,0.0,2.0,0.9416143722482889,0.7977927857385839,1.0,0.0,0.0,0.0,0.0,12.0,10.35139633771437
29.0,1.0,0.0,1.0,0.5227824453274325,0.47140619254728283,0.0,0.0,0.0,0.0,0.0,11.0,6.110685859734454
8.0,0.0,0.0,1.0,0.6185145453502516,0.9071983661591129,1.0,0.0,0.0,0.0,0.0,12.0,2.8289588214768155
28.0,0.0,0.0,2.0,0.5861057380119096,0.3801801721423038,1.0,0.0,0.0,0.0,0.0,17.0,9.272288385611224
31.0,0.0,1.0,0.0,0.5394987541967382,0.7356801463920963,1.0,1.0,0.0,0.0,0.0,8.0,6.747939103543259
24.0,0.0,0.0,2.0,0.753284080785517,0.699480921747411,1.0,0.0,0.0,0.0,0.0,16.0,2.813201398159991
16.0,0.0,0.0,2.0,1.0376138886493225,0.6819053102327722,1.0,0.0,0.0,0.0,0.0,17.0,5.661845874694443
34.0,0.0,0.0,0.0,1.0883345183014104,0.43413251769472316,1.0,0.0,0.0,0.0,0.0,13.0,9.78564764111021
11.0,1.0,0.0,2.0,1.031513132992779,0.41715603917759525,0.0,0.0,0.0,0.0,0.0,15.0,1.8857096874549168
3.0,0.0,0.0,1.0,0.5477128921646367,0.9438560403859907,0.0,0.0,0.0,0.0,0.0,15.0,7.96967546641347
31.0,0.0,0.0,0.0,0.4711943392781072,0.9499035302933305,1.0,0.0,0.0,0.0,0.0,10.0,0.41080264407782263
24.0,0.0,0.0,2.0,0.47682397041363184,0.72561332169293,0.0,0.0,0.0,0.0,0.0,10.0,4.64797361882085
24.0,1.0,0.0,2.0,0.8245158138337199,0.7738963204246937,0.0,0.0,0.0,0.0,0.0,10.0,8.749926454924601
28.0,0.0,0.0,0.0,0.7656216296807508,0.671850759955017,0.0,0.0,0.0,0.0,0.0,14.0,6.006806709432682
26.0,0.0,0.0,0.0,0.8208969616845625,0.5316640382341716,0.0,0.0,0.0,0.0,0.0,13.0,6.500420631514092
14.0,0.0,1.0,1.0,0.43036398152321503,0.601440801153681,0.0,1.0,0.0,0.0,0.0,9.0,1.8293486997666875
13.0,0.0,0.0,0.0,0.5730804857708243,0.8852987112624553,1.0,0.0,0.0,0.0,0.0,15.0,2.053489929537934
3.0,0.0,1.0,2.0,0.8972247960825956,0.8166276145760973,1.0,1.0,0.0,0.0,0.0,16.0,1.3859480326040332
12.0,0.0,0.0,1.0,1.0675000947653621,0.9068545093791134,0.0,0.0,0.0,0.0,0.0,13.0,4.960445862613452
18.0,0.0,0.0,2.0,0.5283153978925745,0.8553800939006424,1.0,0.0,0.0,0.0,0.0,14.0,6.984327962041231
27.0,0.0,0.0,2.0,0.5226073797020754,0.5449463088367663,1.0,0.0,0.0,0.0,0.0,8.0,2.7895286346137693
14.0,1.0,0.0,0.0,0.9056729059568052,0.6270373975443644,1.0,0.0,0.0,0.0,0.0,17.0,4.2939652196645595
8.0,1.0,0.0,0.0,0.8534730879603832,0.9166195228928644,0.0,0.0,0.0,0.0,0.0,13.0,8.305851115204534
13.0,0.0,0.0,1.0,0.689663943895867,0.521605319887084,1.0,0.0,0.0,0.0,0.0,14.0,5.079689627135953
7.0,0.0,0.0,2.0,0.49083217796274414,0.8413480680675334,0.0,0.0,0.0,0.0,0.0,15.0,3.802239170337317
21.0,0.0,1.0,0.0,0.8306346017079446,0.5523796788733525,0.0,1.0,0.0,0.0,0.0,11.0,10.790712402633035
31.0,1.0,0.0,1.0,0.9076836034029433,0.8915140575301589,0.0,0.0,0.0,0.0,0.0,11.0,11.596223596328059
11.0,0.0,0.0,1.0,0.689553658727988,0.47979211857814646,0.0,0.0,0.0,0.0,0.0,16.0,8.988298749864024
19.0,0.0,1.0,2.0,0.7787552391049242,0.5052698921898209,1.0,1.0,0.0,0.0,0.0,10.0,2.3515691138916233
34.0,0.0,0.0,0.0,0.4283843836484011,0.4336505668396542,0.0,0.0,0.0,0.0,0.0,9.0,11.061345852929895
25.0,0.0,0.0,1.0,1.0279570586489213,0.6584784954324852,0.0,0.0,0.0,0.0,0.0,10.0,6.205364580051198
15.0,0.0,0.0,1.0,0.7190830495358784,0.5193815941599204,0.0,0.0,0.0,0.0,0.0,8.0,5.472349844388101
26.0,0.0,1.0,2.0,0.45449550377044257,0.8964173430059552,0.0,1.0,0.0,0.0,0.0,14.0,3.891170077968359
12.0,0.0,0.0,1.0,0.5879372372377613,0.6497380912762017,0.0,0.0,0.0,0.0,0.0,14.0,8.999513624591273
24.0,1.0,0.0,1.0,0.5282238879050442,0.9439205132211343,0.0,0.0,0.0,0.0,0.0,11.0,0.6536400747847316
20.0,0.0,0.0,1.0,0.799703105594616,0.6714689067977879,1.0,0.0,0.0,0.0,0.0,10.0,2.5045538689954765
33.0,1.0,0.0,1.0,0.8974516079271795,0.5650045230659068,1.0,0.0,0.0,0.0,0.0,16.0,3.6419121794969813
11.0,0.0,0.0,0.0,0.8446013831111682,0.40435978924524735,0.0,0.0,0.0,0.0,0.0,15.0,1.0385754147010995
8.0,0.0,0.0,1.0,0.41861867478483467,0.8918351245561061,0.0,0.0,0.0,0.0,0.0,10.0,7.190009208626104
15.0,0.0,0.0,1.0,0.8733843712517918,0.6432912913314297,1.0,0.0,0.0,0.0,0.0,16.0,0.29054666573359006
3.0,0.0,1.0,1.0,0.8258280075628739,0.6951775661300804,0.0,1.0,0.0,0.0,0.0,14.0,0.633762406469936
27.0,1.0,0.0,0.0,0.4582265668715531,0.8444715153753101,1.0,0.0,0.0,0.0,0.0,13.0,11.398403854254614
25.0,0.0,0.0,1.0,1.0554033616421852,0.6964930833645611,1.0,0.0,0.0,0.0,0.0,16.0,9.473376081550834
7.0,1.0,0.0,2.0,0.8893130546829693,0.3579226730611394,1.0,0.0,0.0,0.0,0.0,9.0,6.261288130080636
33.0,0.0,1.0,0.0,0.46709932353442823,0.8288690971846184,1.0,1.0,0.0,0.0,0.0,16.0,3.28570270471425
14.0,0.0,0.0,1.0,0.8397447755226982,0.3995065079524082,0.0,0.0,0.0,0.0,0.0,14.0,0.41859612741722774
2.0,0.0,0.0,2.0,0.6891229314306017,0.579007529503562,0.0,0.0,0.0,0.0,0.0,16.0,2.4976871584359923
5.0,1.0,0.0,2.0,0.45926956720342793,0.871226340778933,0.0,0.0,0.0,0.0,0.0,11.0,11.248570242893509
5.0,0.0,0.0,1.0,0.5398536229098256,0.7867788789225925,1.0,0.0,0.0,0.0,0.0,9.0,1.303763885507262
8.0,0.0,0.0,0.0,1.0044881685342135,0.9446488757862909,0.0,0.0,0.0,0.0,0.0,8.0,11.054165325189707
23.0,0.0,0.0,0.0,0.6804912805886959,0.7123350863699089,0.0,0.0,0.0,0.0,0.0,17.0,0.20847868173433856
10.0,0.0,0.0,2.0,0.4238883391793554,0.8273324966853303,0.0,0.0,0.0,0.0,0.0,10.0,2.099021493439509
2.0,0.0,0.0,1.0,1.0830305411488932,0.9323082146932852,1.0,0.0,0.0,0.0,0.0,15.0,1.2567495270549622
6.0,0.0,1.0,2.0,0.6324985295672345,0.8190536376829908,1.0,1.0,0.0,0.0,0.0,16.0,4.185348654127014
5.0,0.0,0.0,1.0,0.7951005661958671,0.7957557643975082,1.0,0.0,0.0,0.0,0.0,17.0,11.434364263762289
30.0,0.0,0.0,2.0,0.40531636165369295,0.4830899819876187,0.0,0.0,0.0,0.0,0.0,17.0,2.527891780628636
6.0,0.0,0.0,1.0,0.8709511349386968,0.8811432189322529,0.0,0.0,0.0,0.0,0.0,13.0,2.2480564598412784
34.0,1.0,0.0,1.0,0.9853885881316814,0.8284413113073519,0.0,0.0,0.0,0.0,0.0,13.0,0.5238095317549647
14.0,0.0,0.0,1.0,0.6008189760715328,0.5603391310415493,0.0,0.0,0.0,0.0,0.0,14.0,9.525065188955509
26.0,0.0,0.0,2.0,0.9174350915754911,0.5648458905580284,0.0,0.0,0.0,0.0,0.0,9.0,10.470360793019644
24.0,0.0,1.0,1.0,1.0036538316838333,0.8107649554683509,0.0,1.0,0.0,0.0,0.0,17.0,4.105210681330246
4.0,0.0,1.0,1.0,0.6531591210719626,0.6167223127583139,1.0,1.0,0.0,0.0,0.0,12.0,3.9073919017034764
11.0,0.0,0.0,1.0,0.7397953313362771,0.7406535405560718,0.0,0.0,0.0,0.0,0.0,12.0,1.0813657197161282
9.0,0.0,0.0,0.0,0.41721866579005057,0.8845146049978511,0.0,0.0,0.0,0.0,0.0,13.0,6.57732877253226
8.0,0.0,0.0,2.0,0.7567788395404543,0.3675367897430867,1.0,0.0,0.0,0.0,0.0,15.0,6.969744414701314
30.0,1.0,0.0,1.0,0.969411258468425,0.6241603481280513,1.0,0.0,0.0,0.0,0.0,15.0,1.1980068088320877
33.0,0.0,1.0,0.0,0.6685573307908969,0.5997091552059255,1.0,1.0,0.0,0.0,0.0,8.0,5.839250668294572
27.0,0.0,1.0,2.0,0.6276309130943937,0.4807649421441305,0.0,1.0,0.0,0.0,0.0,8.0,1.0688951840731762
19.0,0.0,0.0,2.0,1.0764558263891213,0.49006556322662304,1.0,0.0,0.0,0.0,0.0,16.0,9.723455455332099
2.0,0.0,0.0,0.0,0.7286592303607944,0.5547778041355438,0.0,0.0,0.0,0.0,0.0,12.0,5.997039292587166
7.0,0.0,0.0,2.0,0.826193214562245,0.35832157163551387,1.0,0.0,0.0,0.0,0.0,12.0,6.971516845290804
27.0,0.0,0.0,0.0,0.9676963170041174,0.8659128242272244,0.0,0.0,0.0,0.0,0.0,16.0,0.5712553873672903
32.0,0.0,1.0,2.0,0.47151931936567665,0.6936108618956545,1.0,1.0,0.0,0.0,0.0,11.0,6.192792598673837
21.0,0.0,1.0,2.0,1.0835942656843691,0.9141622841407854,0.0,1.0,0.0,0.0,0.0,15.0,8.08462260848076
24.0,0.0,0.0,1.0,1.0809851585219634,0.7914111282051797,0.0,0.0,0.0,0.0,0.0,14.0,6.317674378479998
16.0,0.0,0.0,1.0,0.7845877492248219,0.829279456755173,1.0,0.0,0.0,0.0,0.0,16.0,3.4267386948000915
19.0,0.0,0.0,1.0,1.0312894304437452,0.6457386016599903,1.0,0.0,0.0,0.0,0.0,14.0,10.020745126323447
2.0,0.0,0.0,2.0,0.7275780698873974,0.37670019299741414,1.0,0.0,0.0,0.0,0.0,17.0,2.162228546315221
33.0,0.0,1.0,1.0,1.0389892046873836,0.5837366309501519,1.0,1.0,0.0,0.0,0.0,8.0,11.54117253734715
7.0,0.0,0.0,0.0,0.627214870824652,0.7662278160682328,1.0,0.0,0.0,0.0,0.0,16.0,11.335296937416869
18.0,0.0,0.0,0.0,0.8785835495036086,0.7527776102699615,1.0,0.0,0.0,0.0,0.0,9.0,6.127371925347382
19.0,0.0,0.0,0.0,0.5282633046600306,0.3630229900820943,0.0,0.0,0.0,0.0,0.0,17.0,4.075238539612323
28.0,0.0,0.0,1.0,0.8110567869378381,0.7034228521137667,1.0,0.0,0.0,0.0,0.0,12.0,5.281345450991801
11.0,1.0,0.0,1.0,0.654702620389832,0.9434024487222828,0.0,0.0,0.0,0.0,0.0,17.0,6.516531238151489
16.0,1.0,0.0,1.0,1.0586488554793791,0.5099456672833467,1.0,0.0,0.0,0.0,0.0,17.0,8.479623847056395
16.0,0.0,0.0,0.0,0.7003844807398661,0.9279122630485096,1.0,0.0,0.0,0.0,0.0,14.0,9.745082630255908
2.0,1.0,0.0,0.0,0.930941707216871,0.41181026862701964,1.0,0.0,0.0,0.0,0.0,13.0,2.0475252794596304
3.0,0.0,0.0,1.0,0.9496084152052467,0.6004337507655682,0.0,0.0,0.0,0.0,0.0,14.0,3.7053415244350707
12.0,0.0,0.0,2.0,0.5742475245777013,0.924058302962731,1.0,0.0,0.0,0.0,0.0,11.0,3.8051053978893954
19.0,0.0,0.0,1.0,0.4500006796410934,0.7363174919627226,1.0,0.0,0.0,0.0,0.0,13.0,9.989644700401442
28.0,0.0,0.0,2.0,0.6507996600649707,0.8763323821941996,1.0,0.0,0.0,0.0,0.0,11.0,1.3946909212275855
32.0,0.0,0.0,1.0,0.9628599806872955,0.3598591631829862,1.0,0.0,0.0,0.0,0.0,17.0,10.469545322047656
34.0,1.0,0.0,1.0,0.7788758129123382,0.6143317676568064,1.0,0.0,0.0,0.0,0.0,11.0,8.398244105379458
14.0,1.0,0.0,0.0,0.7491744899732878,0.9191659851586362,1.0,0.0,0.0,0.0,0.0,15.0,5.11259013333051
16.0,0.0,0.0,0.0,0.935674451782459,0.46716029053876273,1.0,0.0,0.0,0.0,0.0,14.0,11.288767268187042
24.0,0.0,0.0,0.0,1.0219222889151955,0.8163389209991612,0.0,0.0,0.0,0.0,0.0,11.0,2.302072265308741
7.0,0.0,0.0,1.0,0.963281840118134,0.5160715381162893,0.0,0.0,0.0,0.0,0.0,17.0,0.5682904036088932
18.0,0.0,0.0,0.0,1.0864774669453288,0.8480141834081479,0.0,0.0,0.0,0.0,0.0,15.0,2.2804028229296853
25.0,0.0,0.0,2.0,0.7370693435965444,0.5715731200914211,1.0,0.0,0.0,0.0,0.0,9.0,5.405547513653489
31.0,1.0,0.0,2.0,1.0751559340249608,0.7992113070687812,1.0,0.0,0.0,0.0,0.0,16.0,10.327716998515884
12.0,0.0,0.0,1.0,0.4606619006398698,0.634043211242224,0.0,0.0,0.0,0.0,0.0,16.0,6.046538727206735
20.0,0.0,0.0,1.0,0.4912111488522946,0.8084928531756636,1.0,0.0,0.0,0.0,0.0,11.0,7.13822858014745
17.0,0.0,0.0,0.0,0.6758492899407043,0.9200468705510755,0.0,0.0,0.0,0.0,0.0,17.0,5.730476286278418
31.0,0.0,0.0,1.0,0.6121106038497545,0.7226542308946874,1.0,0.0,0.0,0.0,0.0,8.0,6.39417873269718
24.0,0.0,0.0,1.0,0.6696756724185334,0.7618573035688041,1.0,0.0,0.0,0.0,0.0,15.0,9.54694058381464
3.0,0.0,0.0,1.0,0.5875690465664846,0.7364895374807886,1.0,0.0,0.0,0.0,0.0,17.0,10.639835920264614
22.0,0.0,1.0,1.0,0.9039098981324484,0.7231432703409444,0.0,1.0,0.0,0.0,0.0,16.0,1.5519082586711381
34.0,0.0,0.0,0.0,0.5022410979280167,0.5706525218590793,0.0,0.0,0.0,0.0,0.0,8.0,10.816221767645844
13.0,0.0,1.0,0.0,0.9935689148876383,0.946584331013036,0.0,1.0,0.0,0.0,0.0,11.0,9.89259941821855
24.0,0.0,1.0,0.0,0.9643631144372955,0.6944703836086993,1.0,1.0,0.0,0.0,0.0,16.0,11.93463057923895
3.0,0.0,0.0,2.0,0.9789506908905188,0.8746855865722883,0.0,0.0,0.0,0.0,0.0,14.0,4.484375331513727
20.0,0.0,0.0,1.0,0.7904211185452794,0.39465796404743014,0.0,0.0,0.0,0.0,0.0,10.0,1.0518665816568422
8.0,1.0,0.0,1.0,0.8889948821399364,0.6189626284998969,0.0,0.0,0.0,0.0,0.0,15.0,2.865853136292179
33.0,0.0,0.0,1.0,0.6064781355272943,0.9012449232331324,0.0,0.0,0.0,0.0,0.0,12.0,1.2641783915181206
24.0,0.0,0.0,0.0,0.7773667032013473,0.5792593900824955,0.0,0.0,0.0,0.0,0.0,16.0,3.9326976123784156
28.0,0.0,0.0,2.0,1.0863774755907816,0.5452699699797209,0.0,0.0,0.0,0.0,0.0,11.0,1.900258853744478
33.0,0.0,0.0,0.0,0.9829478223359871,0.477629585982429,0.0,0.0,0.0,0.0,0.0,14.0,11.370442585504941
16.0,1.0,0.0,1.0,0.8478429417281599,0.7908092472054131,0.0,0.0,0.0,0.0,0.0,8.0,7.65864010080387
23.0,0.0,0.0,2.0,0.5636028078870988,0.44633207386888385,0.0,0.0,0.0,0.0,0.0,10.0,7.454752417542955
33.0,0.0,1.0,0.0,0.9984579755391092,0.5809584693097395,0.0,1.0,0.0,0.0,0.0,12.0,4.750518227044235
9.0,0.0,0.0,2.0,0.43995007812389536,0.41113012829008205,1.0,0.0,0.0,0.0,0.0,10.0,9.328056841562914
9.0,1.0,0.0,0.0,0.7938938473654259,0.7116032012027381,0.0,0.0,0.0,0.0,0.0,10.0,6.654903173562549
32.0,0.0,0.0,0.0,0.4128242980000176,0.7332119997598423,0.0,0.0,0.0,0.0,0.0,9.0,1.1232928074841693
21.0,0.0,1.0,0.0,0.5241214679070281,0.4342401603986913,0.0,1.0,0.0,0.0,0.0,15.0,6.5630468496819026
26.0,0.0,0.0,0.0,0.5051774663868831,0.8030128392269811,0.0,0.0,0.0,0.0,0.0,15.0,9.553365285564274
27.0,1.0,0.0,2.0,1.0174631361983781,0.9478318948510338,1.0,0.0,0.0,0.0,0.0,17.0,7.259415475894611
10.0,0.0,0.0,2.0,0.661290265713423,0.7236904914025287,0.0,0.0,0.0,0.0,0.0,12.0,11.19993760700481
21.0,0.0,1.0,1.0,0.6240388742637808,0.5288352193194656,0.0,1.0,0.0,0.0,0.0,14.0,5.630196174057857
14.0,0.0,0.0,2.0,1.090233282472124,0.4035430761933697,1.0,0.0,0.0,0.0,0.0,17.0,1.6870365809823067
11.0,0.0,0.0,2.0,0.606008716917633,0.469191496341511,0.0,0.0,0.0,0.0,0.0,15.0,1.275304682639119
28.0,0.0,0.0,1.0,0.8858472053286436,0.6588250955565768,0.0,0.0,0.0,0.0,0.0,16.0,11.834358914487277
7.0,0.0,0.0,1.0,1.0246706202753615,0.7166214427446737,0.0,0.0,0.0,0.0,0.0,14.0,2.2531094334116055
29.0,0.0,0.0,1.0,0.5021608844843788,0.44183908535826477,1.0,0.0,0.0,0.0,0.0,16.0,4.972101256202574
14.0,0.0,0.0,2.0,0.5093639691256989,0.3620108548884781,1.0,0.0,0.0,0.0,0.0,8.0,11.132715032600043
27.0,0.0,0.0,1.0,0.789979444807622,0.7149789261928505,1.0,0.0,0.0,0.0,0.0,8.0,11.288221256015154
9.0,0.0,0.0,2.0,0.6276648279476544,0.6413742186954866,1.0,0.0,0.0,0.0,0.0,17.0,6.475147866132906
28.0,0.0,1.0,0.0,0.9265139560181871,0.3809417452332818,0.0,1.0,0.0,0.0,0.0,9.0,5.703284105361547
16.0,0.0,1.0,0.0,0.9785326312034224,0.8452497064283073,0.0,1.0,0.0,0.0,0.0,17.0,3.0972111355984766
11.0,0.0,0.0,2.0,0.909848397514731,0.7169371929045643,1.0,0.0,0.0,0.0,0.0,10.0,4.869302759696105
6.0,0.0,0.0,2.0,0.5697576101454659,0.541753164631857,0.0,0.0,0.0,0.0,0.0,15.0,10.328473815923518
25.0,0.0,0.0,2.0,0.7772650032790835,0.8910871099768143,1.0,0.0,0.0,0.0,0.0,16.0,6.916627018540922
7.0,0.0,0.0,1.0,0.7003863354314102,0.8392642438815533,1.0,0.0,0.0,0.0,0.0,10.0,10.408831795754708
18.0,0.0,0.0,1.0,0.8900982155783072,0.7180798378244597,1.0,0.0,0.0,0.0,0.0,11.0,3.5140679880466332
15.0,0.0,0.0,1.0,0.7403535306533333,0.4976964834914664,0.0,0.0,0.0,0.0,0.0,9.0,6.044601538103463
25.0,0.0,0.0,2.0,1.0509156427679187,0.40612535799768334,0.0,0.0,0.0,0.0,0.0,14.0,5.656669270717603
11.0,0.0,0.0,1.0,0.45304271051366507,0.3615274392258757,0.0,0.0,0.0,0.0,0.0,16.0,3.9213961366634726
7.0,0.0,0.0,2.0,1.0351671215148945,0.5488046473595181,1.0,0.0,0.0,0.0,0.0,13.0,9.5312033964049
20.0,0.0,0.0,1.0,0.8272762746431629,0.7415781967869057,1.0,0.0,0.0,0.0,0.0,15.0,1.0203021172576905
21.0,1.0,0.0,2.0,0.4121088154246363,0.7066584340358509,1.0,0.0,0.0,0.0,0.0,13.0,10.363626522818564
26.0,1.0,0.0,2.0,0.9577719153739286,0.9465611896453956,0.0,0.0,0.0,0.0,0.0,17.0,10.65104045317901
27.0,1.0,0.0,0.0,0.6343375676869629,0.8586576158167439,1.0,0.0,0.0,0.0,0.0,12.0,7.670667861519852
29.0,0.0,0.0,1.0,0.8937692916826459,0.3859576091709494,0.0,0.0,0.0,0.0,0.0,11.0,9.463085998167537
15.0,0.0,0.0,0.0,0.7658817683267632,0.5398051253809015,1.0,0.0,0.0,0.0,0.0,8.0,3.3416866351906354
22.0,0.0,0.0,2.0,0.4048516256306389,0.5623099998728117,1.0,0.0,0.0,0.0,0.0,11.0,10.41350604253737
19.0,0.0,0.0,0.0,0.6860500156623681,0.4212444185531037,1.0,0.0,0.0,0.0,0.0,10.0,5.8505883126463845
25.0,0.0,0.0,0.0,0.8429569441237798,0.7614499527943974,0.0,0.0,0.0,0.0,0.0,13.0,5.937312279718499
33.0,0.0,1.0,0.0,0.9295079407100905,0.40433583275080814,1.0,1.0,0.0,0.0,0.0,15.0,1.542487579743294
10.0,1.0,0.0,2.0,0.9657742951945599,0.8848641665376813,0.0,0.0,0.0,0.0,0.0,15.0,7.328791789124061
2.0,0.0,0.0,2.0,0.9851507075670335,0.9406803675262343,1.0,0.0,0.0,0.0,0.0,16.0,0.5054008852302412
11.0,0.0,0.0,1.0,0.9773914202248829,0.7360199319695463,0.0,0.0,0.0,0.0,0.0,9.0,1.214660878367156
11.0,0.0,0.0,2.0,0.6278079562238937,0.360553363942914,0.0,0.0,0.0,0.0,0.0,14.0,7.9370726530429865
5.0,0.0,0.0,1.0,0.6470481789390736,0.8625786776151769,1.0,0.0,0.0,0.0,0.0,10.0,3.6500401218487024
5.0,1.0,0.0,1.0,0.7827797145194559,0.36095357284457796,1.0,0.0,0.0,0.0,0.0,15.0,6.214773189644698
27.0,0.0,0.0,2.0,1.0366924313383232,0.7224676472800541,1.0,0.0,0.0,0.0,0.0,9.0,8.952459803341995
26.0,0.0,0.0,1.0,0.6542738395720566,0.9242388321808822,0.0,0.0,0.0,0.0,0.0,16.0,1.687001796953348
20.0,0.0,0.0,0.0,0.6969561257086131,0.6261543625979832,1.0,0.0,0.0,0.0,0.0,13.0,2.990249119046004
16.0,1.0,0.0,2.0,0.420628805700336,0.6720107029905861,0.0,0.0,0.0,0.0,0.0,13.0,4.717472531760604
34.0,0.0,0.0,2.0,0.6577371057428429,0.7100308390508847,0.0,0.0,0.0,0.0,0.0,9.0,1.3004495144125419
7.0,0.0,1.0,2.0,0.42469505796335544,0.7925541734805522,0.0,1.0,0.0,0.0,0.0,11.0,4.655706602181373
29.0,1.0,0.0,1.0,0.9676847716342215,0.6233547141999993,0.0,0.0,0.0,0.0,0.0,10.0,11.741983388191109
30.0,0.0,0.0,0.0,0.6014340620835458,0.7786151232522828,1.0,0.0,0.0,0.0,0.0,12.0,9.009350475693632
23.0,0.0,1.0,0.0,0.4803492601118596,0.8508467429442051,1.0,1.0,0.0,0.0,0.0,15.0,7.130451661479689
34.0,0.0,1.0,2.0,0.9111535064476208,0.7992098110385724,1.0,1.0,0.0,0.0,0.0,12.0,0.31260217778411986
13.0,0.0,0.0,1.0,0.9566837718967932,0.8067218922353896,0.0,0.0,0.0,0.0,0.0,15.0,6.571432791504628
23.0,0.0,0.0,0.0,0.6662007576264588,0.5768788371200939,1.0,0.0,0.0,0.0,0.0,11.0,1.3746469987350636
4.0,0.0,0.0,0.0,0.5057135289225468,0.8066441253000434,1.0,0.0,0.0,0.0,0.0,11.0,0.8059570821467618
22.0,0.0,0.0,2.0,0.7491042827261527,0.7836936011060991,0.0,0.0,0.0,0.0,0.0,13.0,10.558817873906241
16.0,0.0,0.0,0.0,0.40507216543620117,0.62521695006476,1.0,0.0,0.0,0.0,0.0,17.0,4.955793404325001
14.0,0.0,0.0,0.0,0.9079648948120589,0.5425570652430077,0.0,0.0,0.0,0.0,0.0,11.0,11.202502061112769
6.0,1.0,0.0,0.0,0.4410474345697399,0.3771523949211728,0.0,0.0,0.0,0.0,0.0,14.0,10.116754135093949
30.0,1.0,0.0,0.0,0.7732973227004413,0.5086446706062996,0.0,0.0,0.0,0.0,0.0,12.0,11.094227364982048
10.0,0.0,0.0,0.0,0.5047384496878233,0.9450965435235208,1.0,0.0,0.0,0.0,0.0,9.0,2.898237696873052
7.0,1.0,0.0,1.0,0.9400553548139207,0.8551433415364074,1.0,0.0,0.0,0.0,0.0,9.0,10.730543446216922
16.0,0.0,0.0,0.0,0.9919841906701735,0.49050302518586303,1.0,0.0,0.0,0.0,0.0,13.0,7.125293898525728
24.0,0.0,1.0,0.0,0.5935601474631275,0.37032288337452574,1.0,1.0,0.0,0.0,0.0,12.0,0.5622533355766997
25.0,0.0,0.0,1.0,0.41853230725263646,0.7586110300137395,1.0,0.0,0.0,0.0,0.0,16.0,0.9600906556688376
19.0,1.0,0.0,2.0,0.7448915516169144,0.8612283577355524,1.0,0.0,0.0,0.0,0.0,14.0,10.80272792462743
9.0,0.0,0.0,2.0,0.7189040814967047,0.6538565544491625,1.0,0.0,0.0,0.0,0.0,9.0,0.660842619987418
27.0,0.0,0.0,1.0,0.499554138829517,0.6083885978233661,0.0,0.0,0.0,0.0,0.0,9.0,2.84545573749673
29.0,0.0,0.0,1.0,0.7893973409994499,0.7375785649459173,0.0,0.0,0.0,0.0,0.0,9.0,10.80926893531353
9.0,0.0,1.0,1.0,0.721389009078396,0.8693282162942049,0.0,1.0,0.0,0.0,0.0,13.0,8.462765708452354
6.0,0.0,1.0,1.0,0.40208162927549485,0.5786947584852201,0.0,1.0,0.0,0.0,0.0,13.0,5.661419027209761
27.0,0.0,0.0,1.0,1.0194619025325817,0.7369828616370271,1.0,0.0,0.0,0.0,0.0,11.0,2.143708337861571
19.0,0.0,1.0,1.0,0.8606355427890917,0.41098888288753493,0.0,1.0,0.0,0.0,0.0,17.0,6.312506150482444
29.0,0.0,0.0,2.0,0.4777551509021904,0.49411174640886235,0.0,0.0,0.0,0.0,0.0,14.0,3.1384871117727995
23.0,0.0,1.0,0.0,1.0745441533183357,0.47487424986395466,0.0,1.0,0.0,0.0,0.0,10.0,10.059236093293485
33.0,0.0,1.0,0.0,0.8563376283485334,0.9383933361536126,0.0,1.0,0.0,0.0,0.0,16.0,4.850528756839087
3.0,0.0,0.0,1.0,0.4514100568467398,0.4056721247770404,0.0,0.0,0.0,0.0,0.0,11.0,1.7972440635493465
13.0,1.0,0.0,0.0,0.46727098765823444,0.9443144204043593,1.0,0.0,0.0,0.0,0.0,8.0,0.8959798637838953
27.0,0.0,0.0,0.0,0.7695671323104722,0.5250014867228827,1.0,0.0,0.0,0.0,0.0,16.0,4.484580686760827
6.0,0.0,0.0,0.0,0.9998223555502551,0.6768136803035301,0.0,0.0,0.0,0.0,0.0,9.0,2.417656955377975
28.0,0.0,1.0,1.0,0.5365576185480734,0.680283247088628,1.0,1.0,0.0,0.0,0.0,12.0,9.049024396996124
13.0,0.0,1.0,2.0,1.0003564154945808,0.6728575801623421,1.0,1.0,0.0,0.0,0.0,12.0,8.818884474412313
10.0,0.0,0.0,2.0,0.5341820842999785,0.41700408672141254,1.0,0.0,0.0,0.0,0.0,11.0,10.794359314907554
9.0,0.0,0.0,2.0,0.4642186718139505,0.6706583551845522,1.0,0.0,0.0,0.0,0.0,12.0,1.7937986713646583
16.0,1.0,0.0,2.0,0.6548462977319494,0.44112735816408843,1.0,0.0,0.0,0.0,0.0,14.0,6.106835055761879
31.0,0.0,1.0,2.0,0.6143361097602542,0.7159455719211559,1.0,1.0,0.0,0.0,0.0,14.0,4.189710026776895
6.0,0.0,1.0,0.0,1.0760249877094183,0.5665337230991938,0.0,1.0,0.0,0.0,0.0,11.0,10.570474185811944
17.0,1.0,0.0,0.0,0.5395774437910077,0.7461689317129335,1.0,0.0,0.0,0.0,0.0,10.0,5.227489066518974
32.0,0.0,0.0,0.0,0.7439458589407398,0.4503145361048877,1.0,0.0,0.0,0.0,0.0,15.0,9.747809206264257
12.0,1.0,0.0,0.0,0.9399807391473695,0.42314299952632517,0.0,0.0,0.0,0.0,0.0,9.0,11.243829465408442
21.0,0.0,1.0,1.0,0.8059605179438534,0.7787836091776857,1.0,1.0,0.0,0.0,0.0,17.0,9.06797384383463
24.0,0.0,0.0,0.0,0.6719909171511586,0.42050716657466963,1.0,0.0,0.0,0.0,0.0,9.0,5.084398182449418
7.0,0.0,0.0,1.0,0.82910245332051,0.6296117501645067,1.0,0.0,0.0,0.0,0.0,8.0,11.36922797150427
10.0,0.0,0.0,1.0,0.8265322679043944,0.7279354416344942,0.0,0.0,0.0,0.0,0.0,13.0,11.320860217053584
30.0,0.0,1.0,2.0,1.052532702433818,0.37769402804390706,0.0,1.0,0.0,0.0,0.0,17.0,4.073912506060469
27.0,0.0,1.0,1.0,0.5187012416270104,0.4397543316415125,1.0,1.0,0.0,0.0,0.0,15.0,6.1263009677659825
3.0,0.0,0.0,0.0,0.7705818573519867,0.719347301101792,1.0,0.0,0.0,0.0,0.0,13.0,8.785538894788573
25.0,0.0,0.0,2.0,0.5326077848590312,0.7828600264428025,1.0,0.0,0.0,0.0,0.0,12.0,8.360647913420594
24.0,0.0,0.0,2.0,0.8801171653545456,0.5718961355169657,1.0,0.0,0.0,0.0,0.0,10.0,6.918771110137357
16.0,0.0,0.0,0.0,0.7774139536960541,0.6092598531318397,0.0,0.0,0.0,0.0,0.0,10.0,1.4686252158239317
3.0,1.0,0.0,0.0,0.8437279513485683,0.4993647766370576,1.0,0.0,0.0,0.0,0.0,8.0,3.7476576166137665
14.0,0.0,0.0,2.0,1.0083478305378657,0.6931617498052254,0.0,0.0,0.0,0.0,0.0,14.0,5.455114213810847
28.0,0.0,0.0,0.0,0.8419317337962493,0.8316286685336582,0.0,0.0,0.0,0.0,0.0,13.0,8.691956410640445
5.0,0.0,0.0,1.0,0.448997508832334,0.3857002705001011,0.0,0.0,0.0,0.0,0.0,10.0,11.048086130001787
8.0,0.0,1.0,1.0,0.946032859375508,0.6708175671843789,0.0,1.0,0.0,0.0,0.0,10.0,8.80016825965018
2.0,0.0,0.0,2.0,0.8929912759097892,0.7986687610219217,1.0,0.0,0.0,0.0,0.0,8.0,5.873256406837798
5.0,0.0,0.0,1.0,0.90440764313231,0.8061989272090744,1.0,0.0,0.0,0.0,0.0,17.0,0.36849494742467764
6.0,1.0,0.0,1.0,0.6190821530144877,0.6252839305205444,0.0,0.0,0.0,0.0,0.0,8.0,4.92622193329759
22.0,0.0,0.0,2.0,0.7728081711460205,0.4236198385241572,0.0,0.0,0.0,0.0,0.0,10.0,10.213124835681208
28.0,0.0,1.0,0.0,0.4527744739156126,0.46842116272000034,1.0,1.0,0.0,0.0,0.0,9.0,8.847800325232894
7.0,1.0,0.0,2.0,0.5569438081783362,0.6888474558472175,1.0,0.0,0.0,0.0,0.0,12.0,2.3021525280278454
9.0,0.0,1.0,0.0,1.0564864189025747,0.5305996238054913,1.0,1.0,0.0,0.0,0.0,15.0,6.534135000773448
29.0,0.0,0.0,0.0,0.6113716701484482,0.9423712497590994,1.0,0.0,0.0,0.0,0.0,14.0,5.024997364489218
21.0,0.0,1.0,1.0,0.8665026318905127,0.3546727403432658,0.0,1.0,0.0,0.0,0.0,8.0,10.615432228693987
34.0,0.0,1.0,1.0,0.5966573874497506,0.5026395276779022,0.0,1.0,0.0,0.0,0.0,15.0,0.26390871522846626
26.0,0.0,1.0,1.0,0.8929172515254656,0.7942947993670297,0.0,1.0,0.0,0.0,0.0,12.0,8.327345725155386
9.0,1.0,0.0,2.0,0.6093463181758944,0.5186790656691004,1.0,0.0,0.0,0.0,0.0,13.0,3.6942517280945406
31.0,0.0,0.0,2.0,0.9265617114545278,0.8621149347778769,0.0,0.0,0.0,0.0,0.0,17.0,11.417875789106503
13.0,0.0,0.0,0.0,1.02816208398283,0.5103833157261287,0.0,0.0,0.0,0.0,0.0,10.0,5.084204461283596
13.0,0.0,0.0,1.0,0.5945044397026891,0.8769486616524785,1.0,0.0,0.0,0.0,0.0,17.0,2.556792793892794
11.0,0.0,0.0,0.0,0.7059193178387803,0.39616471817531196,1.0,0.0,0.0,0.0,0.0,15.0,1.3667067832882944
19.0,0.0,0.0,1.0,0.7339269441248893,0.5088270352987441,1.0,0.0,0.0,0.0,0.0,13.0,4.757636409233113
22.0,0.0,0.0,2.0,0.8405584205623552,0.42299233247532003,1.0,0.0,0.0,0.0,0.0,16.0,8.049068277882387
25.0,0.0,0.0,2.0,0.9634087435204393,0.8606991676001646,0.0,0.0,0.0,0.0,0.0,9.0,2.80100882729281
18.0,0.0,0.0,1.0,1.0475009566287368,0.524754536701558,1.0,0.0,0.0,0.0,0.0,11.0,4.77526184960177
26.0,0.0,0.0,1.0,0.9682217616753527,0.5498401774242471,0.0,0.0,0.0,0.0,0.0,15.0,2.788262612731876
26.0,0.0,0.0,1.0,0.449521011771015,0.3526436729318764,0.0,0.0,0.0,0.0,0.0,15.0,5.351850262243284
16.0,0.0,0.0,2.0,0.6252666406537741,0.8520540614060139,0.0,0.0,0.0,0.0,0.0,17.0,4.925359739961327
21.0,0.0,0.0,1.0,0.678974946991325,0.40106834204241926,0.0,0.0,0.0,0.0,0.0,10.0,4.786627369782559
2.0,0.0,1.0,0.0,0.5703676690140259,0.6435147402471171,1.0,1.0,0.0,0.0,0.0,11.0,4.093244029481271
17.0,1.0,0.0,2.0,0.994711266165682,0.8490945905048081,0.0,0.0,0.0,0.0,0.0,8.0,7.452639415084659
16.0,0.0,1.0,2.0,1.066412272381912,0.5692821025175948,0.0,1.0,0.0,0.0,0.0,15.0,0.8529294944073831
19.0,0.0,0.0,1.0,0.8537426900815599,0.4002450843380424,1.0,0.0,0.0,0.0,0.0,17.0,6.16170895569527
15.0,0.0,0.0,0.0,0.7272214787096651,0.9121690473633333,0.0,0.0,0.0,0.0,0.0,8.0,11.381990562886385
12.0,1.0,0.0,0.0,0.6309066719438237,0.9481031982439214,1.0,0.0,0.0,0.0,0.0,12.0,9.274019460199865
12.0,0.0,1.0,1.0,0.7356232093138954,0.4463814725453326,0.0,1.0,0.0,0.0,0.0,11.0,6.143809758254591
33.0,0.0,0.0,0.0,0.8427445545514978,0.7632591165413671,0.0,0.0,0.0,0.0,0.0,11.0,11.216356112663648
23.0,0.0,0.0,1.0,0.5465363719937829,0.4511869512321192,1.0,0.0,0.0,0.0,0.0,9.0,3.7983204284479393
33.0,1.0,0.0,1.0,1.0899276665816275,0.5886326605437767,1.0,0.0,0.0,0.0,0.0,15.0,7.240965187715466
15.0,0.0,0.0,1.0,0.47508856790553217,0.46162871662046534,1.0,0.0,0.0,0.0,0.0,13.0,11.247769358243655
11.0,0.0,0.0,0.0,0.9194301991230602,0.6029338005571215,0.0,0.0,0.0,0.0,0.0,14.0,10.27265865851325
7.0,0.0,0.0,1.0,0.8169297564278524,0.36867422808289124,1.0,0.0,0.0,0.0,0.0,8.0,0.5393610144191857
3.0,0.0,0.0,1.0,0.7938594895067718,0.35443439725003917,1.0,0.0,0.0,0.0,0.0,8.0,8.310806800842458
21.0,0.0,1.0,1.0,0.6394604189262322,0.805010600029829,1.0,1.0,0.0,0.0,0.0,17.0,8.07809070128806
32.0,1.0,0.0,2.0,0.6220356762963404,0.9314182854025288,0.0,0.0,0.0,0.0,0.0,14.0,9.289642736549588
7.0,0.0,1.0,2.0,0.7934910322161829,0.6769962495148838,0.0,1.0,0.0,0.0,0.0,13.0,11.867743092988162
15.0,0.0,1.0,1.0,0.9527970669030672,0.6712959350344014,0.0,1.0,0.0,0.0,0.0,17.0,2.8750240770767452
8.0,0.0,0.0,1.0,0.8472642143959683,0.5715561061262127,0.0,0.0,0.0,0.0,0.0,12.0,3.33513269171815
3.0,0.0,1.0,0.0,0.9604462292563941,0.7634232103066225,0.0,1.0,0.0,0.0,0.0,16.0,7.786532968570648
5.0,0.0,1.0,1.0,0.8606551403976714,0.6171027965930802,0.0,1.0,0.0,0.0,0.0,16.0,10.093496603829578
33.0,0.0,0.0,2.0,0.8981223137675303,0.41546163430883254,1.0,0.0,0.0,0.0,0.0,8.0,3.785776424184495
9.0,1.0,0.0,2.0,0.5939940017985994,0.7190561032496849,1.0,0.0,0.0,0.0,0.0,10.0,3.343505465286809
26.0,0.0,0.0,1.0,0.5047070942387092,0.7601648173970663,0.0,0.0,0.0,0.0,0.0,8.0,3.358598888639491
4.0,1.0,0.0,0.0,1.0001006075339967,0.6824453425691707,1.0,0.0,0.0,0.0,0.0,13.0,6.1581600555278
13.0,1.0,0.0,1.0,0.6025649699944811,0.6139307761472521,0.0,0.0,0.0,0.0,0.0,8.0,1.3380342037081214
15.0,0.0,0.0,0.0,0.8799631631817303,0.5902821073105653,0.0,0.0,0.0,0.0,0.0,8.0,0.6588870151549286
21.0,0.0,0.0,1.0,0.8097762746981187,0.4067065426235464,1.0,0.0,0.0,0.0,0.0,11.0,2.848247618890077
26.0,1.0,0.0,0.0,0.9901170924970267,0.5223219597693461,0.0,0.0,0.0,0.0,0.0,16.0,2.1088460955103026
14.0,0.0,1.0,2.0,0.439881448554891,0.634713303809898,0.0,1.0,0.0,0.0,0.0,17.0,9.258090936742464
24.0,0.0,0.0,1.0,0.4747824559070206,0.6530130901290305,1.0,0.0,0.0,0.0,0.0,10.0,10.62171366672669
24.0,0.0,0.0,1.0,0.6392381639413057,0.35824067349032546,1.0,0.0,0.0,0.0,0.0,13.0,5.354705316856979
4.0,0.0,0.0,2.0,1.0698093343892146,0.6224069870903921,0.0,0.0,0.0,0.0,0.0,16.0,2.291115390563319
31.0,1.0,0.0,2.0,0.6767627460186078,0.6942356992278732,0.0,0.0,0.0,0.0,0.0,13.0,3.5571206303915184
17.0,0.0,0.0,1.0,1.0673343874918912,0.6882269074651609,0.0,0.0,0.0,0.0,0.0,8.0,9.908623909109123
20.0,0.0,0.0,2.0,0.460393695044487,0.43839768004324925,0.0,0.0,0.0,0.0,0.0,9.0,6.543142937974162
10.0,0.0,0.0,0.0,0.7322790812708578,0.8705495750551107,1.0,0.0,0.0,0.0,0.0,15.0,9.841032039065386
18.0,0.0,0.0,0.0,0.7680589452307768,0.5049629113956804,0.0,0.0,0.0,0.0,0.0,9.0,7.027250582668339
25.0,0.0,0.0,1.0,0.809962923111861,0.6485783675666164,1.0,0.0,0.0,0.0,0.0,12.0,5.233280043966041
15.0,0.0,0.0,1.0,0.40753284939569767,0.5867414248944781,1.0,0.0,0.0,0.0,0.0,8.0,1.180259375778947
6.0,0.0,0.0,2.0,0.9759884802520649,0.6106891893212006,0.0,0.0,0.0,0.0,0.0,9.0,1.7912249072801822
7.0,0.0,0.0,2.0,0.9530727712165226,0.48497559561945214,0.0,0.0,0.0,0.0,0.0,10.0,4.79672747271556
2.0,0.0,0.0,2.0,0.6307288309436465,0.4365507321094466,1.0,0.0,0.0,0.0,0.0,15.0,2.856389316407494
14.0,0.0,0.0,0.0,0.974120730449429,0.468372854945969,0.0,0.0,0.0,0.0,0.0,17.0,10.615781998903566
31.0,0.0,0.0,1.0,0.7129785726605309,0.5388786788148233,1.0,0.0,0.0,0.0,0.0,13.0,1.9854079735196757
9.0,0.0,0.0,0.0,0.717522130273899,0.5774879252034271,1.0,0.0,0.0,0.0,0.0,16.0,10.779074163840189
27.0,1.0,0.0,0.0,0.7046201629538571,0.4235900599117117,1.0,0.0,0.0,0.0,0.0,12.0,9.957524889784048
2.0,0.0,0.0,2.0,0.9062575190232617,0.7281662932602865,1.0,0.0,0.0,0.0,0.0,14.0,10.091471766144362
5.0,0.0,1.0,2.0,0.5904945909357604,0.38189475368067144,0.0,1.0,0.0,0.0,0.0,17.0,4.561853054737462
22.0,0.0,0.0,1.0,1.0381429569537062,0.42317023134271614,0.0,0.0,0.0,0.0,0.0,13.0,4.902557272244254
18.0,0.0,0.0,2.0,0.6794674013336476,0.5287760374860977,1.0,0.0,0.0,0.0,0.0,13.0,9.405814995756433
4.0,0.0,0.0,1.0,0.4618407166051264,0.3656406048041121,1.0,0.0,0.0,0.0,0.0,9.0,6.948955094423785
4.0,0.0,0.0,0.0,0.49469077213790413,0.825199650413706,1.0,0.0,0.0,0.0,0.0,11.0,10.412035369521472
24.0,0.0,0.0,2.0,0.659187249373672,0.5702517464728593,0.0,0.0,0.0,0.0,0.0,13.0,8.881348426704939
12.0,1.0,0.0,0.0,0.5469598606533075,0.35156242456298925,0.0,0.0,0.0,0.0,0.0,15.0,9.080332770818643
5.0,0.0,0.0,1.0,0.8890229121174191,0.8433299667603886,1.0,0.0,0.0,0.0,0.0,17.0,3.5659212414491366
34.0,0.0,0.0,0.0,0.48541327479595686,0.6569716149425818,1.0,0.0,0.0,0.0,0.0,11.0,8.658523944670717
8.0,0.0,0.0,2.0,0.9034097741442181,0.6518411442382142,1.0,0.0,0.0,0.0,0.0,11.0,10.818888151342026
14.0,0.0,0.0,1.0,0.994499782819663,0.3566061703477554,0.0,0.0,0.0,0.0,0.0,14.0,5.437504174987764
4.0,1.0,0.0,2.0,0.7047888634206438,0.7702866049031978,0.0,0.0,0.0,0.0,0.0,8.0,3.447259525710847
32.0,0.0,1.0,2.0,1.0282850803942118,0.5545019496063932,0.0,1.0,0.0,0.0,0.0,16.0,2.4031576631619584
15.0,0.0,0.0,0.0,0.8506978169588594,0.6576932802747352,1.0,0.0,0.0,0.0,0.0,10.0,1.9664794132707057
26.0,1.0,0.0,1.0,0.6877669891983894,0.6518304196720834,0.0,0.0,0.0,0.0,0.0,15.0,9.665995517374364
27.0,0.0,0.0,1.0,0.5531368626590435,0.4044534716375701,1.0,0.0,0.0,0.0,0.0,8.0,5.1974956216328785
7.0,0.0,0.0,2.0,0.9160297301630669,0.5508229124139082,0.0,0.0,0.0,0.0,0.0,13.0,6.227175796098396
3.0,0.0,1.0,1.0,0.6087970635870866,0.4114360077184561,0.0,1.0,0.0,0.0,0.0,12.0,9.425201072279346
16.0,1.0,0.0,1.0,0.9933167542914486,0.8993605094045564,0.0,0.0,0.0,0.0,0.0,11.0,5.396017268792427
24.0,0.0,0.0,0.0,0.7038392085440357,0.8021208806731739,1.0,0.0,0.0,0.0,0.0,14.0,5.61179977971642
13.0,0.0,0.0,2.0,0.8935581725345096,0.8969349559623859,1.0,0.0,0.0,0.0,0.0,10.0,3.061489078953434
22.0,0.0,1.0,0.0,0.8638251390166976,0.6348492844335023,0.0,1.0,0.0,0.0,0.0,16.0,2.8536781335780788
21.0,0.0,0.0,1.0,1.0919607319829805,0.8837074683252686,0.0,0.0,0.0,0.0,0.0,10.0,11.092458028047554
26.0,0.0,1.0,1.0,0.9926934231495539,0.5077823717882012,1.0,1.0,0.0,0.0,0.0,8.0,1.9303982099693537
5.0,0.0,0.0,1.0,0.48140068152233634,0.6310353979366187,1.0,0.0,0.0,0.0,0.0,12.0,11.718033185756168
31.0,0.0,0.0,0.0,0.9686257938470811,0.7085502832924047,1.0,0.0,0.0,0.0,0.0,16.0,3.826269504206235
3.0,0.0,0.0,0.0,0.7994227460199029,0.8803958650894075,1.0,0.0,0.0,0.0,0.0,13.0,8.542636114389571
6.0,1.0,0.0,0.0,0.633030768526935,0.5848805694377285,0.0,0.0,0.0,0.0,0.0,10.0,3.2069345180525413
34.0,0.0,1.0,1.0,0.5912403207412109,0.8627728192700607,0.0,1.0,0.0,0.0,0.0,12.0,5.225249958132401
9.0,0.0,0.0,0.0,0.6722194107378091,0.891383308917215,0.0,0.0,0.0,0.0,0.0,15.0,9.498946656571674
29.0,1.0,0.0,0.0,0.7076727018423524,0.5126249721668282,0.0,0.0,0.0,0.0,0.0,13.0,1.1464002394340265
19.0,0.0,0.0,2.0,0.9620758025732312,0.41727834573072947,1.0,0.0,0.0,0.0,0.0,15.0,8.965836363712079
12.0,1.0,0.0,0.0,0.7753915354296015,0.9076800364286115,1.0,0.0,0.0,0.0,0.0,16.0,5.534320629848837
29.0,0.0,0.0,2.0,0.9452755197863567,0.4367004879048146,1.0,0.0,0.0,0.0,0.0,16.0,11.593814375097217
13.0,0.0,0.0,1.0,0.5193694640266531,0.3805436550483373,1.0,0.0,0.0,0.0,0.0,16.0,9.945594608764738
25.0,0.0,0.0,2.0,1.0509174658605442,0.8615087981949605,0.0,0.0,0.0,0.0,0.0,14.0,6.031291361343668
7.0,0.0,0.0,0.0,1.0790158665386278,0.81156526220776,1.0,0.0,0.0,0.0,0.0,13.0,1.0856344304567347
13.0,1.0,0.0,2.0,0.5392543426342001,0.7172083982281767,1.0,0.0,0.0,0.0,0.0,13.0,11.408997333503962
12.0,1.0,0.0,2.0,0.6761511288153244,0.4230256409020168,1.0,0.0,0.0,0.0,0.0,15.0,11.881248744677153
3.0,0.0,0.0,0.0,0.9044326624079213,0.8784544374596112,0.0,0.0,0.0,0.0,0.0,8.0,9.574977332634724
5.0,1.0,0.0,0.0,0.6004552962143042,0.6011367878538899,1.0,0.0,0.0,0.0,0.0,11.0,6.7172740912604825
24.0,1.0,0.0,1.0,0.7781098334480264,0.9212169955127489,0.0,0.0,0.0,0.0,0.0,11.0,5.988078237622999
12.0,0.0,1.0,0.0,0.6153906335463314,0.7637739809726378,1.0,1.0,0.0,0.0,0.0,8.0,3.576554200167459
11.0,0.0,0.0,2.0,0.9017071336342322,0.7525239688663359,1.0,0.0,0.0,0.0,0.0,14.0,4.199223351352469
7.0,0.0,1.0,2.0,0.973082224573372,0.36987574863948075,0.0,1.0,0.0,0.0,0.0,12.0,7.322459064112059
5.0,0.0,1.0,1.0,0.923757328426642,0.9365554945614623,0.0,1.0,0.0,0.0,0.0,17.0,7.407277537489367
23.0,0.0,0.0,0.0,0.7651275223016246,0.4156701196844498,0.0,0.0,0.0,0.0,0.0,14.0,6.972631886504758
27.0,0.0,0.0,1.0,0.7268141509684513,0.9454036661362205,0.0,0.0,0.0,0.0,0.0,15.0,2.669676552154686
3.0,0.0,0.0,1.0,0.7403408973162281,0.6303770716979492,0.0,0.0,0.0,0.0,0.0,8.0,5.655656422002374
5.0,0.0,1.0,0.0,0.4839809476136807,0.5647376405038079,1.0,1.0,0.0,0.0,0.0,10.0,7.915405138367287
23.0,0.0,0.0,1.0,0.741941893381787,0.6674302260142058,1.0,0.0,0.0,0.0,0.0,9.0,8.727833031672725
10.0,0.0,0.0,2.0,1.004727524894917,0.3670857098012005,1.0,0.0,0.0,0.0,0.0,10.0,9.599774181740617
22.0,0.0,0.0,1.0,0.8084484705602493,0.6108835134547675,1.0,0.0,0.0,0.0,0.0,13.0,6.0887219227495795
2.0,0.0,0.0,2.0,0.8968950430119895,0.6574482556790523,0.0,0.0,0.0,0.0,0.0,17.0,5.162610586387289
17.0,0.0,0.0,2.0,0.9583207869942973,0.7573201574099346,0.0,0.0,0.0,0.0,0.0,15.0,8.208873630212164
32.0,0.0,1.0,2.0,0.7220166771935929,0.7349115795603824,1.0,1.0,0.0,0.0,0.0,11.0,1.3998864962232342
4.0,0.0,0.0,2.0,1.0077318731170697,0.37397394316813054,1.0,0.0,0.0,0.0,0.0,13.0,7.42137100012328
25.0,1.0,0.0,0.0,0.801809959891295,0.4350930547245012,0.0,0.0,0.0,0.0,0.0,9.0,4.346720457846626
13.0,0.0,0.0,1.0,1.0533773703124167,0.7588621176145016,0.0,0.0,0.0,0.0,0.0,8.0,4.048894821173192
27.0,0.0,0.0,2.0,0.9205418915845377,0.3590467128692923,1.0,0.0,0.0,0.0,0.0,13.0,0.5949938030573528
21.0,0.0,0.0,0.0,0.7151178622745704,0.40898387302991007,1.0,0.0,0.0,0.0,0.0,13.0,7.662992094298536
6.0,1.0,0.0,2.0,0.6273792949357903,0.6781831898030047,1.0,0.0,0.0,0.0,0.0,13.0,5.01008006099764
34.0,0.0,1.0,0.0,0.4388609683927066,0.45579409822480754,1.0,1.0,0.0,0.0,0.0,17.0,8.006871618070358
18.0,1.0,0.0,0.0,0.49285258620020383,0.8384805896556193,1.0,0.0,0.0,0.0,0.0,9.0,4.481940705912452
18.0,0.0,0.0,2.0,1.0948025475125605,0.37831749841323836,1.0,0.0,0.0,0.0,0.0,12.0,11.224266267804037
28.0,1.0,0.0,1.0,0.893160127359371,0.6647382518452899,0.0,0.0,0.0,0.0,0.0,10.0,3.90892184373478
7.0,0.0,0.0,1.0,0.8756262974328217,0.6405667741217811,0.0,0.0,0.0,0.0,0.0,11.0,1.3478913747551924
4.0,0.0,0.0,2.0,0.42125062166252997,0.5708329462381333,1.0,0.0,0.0,0.0,0.0,16.0,10.045286708410595
18.0,0.0,0.0,2.0,0.5297324411158779,0.4784370022135692,1.0,0.0,0.0,0.0,0.0,12.0,10.937937471946897
10.0,1.0,0.0,0.0,1.0886192014563236,0.7546696885071945,1.0,0.0,0.0,0.0,0.0,14.0,8.114232760439153
14.0,0.0,0.0,1.0,0.6963479395794618,0.5228679221508364,1.0,0.0,0.0,0.0,0.0,17.0,10.43373751076112
2.0,1.0,0.0,1.0,0.7444550233625384,0.6029895614259071,0.0,0.0,0.0,0.0,0.0,8.0,9.028424347532704
7.0,0.0,1.0,0.0,0.5306125267846831,0.8245660835646891,1.0,1.0,0.0,0.0,0.0,9.0,4.567556601041241
5.0,1.0,0.0,1.0,0.8956089755754882,0.3753748081805836,0.0,0.0,0.0,0.0,0.0,15.0,8.565982355522028
5.0,0.0,1.0,2.0,0.7309628769915594,0.7860875134866118,1.0,1.0,0.0,0.0,0.0,9.0,3.3853502062450302
16.0,1.0,0.0,2.0,0.5325773264024509,0.7584811802957718,1.0,0.0,0.0,0.0,0.0,14.0,11.415405861492173
24.0,0.0,0.0,2.0,1.0610387069295057,0.6794046697510812,1.0,0.0,0.0,0.0,0.0,12.0,1.3368163834429836
7.0,0.0,0.0,2.0,0.5060609071927943,0.5094229001067677,0.0,0.0,0.0,0.0,0.0,10.0,11.521928448799086
7.0,0.0,0.0,2.0,0.9100615812751662,0.6971722578558852,1.0,0.0,0.0,0.0,0.0,15.0,10.026532469121115
24.0,0.0,0.0,2.0,0.48165160776959326,0.59990958250689,1.0,0.0,0.0,0.0,0.0,11.0,3.689032025547079
10.0,0.0,0.0,2.0,0.6651082791437876,0.572582617527204,0.0,0.0,0.0,0.0,0.0,12.0,8.36072311338318
21.0,0.0,0.0,2.0,0.9575891136363781,0.857702710703023,0.0,0.0,0.0,0.0,0.0,16.0,4.207417788980694
29.0,0.0,0.0,0.0,0.49810600681321304,0.589676674338872,0.0,0.0,0.0,0.0,0.0,15.0,4.089197782871947
29.0,0.0,0.0,0.0,0.4921723212629091,0.7143706325261562,0.0,0.0,0.0,0.0,0.0,16.0,8.63492071510163
23.0,1.0,0.0,0.0,0.654089654850296,0.41949817389708755,1.0,0.0,0.0,0.0,0.0,15.0,11.017317373635294
9.0,0.0,0.0,1.0,0.7336109211526053,0.8445888257830305,1.0,0.0,0.0,0.0,0.0,12.0,9.91256942639965
3.0,0.0,0.0,0.0,0.7015753560697251,0.8311900527332783,1.0,0.0,0.0,0.0,0.0,8.0,3.0683058944124966
30.0,0.0,1.0,2.0,0.9220078573848051,0.9065826708751696,0.0,1.0,0.0,0.0,0.0,16.0,9.123935613470481
32.0,0.0,0.0,0.0,1.0966958814321186,0.4922909930013112,0.0,0.0,0.0,0.0,0.0,16.0,1.4953456696831315
24.0,1.0,0.0,2.0,1.0275444222814343,0.7039892930165184,1.0,0.0,0.0,0.0,0.0,17.0,4.700742182575203
19.0,0.0,0.0,1.0,0.5900983824149847,0.8824644422186613,0.0,0.0,0.0,0.0,0.0,11.0,9.30276537480438
3.0,0.0,0.0,2.0,0.6441531377168901,0.6339256907905315,1.0,0.0,0.0,0.0,0.0,12.0,11.333832467646888
26.0,0.0,1.0,2.0,1.0824428025602155,0.525547757543136,1.0,1.0,0.0,0.0,0.0,16.0,4.971834984876009
5.0,0.0,0.0,1.0,0.5209729932832504,0.8865182037275499,0.0,0.0,0.0,0.0,0.0,14.0,2.706414154928932
11.0,0.0,0.0,2.0,0.6619598853456347,0.8667777141148513,1.0,0.0,0.0,0.0,0.0,8.0,10.208608532235168
13.0,0.0,0.0,0.0,0.6810697094064752,0.4779974625836174,0.0,0.0,0.0,0.0,0.0,15.0,9.861585998589952
4.0,0.0,0.0,2.0,0.962865685489073,0.7916988820046837,1.0,0.0,0.0,0.0,0.0,13.0,7.011754232687643
5.0,0.0,0.0,1.0,0.97879562954484,0.64325835126037,0.0,0.0,0.0,0.0,0.0,14.0,10.402820646713323
2.0,0.0,0.0,2.0,1.043128788167411,0.48984283264661416,0.0,0.0,0.0,0.0,0.0,16.0,8.94914941682305
26.0,0.0,1.0,1.0,0.7179551471235707,0.44988485568957526,0.0,1.0,0.0,0.0,0.0,17.0,5.851240224147496
16.0,0.0,0.0,0.0,0.8323101832930161,0.7052071853854137,1.0,0.0,0.0,0.0,0.0,11.0,9.060964006955961
5.0,1.0,0.0,1.0,1.0675755792531987,0.4691817028532151,1.0,0.0,0.0,0.0,0.0,13.0,10.985454387737441
10.0,0.0,1.0,0.0,0.8892873054634133,0.9003660640951011,0.0,1.0,0.0,0.0,0.0,9.0,2.369219077579334
21.0,1.0,0.0,1.0,0.5626770611688311,0.8567822916205601,0.0,0.0,0.0,0.0,0.0,14.0,9.062815644750366
13.0,0.0,0.0,1.0,0.6668143613509979,0.5860109249324852,0.0,0.0,0.0,0.0,0.0,16.0,11.483043118670746
21.0,0.0,0.0,1.0,0.9729042374124092,0.5709957159597645,0.0,0.0,0.0,0.0,0.0,16.0,1.4445436461788155
18.0,0.0,0.0,0.0,0.9871452944439412,0.7945527698076348,0.0,0.0,0.0,0.0,0.0,12.0,5.30961867737236
27.0,0.0,0.0,2.0,0.9606445280159862,0.3686516080982861,1.0,0.0,0.0,0.0,0.0,9.0,9.189235956976347
8.0,0.0,0.0,1.0,0.6599732725647892,0.8809037862348117,1.0,0.0,0.0,0.0,0.0,8.0,5.11232208810467
12.0,0.0,0.0,1.0,1.0478999383371272,0.8569629869770955,1.0,0.0,0.0,0.0,0.0,10.0,0.6147502846637505
30.0,0.0,1.0,1.0,0.49318185492042993,0.4936676345245359,0.0,1.0,0.0,0.0,0.0,10.0,10.367153532294807
32.0,0.0,0.0,0.0,0.660047228278881,0.8198466211388465,0.0,0.0,0.0,0.0,0.0,10.0,1.0205114664609003
30.0,0.0,0.0,2.0,0.4522061769085035,0.8864284068129018,1.0,0.0,0.0,0.0,0.0,9.0,9.09067325055726
22.0,0.0,0.0,1.0,0.4992156673531473,0.8209826840192286,1.0,0.0,0.0,0.0,0.0,12.0,8.985263852558884
31.0,0.0,0.0,1.0,0.8327374289647563,0.44236341648922173,0.0,0.0,0.0,0.0,0.0,15.0,2.7392350831531944
30.0,0.0,0.0,1.0,0.4043814077349304,0.6022525279406887,1.0,0.0,0.0,0.0,0.0,17.0,6.164547564832042
14.0,0.0,0.0,2.0,0.9311912897894323,0.5019440162704712,1.0,0.0,0.0,0.0,0.0,14.0,9.362516952119465
26.0,1.0,0.0,0.0,0.7572843345932199,0.3668433126376385,1.0,0.0,0.0,0.0,0.0,12.0,9.029590374065524
17.0,1.0,0.0,1.0,0.732942955208496,0.8721292348697626,0.0,0.0,0.0,0.0,0.0,14.0,0.7481114341566166
11.0,1.0,0.0,1.0,0.4228007930039312,0.7837771632830662,1.0,0.0,0.0,0.0,0.0,9.0,8.376456391308057
32.0,1.0,0.0,2.0,1.058784389758655,0.35775188633306093,0.0,0.0,0.0,0.0,0.0,17.0,10.230828775117041
21.0,0.0,0.0,1.0,1.0707239770919073,0.8916458660510304,1.0,0.0,0.0,0.0,0.0,12.0,0.7371960296514753
14.0,0.0,0.0,1.0,0.5228874728394658,0.6316011609842667,0.0,0.0,0.0,0.0,0.0,14.0,1.2914064025606817
23.0,1.0,0.0,2.0,0.7823888993719134,0.6399454936288692,1.0,0.0,0.0,0.0,0.0,10.0,5.1863333213317855
19.0,0.0,0.0,0.0,1.0224121130005075,0.820687034648366,1.0,0.0,0.0,0.0,0.0,14.0,10.85284185222414
4.0,0.0,0.0,0.0,0.8261221704872818,0.46310216333939636,0.0,0.0,0.0,0.0,0.0,13.0,2.5694711251787656
24.0,0.0,0.0,0.0,0.8940381389835846,0.7100463861568701,1.0,0.0,0.0,0.0,0.0,16.0,1.4310286272139314
25.0,0.0,0.0,2.0,0.7661372235480285,0.8589961421934084,1.0,0.0,0.0,0.0,0.0,14.0,3.849394152673565
20.0,0.0,0.0,1.0,0.42860238006664864,0.74344520570856,0.0,0.0,0.0,0.0,0.0,12.0,1.3901738414513884
13.0,0.0,0.0,0.0,0.9467106975507051,0.6919698582983779,0.0,0.0,0.0,0.0,0.0,8.0,9.176928680203268
26.0,1.0,0.0,1.0,0.5453228556668642,0.7378768974259681,1.0,0.0,0.0,0.0,0.0,16.0,3.760111524889308
16.0,0.0,0.0,1.0,0.4988678170152695,0.6282806541177589,0.0,0.0,0.0,0.0,0.0,13.0,1.1658100317220643
31.0,0.0,0.0,0.0,1.0880201352564238,0.6909085242783762,0.0,0.0,0.0,0.0,0.0,9.0,6.156890837864915
3.0,0.0,0.0,2.0,0.7123677489238863,0.8247849261597743,1.0,0.0,0.0,0.0,0.0,14.0,10.065627334246763
32.0,0.0,1.0,0.0,1.0683960099513408,0.8113554820392407,0.0,1.0,0.0,0.0,0.0,13.0,9.211444983714916
2.0,0.0,0.0,1.0,0.4176363562252869,0.41712686225541934,0.0,0.0,0.0,0.0,0.0,16.0,1.920420408619174
13.0,0.0,0.0,1.0,0.8979895229519872,0.8754494519901648,0.0,0.0,0.0,0.0,0.0,10.0,5.256989752361448
27.0,0.0,0.0,2.0,0.5375908270839428,0.5139504172027916,1.0,0.0,0.0,0.0,0.0,14.0,10.360811070312401
17.0,0.0,0.0,1.0,0.5113364789742995,0.9097010145616886,1.0,0.0,0.0,0.0,0.0,9.0,8.529359820062963
2.0,1.0,0.0,2.0,0.866545189848611,0.736570321559397,1.0,0.0,0.0,0.0,0.0,11.0,10.62323346718989
28.0,0.0,1.0,2.0,0.7068131161690991,0.4929665703239063,1.0,1.0,0.0,0.0,0.0,14.0,1.7239254335057839
10.0,0.0,0.0,1.0,1.0000645399995063,0.45599122120372115,0.0,0.0,0.0,0.0,0.0,8.0,2.2289559323835664
8.0,1.0,0.0,2.0,0.6957060290141021,0.7759414007286294,0.0,0.0,0.0,0.0,0.0,12.0,8.717368377561021
31.0,0.0,0.0,0.0,0.6772554726827074,0.6267047058752507,1.0,0.0,0.0,0.0,0.0,10.0,8.582916079999507
15.0,0.0,0.0,2.0,0.9886551250376762,0.8757825103997564,0.0,0.0,0.0,0.0,0.0,10.0,6.552664522442682
9.0,1.0,0.0,2.0,0.7368621337032822,0.47058808462364643,0.0,0.0,0.0,0.0,0.0,17.0,7.776749090885832
12.0,0.0,1.0,2.0,0.802772819061549,0.4761847364441758,0.0,1.0,0.0,0.0,0.0,12.0,0.6588448337071605
3.0,0.0,0.0,2.0,0.785580839272214,0.5068516551295964,0.0,0.0,0.0,0.0,0.0,11.0,0.8561042948614893
28.0,0.0,1.0,2.0,0.8713945155501203,0.8397400704285475,0.0,1.0,0.0,0.0,0.0,13.0,1.8679812428322546
3.0,0.0,0.0,2.0,0.6105575355572569,0.6683042024544084,1.0,0.0,0.0,0.0,0.0,14.0,0.2290721084886519
25.0,0.0,1.0,0.0,0.8940163924620458,0.5698948768700169,1.0,1.0,0.0,0.0,0.0,10.0,9.985239410270788
17.0,0.0,0.0,1.0,1.0020608458199445,0.4089212200886486,0.0,0.0,0.0,0.0,0.0,15.0,3.0384091574987555
14.0,0.0,0.0,0.0,0.9722750505132061,0.8443418877294222,0.0,0.0,0.0,0.0,0.0,10.0,10.684235242352756
18.0,0.0,0.0,1.0,0.8201080716289673,0.5954206727353507,0.0,0.0,0.0,0.0,0.0,10.0,3.5252665229264855
8.0,0.0,0.0,1.0,1.0473297880306927,0.8953393627780386,1.0,0.0,0.0,0.0,0.0,16.0,0.8737238071835598
7.0,0.0,0.0,2.0,0.4015369204912063,0.40442754236497064,1.0,0.0,0.0,0.0,0.0,8.0,0.6607861001962909
27.0,0.0,0.0,1.0,0.8566496834312504,0.4112907151253147,1.0,0.0,0.0,0.0,0.0,13.0,1.0078576639838386
8.0,0.0,0.0,0.0,0.9582274814866485,0.7029983069109721,0.0,0.0,0.0,0.0,0.0,10.0,6.833793281617441
19.0,0.0,0.0,2.0,0.48339069069354573,0.6719817204314456,1.0,0.0,0.0,0.0,0.0,15.0,6.948349783348967
12.0,0.0,0.0,0.0,0.6920474595802609,0.7863494372072508,0.0,0.0,0.0,0.0,0.0,13.0,11.60860312948579
22.0,0.0,1.0,2.0,0.561845363641163,0.5718256546117014,1.0,1.0,0.0,0.0,0.0,8.0,3.683201467584657
21.0,0.0,1.0,1.0,0.8259374322239471,0.7561746467056816,1.0,1.0,0.0,0.0,0.0,16.0,9.714056057249506
33.0,1.0,0.0,2.0,0.6836926352391981,0.4002263292966223,1.0,0.0,0.0,0.0,0.0,16.0,5.715530557888002
15.0,1.0,0.0,1.0,1.0202389591706909,0.5337397307456917,0.0,0.0,0.0,0.0,0.0,13.0,9.50864906161379
25.0,1.0,0.0,2.0,0.7935397367399972,0.8258413169518274,1.0,0.0,0.0,0.0,0.0,8.0,7.684846919121694
28.0,1.0,0.0,2.0,0.7616538706584146,0.4090600259724233,0.0,0.0,0.0,0.0,0.0,15.0,3.356556692020363
20.0,1.0,0.0,2.0,0.8829211099298044,0.5616874980528765,1.0,0.0,0.0,0.0,0.0,14.0,5.671154634654993
31.0,0.0,0.0,0.0,0.4004026305911373,0.3548051737184229,0.0,0.0,0.0,0.0,0.0,14.0,5.911314418043825
25.0,0.0,0.0,0.0,1.067133823955851,0.4352443027762026,0.0,0.0,0.0,0.0,0.0,9.0,4.5582219147985885
10.0,0.0,0.0,0.0,0.6193614851904982,0.8004932162123214,0.0,0.0,0.0,0.0,0.0,17.0,10.060101186097148
25.0,0.0,1.0,1.0,1.0759695175439612,0.7758550796992949,1.0,1.0,0.0,0.0,0.0,11.0,6.284580483608924
29.0,1.0,0.0,2.0,0.6811745932108242,0.830144589219852,0.0,0.0,0.0,0.0,0.0,14.0,9.772995541179307
18.0,0.0,0.0,0.0,0.9764266735314534,0.48146632937481054,1.0,0.0,0.0,0.0,0.0,17.0,5.737451971188046
25.0,0.0,0.0,2.0,0.6505955032816088,0.439236260104732,1.0,0.0,0.0,0.0,0.0,10.0,0.3531535480183489
26.0,0.0,1.0,1.0,0.4112799562998341,0.6245637419325357,0.0,1.0,0.0,0.0,0.0,13.0,3.598113732629262
5.0,1.0,0.0,2.0,0.5942147513908826,0.5124437857756738,0.0,0.0,0.0,0.0,0.0,8.0,2.969601009865356
17.0,0.0,0.0,1.0,1.052250982615789,0.5299341561302378,1.0,0.0,0.0,0.0,0.0,11.0,10.247028543549112
26.0,1.0,0.0,2.0,0.5648747091293673,0.9488416890386239,1.0,0.0,0.0,0.0,0.0,8.0,6.6659091645191415
10.0,0.0,0.0,0.0,1.0877448634230664,0.7604766220285487,0.0,0.0,0.0,0.0,0.0,9.0,7.340724968767376
18.0,0.0,0.0,2.0,0.9906156828505353,0.6596332616519924,0.0,0.0,0.0,0.0,0.0,14.0,10.665486493374145
2.0,0.0,0.0,1.0,0.8416414344991653,0.932779364242927,0.0,0.0,0.0,0.0,0.0,8.0,10.897551775198123
34.0,0.0,0.0,2.0,0.4212380586430353,0.65500932848333,0.0,0.0,0.0,0.0,0.0,17.0,11.89543109257267
20.0,1.0,0.0,2.0,0.7901697495712496,0.8959616744768251,1.0,0.0,0.0,0.0,0.0,13.0,3.192598658475877
9.0,0.0,0.0,2.0,0.49118982754558776,0.4961603486491581,0.0,0.0,0.0,0.0,0.0,11.0,3.632795245395444
24.0,0.0,0.0,0.0,0.5187492693329592,0.567992449768746,0.0,0.0,0.0,0.0,0.0,16.0,3.2287913073852814
12.0,0.0,0.0,0.0,0.43499561459828295,0.8517178957859037,1.0,0.0,0.0,0.0,0.0,8.0,4.342196082361324
12.0,1.0,0.0,1.0,0.9511591077432151,0.48310133612460054,0.0,0.0,0.0,0.0,0.0,12.0,0.7628096333140444
28.0,0.0,0.0,0.0,0.5328860290741032,0.38516091967602994,1.0,0.0,0.0,0.0,0.0,8.0,10.872446533513445
22.0,0.0,0.0,1.0,0.9061042230157461,0.7126220319974558,1.0,0.0,0.0,0.0,0.0,14.0,9.81629760711285
22.0,0.0,1.0,2.0,0.4478720531761791,0.5649805510238568,0.0,1.0,0.0,0.0,0.0,17.0,7.789289128789356
4.0,0.0,0.0,2.0,0.651322994276838,0.4667151139327579,0.0,0.0,0.0,0.0,0.0,17.0,1.580917574476365
14.0,1.0,0.0,0.0,0.7980710531682099,0.737013899897646,1.0,0.0,0.0,0.0,0.0,12.0,9.7962253992611
18.0,0.0,0.0,2.0,0.8368336884288073,0.7018894750792256,1.0,0.0,0.0,0.0,0.0,16.0,1.3120088848570794
25.0,0.0,0.0,2.0,0.7528899748372833,0.6490479084406767,1.0,0.0,0.0,0.0,0.0,9.0,4.481100589085991
10.0,0.0,0.0,0.0,1.0295405012278616,0.7351254645116149,1.0,0.0,0.0,0.0,0.0,17.0,0.8274165597340224
2.0,1.0,0.0,2.0,0.7730902359699241,0.44281339646225704,0.0,0.0,0.0,0.0,0.0,8.0,4.461968285447638
21.0,0.0,0.0,0.0,0.40536485659940114,0.4423122485137848,0.0,0.0,0.0,0.0,0.0,12.0,2.9012139652956908
27.0,0.0,0.0,1.0,0.7138128183564342,0.39676908318005455,0.0,0.0,0.0,0.0,0.0,12.0,0.9076569342658598
31.0,0.0,0.0,0.0,0.6214794809223896,0.8037723438248819,1.0,0.0,0.0,0.0,0.0,14.0,3.173720740791558
29.0,0.0,0.0,1.0,1.0748151985328773,0.6510165060553017,0.0,0.0,0.0,0.0,0.0,13.0,8.098356032502041
14.0,0.0,0.0,0.0,0.5248706429212653,0.913538868400359,1.0,0.0,0.0,0.0,0.0,16.0,4.107881353434123
3.0,0.0,0.0,2.0,0.6672890220853721,0.7152767293050384,0.0,0.0,0.0,0.0,0.0,17.0,5.031864990962291
24.0,1.0,0.0,0.0,0.6252907303322124,0.40445911866420997,1.0,0.0,0.0,0.0,0.0,15.0,8.216477434340087
18.0,0.0,0.0,2.0,0.964424546172875,0.3789904135123171,0.0,0.0,0.0,0.0,0.0,10.0,1.9251275479702294
30.0,1.0,0.0,2.0,0.9906067633962853,0.37452700782150916,0.0,0.0,0.0,0.0,0.0,9.0,4.367647546907911
23.0,0.0,1.0,2.0,0.46861791301692624,0.513432056164547,1.0,1.0,0.0,0.0,0.0,11.0,6.722219695298022
8.0,0.0,0.0,0.0,0.8384378150143538,0.6659715109836418,0.0,0.0,0.0,0.0,0.0,9.0,0.4564796024986542
22.0,0.0,1.0,1.0,0.6434938374218702,0.5155777180906141,1.0,1.0,0.0,0.0,0.0,10.0,5.317827762633737
31.0,0.0,0.0,1.0,0.6304382919614213,0.5532087740911037,1.0,0.0,0.0,0.0,0.0,10.0,10.262233066530658
7.0,0.0,0.0,1.0,0.7515355227581476,0.6222548955931971,1.0,0.0,0.0,0.0,0.0,16.0,10.018822120622104
19.0,0.0,0.0,0.0,0.871444816171124,0.6046444631991179,1.0,0.0,0.0,0.0,0.0,10.0,0.3312666710205376
21.0,0.0,0.0,1.0,0.6444341609127928,0.8104277978800374,0.0,0.0,0.0,0.0,0.0,8.0,2.4268173985072856
2.0,0.0,0.0,0.0,0.5689926816506335,0.9136099470243637,1.0,0.0,0.0,0.0,0.0,11.0,11.090431621622274
15.0,0.0,1.0,2.0,0.6399849045519124,0.6422667734297081,0.0,1.0,0.0,0.0,0.0,12.0,0.5065664056541871
34.0,0.0,0.0,1.0,0.4871146693468058,0.787907145014966,1.0,0.0,0.0,0.0,0.0,13.0,10.10244220218038
34.0,0.0,1.0,2.0,0.7597126395491756,0.870853185374604,0.0,1.0,0.0,0.0,0.0,14.0,1.590798089528446
34.0,1.0,0.0,1.0,1.0150399355235533,0.9368457874954756,1.0,0.0,0.0,0.0,0.0,9.0,7.293264650739217
6.0,0.0,0.0,1.0,0.6922686620994836,0.7980164746295897,0.0,0.0,0.0,0.0,0.0,15.0,10.145271253099391
15.0,0.0,1.0,2.0,0.5892946519623382,0.42629249720590123,1.0,1.0,0.0,0.0,0.0,17.0,8.004019276328476
34.0,0.0,0.0,2.0,1.0433299716042357,0.9143561342205246,0.0,0.0,0.0,0.0,0.0,14.0,3.3722716218316298
28.0,0.0,0.0,1.0,0.4967007470869522,0.7875628361354549,0.0,0.0,0.0,0.0,0.0,9.0,5.4355008404277
22.0,0.0,0.0,2.0,0.8340099095068743,0.9269362295621718,0.0,0.0,0.0,0.0,0.0,10.0,4.246847923312496
11.0,1.0,0.0,1.0,0.4968124532355777,0.8456738750908666,1.0,0.0,0.0,0.0,0.0,9.0,0.2555293829536191
15.0,0.0,0.0,1.0,0.7320749756345414,0.7581678232423542,0.0,0.0,0.0,0.0,0.0,17.0,3.8284168129988525
27.0,0.0,0.0,1.0,0.5985991529367756,0.8079225486503632,1.0,0.0,0.0,0.0,0.0,10.0,8.287332883336969
33.0,1.0,0.0,2.0,0.9275753840097642,0.7545840052812756,1.0,0.0,0.0,0.0,0.0,8.0,3.3559554245791934
16.0,0.0,0.0,1.0,0.8503687463789752,0.5741143631613318,0.0,0.0,0.0,0.0,0.0,17.0,11.599406076746588
22.0,0.0,1.0,0.0,1.0645454387098425,0.40433206335513494,0.0,1.0,0.0,0.0,0.0,17.0,6.931858193853629
31.0,0.0,1.0,0.0,0.9774770723115136,0.8443996319910932,0.0,1.0,0.0,0.0,0.0,12.0,2.0300192314036454
24.0,0.0,0.0,0.0,0.4583091916077583,0.5861076253020803,0.0,0.0,0.0,0.0,0.0,16.0,4.184290272374435
6.0,0.0,0.0,0.0,0.9822862774183119,0.8805298467012816,0.0,0.0,0.0,0.0,0.0,10.0,7.262422834665196
18.0,0.0,0.0,1.0,0.46451613327928926,0.7593340133298866,0.0,0.0,0.0,0.0,0.0,16.0,0.2952808028412632
23.0,0.0,0.0,1.0,0.6090276265455656,0.4327872685176714,1.0,0.0,0.0,0.0,0.0,15.0,0.5654345209638234
19.0,1.0,0.0,2.0,0.9383052320032214,0.8879087863571767,0.0,0.0,0.0,0.0,0.0,12.0,9.361197106840468
30.0,0.0,0.0,2.0,1.0914932706384042,0.7956052437046859,1.0,0.0,0.0,0.0,0.0,13.0,4.2417861028721555
3.0,0.0,1.0,0.0,0.9681341873244446,0.7151915189318966,0.0,1.0,0.0,0.0,0.0,8.0,2.726283132366543
17.0,0.0,0.0,1.0,0.5368846852452704,0.9304152318949579,0.0,0.0,0.0,0.0,0.0,14.0,0.9218803259502756
3.0,0.0,0.0,1.0,0.6543447507379225,0.6211047518010635,1.0,0.0,0.0,0.0,0.0,13.0,9.083057846767483
23.0,0.0,1.0,1.0,0.8297730111298137,0.5637945311963334,1.0,1.0,0.0,0.0,0.0,9.0,6.3577824574723305
33.0,0.0,0.0,2.0,0.4477601604763837,0.8082918808470598,0.0,0.0,0.0,0.0,0.0,16.0,3.6482359573402636
10.0,1.0,0.0,2.0,0.5242093233341958,0.7328120210824842,1.0,0.0,0.0,0.0,0.0,15.0,6.35010713352491
22.0,0.0,0.0,2.0,1.088396414150393,0.9494205933473695,0.0,0.0,0.0,0.0,0.0,8.0,6.465586096224515
12.0,0.0,1.0,2.0,0.7364041209100682,0.4892328607173777,1.0,1.0,0.0,0.0,0.0,9.0,5.123864169668442
23.0,0.0,0.0,2.0,0.946005212410785,0.6008148244162335,1.0,0.0,0.0,0.0,0.0,17.0,9.172454536636618
25.0,1.0,0.0,1.0,0.45365488970882484,0.6743464449186345,0.0,0.0,0.0,0.0,0.0,8.0,0.27965030264459845
3.0,0.0,0.0,1.0,0.9658125676910126,0.8361943017225761,1.0,0.0,0.0,0.0,0.0,16.0,6.377527292059809
15.0,0.0,0.0,0.0,0.5508495615673205,0.4879859777262079,1.0,0.0,0.0,0.0,0.0,14.0,1.9140517937476496
22.0,0.0,0.0,1.0,1.0716963492997098,0.8545535624040471,1.0,0.0,0.0,0.0,0.0,12.0,0.9059597072313639
2.0,0.0,0.0,0.0,0.9078723487451543,0.3699803379664324,0.0,0.0,0.0,0.0,0.0,10.0,8.771947891068821
4.0,1.0,0.0,2.0,0.6718693219004616,0.8275701991132051,0.0,0.0,0.0,0.0,0.0,10.0,5.95438558849488
3.0,0.0,0.0,1.0,0.7363514662152052,0.8376785988602106,0.0,0.0,0.0,0.0,0.0,16.0,4.031759511013816
32.0,1.0,0.0,2.0,0.8358708845975438,0.5134285605225488,1.0,0.0,0.0,0.0,0.0,16.0,5.008073355523997
9.0,0.0,1.0,0.0,1.0878777276174199,0.8101223852577955,1.0,1.0,0.0,0.0,0.0,13.0,3.411177075481058
23.0,0.0,0.0,1.0,0.8989423369430412,0.7858030536420127,0.0,0.0,0.0,0.0,0.0,9.0,6.7760641129649715
17.0,0.0,0.0,1.0,0.8895532264636266,0.7987137626624508,1.0,0.0,0.0,0.0,0.0,16.0,0.8338563155474149
22.0,0.0,0.0,0.0,0.7814305729975192,0.8750854586203205,1.0,0.0,0.0,0.0,0.0,8.0,4.703471200899874
6.0,1.0,0.0,0.0,0.9641643333959511,0.868245044884076,1.0,0.0,0.0,0.0,0.0,8.0,1.8837560067122285
34.0,0.0,0.0,2.0,0.9757661644708748,0.4449536241405298,1.0,0.0,0.0,0.0,0.0,9.0,8.131549604272818
14.0,0.0,1.0,0.0,0.9283055009492495,0.8156911559075745,0.0,1.0,0.0,0.0,0.0,15.0,0.9411600181476093
14.0,0.0,0.0,2.0,0.4078279646792211,0.6983240445493918,0.0,0.0,0.0,0.0,0.0,9.0,9.132778923345548
21.0,0.0,0.0,1.0,0.8485606027737924,0.9195514635445764,0.0,0.0,0.0,0.0,0.0,14.0,9.85889442316094
13.0,0.0,1.0,2.0,0.7842771668218296,0.47530238970957067,0.0,1.0,0.0,0.0,0.0,14.0,2.4421555615177803
18.0,1.0,0.0,2.0,1.0788625002979115,0.7247820570691293,1.0,0.0,0.0,0.0,0.0,11.0,6.353772533882406
10.0,0.0,0.0,2.0,0.5444596085336618,0.7429737834502305,0.0,0.0,0.0,0.0,0.0,8.0,9.254476993433675
15.0,0.0,1.0,2.0,0.4301630202248286,0.594085344757496,0.0,1.0,0.0,0.0,0.0,12.0,11.356449437803118
8.0,0.0,0.0,1.0,0.8759598403982908,0.8964687401893667,1.0,0.0,0.0,0.0,0.0,8.0,8.32976301306802
16.0,0.0,0.0,1.0,1.0988694052426966,0.8790573312073644,0.0,0.0,0.0,0.0,0.0,15.0,6.866530479813719
19.0,0.0,0.0,2.0,0.7136090844594986,0.38355092591890505,0.0,0.0,0.0,0.0,0.0,12.0,2.4491475994401735
6.0,0.0,0.0,0.0,0.4609299054693074,0.6174302832691846,1.0,0.0,0.0,0.0,0.0,9.0,9.125341706977913
33.0,0.0,0.0,1.0,0.9452217989885856,0.895085678135927,1.0,0.0,0.0,0.0,0.0,14.0,11.208764896159138
9.0,0.0,0.0,0.0,0.6649116456244032,0.7865668465524155,0.0,0.0,0.0,0.0,0.0,13.0,2.537474864268253
8.0,0.0,0.0,2.0,0.45272084940548785,0.5440754460920882,0.0,0.0,0.0,0.0,0.0,8.0,11.193454885552999
13.0,0.0,0.0,1.0,0.9430655850223835,0.7981555131614483,1.0,0.0,0.0,0.0,0.0,15.0,5.153793503176826
29.0,0.0,0.0,0.0,0.7026667970323887,0.35077358219500776,0.0,0.0,0.0,0.0,0.0,8.0,10.868498296622212
2.0,0.0,0.0,1.0,0.535574745298495,0.4690759373544613,0.0,0.0,0.0,0.0,0.0,10.0,2.083322295928217
13.0,0.0,0.0,0.0,0.813581293042806,0.7136442870407115,1.0,0.0,0.0,0.0,0.0,13.0,4.143831878047269
26.0,0.0,0.0,0.0,0.5529930001973999,0.5535339888096676,0.0,0.0,0.0,0.0,0.0,13.0,0.9278452047513515
22.0,0.0,0.0,0.0,0.4262192108948305,0.7119170521429753,0.0,0.0,0.0,0.0,0.0,13.0,2.9984715276663785
20.0,0.0,0.0,0.0,0.7042731058016947,0.889346261344728,1.0,0.0,0.0,0.0,0.0,10.0,1.4100809409941417
4.0,0.0,0.0,0.0,0.8849302353881546,0.9236670791825098,0.0,0.0,0.0,0.0,0.0,16.0,7.453827628390867
16.0,0.0,1.0,2.0,0.44880833415773586,0.711219811857575,0.0,1.0,0.0,0.0,0.0,8.0,10.554074783532169
2.0,0.0,0.0,0.0,0.8765631464891861,0.9219245204595244,0.0,0.0,0.0,0.0,0.0,11.0,3.572636942010897
34.0,0.0,0.0,2.0,0.9392605766492659,0.6606256790578321,1.0,0.0,0.0,0.0,0.0,11.0,9.282653005164411
16.0,0.0,0.0,1.0,0.8864169890393057,0.5840088387917804,0.0,0.0,0.0,0.0,0.0,10.0,3.3383475390957784
32.0,1.0,0.0,1.0,0.5938454875329321,0.7181564453415473,1.0,0.0,0.0,0.0,0.0,11.0,7.073001461205448
4.0,0.0,0.0,0.0,0.401160391009747,0.8042631474400982,0.0,0.0,0.0,0.0,0.0,14.0,11.154615088110907
33.0,0.0,0.0,1.0,0.7839771746496064,0.6170691917697817,1.0,0.0,0.0,0.0,0.0,10.0,10.023921878467203
18.0,1.0,0.0,0.0,0.7628262271689844,0.7704150072724977,0.0,0.0,0.0,0.0,0.0,12.0,9.203228051622784
3.0,0.0,0.0,1.0,0.849921600470364,0.8429715053819234,0.0,0.0,0.0,0.0,0.0,16.0,6.631369066013503
17.0,0.0,0.0,2.0,1.063736891370596,0.7767774821288295,1.0,0.0,0.0,0.0,0.0,12.0,2.732843151302197
21.0,0.0,0.0,1.0,0.5291603118004188,0.5850622873390957,0.0,0.0,0.0,0.0,0.0,14.0,4.5800683757827105
12.0,0.0,0.0,1.0,0.7043025505530368,0.3621482698362441,0.0,0.0,0.0,0.0,0.0,9.0,11.936861718280442
13.0,1.0,0.0,1.0,0.8778362748364288,0.6577026986483357,1.0,0.0,0.0,0.0,0.0,13.0,11.700166012760969
21.0,1.0,0.0,1.0,0.962565985675945,0.53069829001227,1.0,0.0,0.0,0.0,0.0,10.0,10.908991615412834
24.0,0.0,0.0,2.0,0.612908296355276,0.8511211513138324,1.0,0.0,0.0,0.0,0.0,14.0,11.74779326602952
13.0,0.0,0.0,1.0,0.5043446164674454,0.46618831969628755,1.0,0.0,0.0,0.0,0.0,16.0,0.2695300500627747
28.0,0.0,0.0,2.0,0.6574433834212067,0.669720147097579,0.0,0.0,0.0,0.0,0.0,17.0,5.127450249311211
33.0,0.0,0.0,1.0,0.47462599249524134,0.8024991437099595,1.0,0.0,0.0,0.0,0.0,14.0,2.198523689243971
9.0,0.0,0.0,1.0,1.0095130097329679,0.7261370860860277,0.0,0.0,0.0,0.0,0.0,10.0,11.249227009326521
34.0,1.0,0.0,1.0,0.9626439573496013,0.43332374950690433,1.0,0.0,0.0,0.0,0.0,8.0,3.656254003946908
33.0,0.0,0.0,1.0,0.5262965561308157,0.41739338059862546,0.0,0.0,0.0,0.0,0.0,13.0,10.751196750594701
33.0,0.0,1.0,2.0,0.9795682553080013,0.44187461829817726,1.0,1.0,0.0,0.0,0.0,12.0,2.568342920466135
24.0,0.0,0.0,0.0,0.949645327624022,0.8569829196369849,1.0,0.0,0.0,0.0,0.0,17.0,1.6146849868193616
3.0,0.0,0.0,1.0,1.017538180054258,0.6009314403616767,0.0,0.0,0.0,0.0,0.0,8.0,8.028643857237912
2.0,0.0,1.0,0.0,0.7937935932360349,0.3753719478763713,0.0,1.0,0.0,0.0,0.0,17.0,11.892190120425663
31.0,0.0,0.0,2.0,0.8483430719660833,0.7225129701746722,1.0,0.0,0.0,0.0,0.0,15.0,1.902952075798388
30.0,0.0,0.0,0.0,1.080121165067575,0.7077911256343488,1.0,0.0,0.0,0.0,0.0,8.0,11.30259953092108
12.0,0.0,1.0,1.0,0.9787056786508109,0.7770062780205859,0.0,1.0,0.0,0.0,0.0,12.0,4.582654808324703
16.0,0.0,0.0,1.0,0.570856997215834,0.4730112940623747,0.0,0.0,0.0,0.0,0.0,8.0,8.0195420168605
27.0,0.0,0.0,2.0,0.8702870465408657,0.6702413028513418,0.0,0.0,0.0,0.0,0.0,10.0,5.8851858484231085
30.0,1.0,0.0,2.0,0.6423553528368141,0.9012082694148255,1.0,0.0,0.0,0.0,0.0,10.0,2.5634404002543425
2.0,0.0,0.0,1.0,0.8850044597578042,0.5496420007222983,1.0,0.0,0.0,0.0,0.0,13.0,2.167751453703115
20.0,1.0,0.0,1.0,0.43147306822357523,0.9493771409441957,0.0,0.0,0.0,0.0,0.0,14.0,3.7874125280968647
24.0,1.0,0.0,0.0,0.7807189847060332,0.48636543909901847,1.0,0.0,0.0,0.0,0.0,13.0,8.439475298308972
8.0,0.0,1.0,0.0,0.672297659522418,0.5817587747952384,1.0,1.0,0.0,0.0,0.0,16.0,6.723143369862924
17.0,0.0,1.0,1.0,0.5531305732994333,0.8479161884200636,1.0,1.0,0.0,0.0,0.0,14.0,9.279919396655218
10.0,0.0,0.0,0.0,0.8643529212384216,0.48414073191435897,0.0,0.0,0.0,0.0,0.0,12.0,10.592246206636554
2.0,0.0,0.0,0.0,1.0689160960327762,0.8344020208461319,1.0,0.0,0.0,0.0,0.0,8.0,4.136968070159793
11.0,0.0,0.0,1.0,0.6900600812923751,0.7527437394431419,0.0,0.0,0.0,0.0,0.0,13.0,2.739723692590456
32.0,0.0,0.0,1.0,0.5769076710723187,0.6964750298468423,0.0,0.0,0.0,0.0,0.0,10.0,1.4003529747968124
13.0,0.0,0.0,0.0,0.6817942558541978,0.6830730203724005,1.0,0.0,0.0,0.0,0.0,8.0,11.935341514287956
24.0,0.0,1.0,2.0,0.41987196076976113,0.8965105096256897,0.0,1.0,0.0,0.0,0.0,10.0,10.104230534215278
5.0,1.0,0.0,1.0,1.0763482104005315,0.8709898401795634,1.0,0.0,0.0,0.0,0.0,14.0,10.858722889790775
15.0,1.0,0.0,0.0,0.908669627570591,0.7297333809250006,0.0,0.0,0.0,0.0,0.0,8.0,1.2994705634604282
20.0,1.0,0.0,0.0,0.5235418156529457,0.581370691355246,0.0,0.0,0.0,0.0,0.0,13.0,8.228686206696628
4.0,0.0,0.0,1.0,0.4391556327364914,0.8725690570664131,1.0,0.0,0.0,0.0,0.0,8.0,9.108259581646495
30.0,1.0,0.0,0.0,0.7665249793836089,0.35917652216203927,0.0,0.0,0.0,0.0,0.0,9.0,8.485076506746731
33.0,0.0,0.0,2.0,0.8987841811049688,0.3844778020806052,1.0,0.0,0.0,0.0,0.0,17.0,5.997249072321212
11.0,0.0,0.0,2.0,0.4984935022379237,0.8856969856590823,0.0,0.0,0.0,0.0,0.0,17.0,5.426349444938259
34.0,0.0,1.0,0.0,0.43167355396480667,0.9285951228053326,1.0,1.0,0.0,0.0,0.0,17.0,10.966317819330248
26.0,0.0,0.0,1.0,0.6051174095649305,0.7263060684918807,1.0,0.0,0.0,0.0,0.0,10.0,5.569885449154476
21.0,0.0,0.0,2.0,0.7802702753923739,0.633088223443859,1.0,0.0,0.0,0.0,0.0,10.0,10.374647349393952
5.0,0.0,0.0,0.0,0.7525280707389345,0.38611244855808524,1.0,0.0,0.0,0.0,0.0,15.0,10.443504948156754
19.0,0.0,1.0,2.0,0.9653404458874993,0.47736565304459017,0.0,1.0,0.0,0.0,0.0,17.0,1.7613750478362646
25.0,0.0,0.0,1.0,0.798538826165291,0.7622584102229042,0.0,0.0,0.0,0.0,0.0,14.0,6.746549353541675
19.0,0.0,1.0,2.0,0.5715903643655883,0.44278794681442984,0.0,1.0,0.0,0.0,0.0,12.0,11.989982593221567
8.0,0.0,1.0,0.0,0.5839708647419292,0.7413998688637864,0.0,1.0,0.0,0.0,0.0,17.0,9.42615240852368
22.0,0.0,0.0,2.0,0.9980255203707112,0.5214761610918894,1.0,0.0,0.0,0.0,0.0,17.0,2.870993507549102
15.0,0.0,0.0,0.0,0.7438725368743706,0.9184606967715959,0.0,0.0,0.0,0.0,0.0,16.0,10.11656970648168
6.0,0.0,0.0,0.0,1.097746331295472,0.4260115693399019,1.0,0.0,0.0,0.0,0.0,16.0,6.6809580537087525
28.0,0.0,0.0,0.0,1.0269395658272369,0.4551166695340874,1.0,0.0,0.0,0.0,0.0,10.0,6.3392319539517255
17.0,0.0,0.0,1.0,0.7702795102192513,0.8307850511226283,1.0,0.0,0.0,0.0,0.0,13.0,5.357261167829226
25.0,0.0,0.0,1.0,0.5762679474467318,0.6756804184070386,1.0,0.0,0.0,0.0,0.0,10.0,4.213972781842847
19.0,0.0,1.0,0.0,0.882523271770374,0.9340044082592479,0.0,1.0,0.0,0.0,0.0,9.0,8.779734780870958
19.0,0.0,0.0,0.0,0.8166439469863481,0.8329574398879108,0.0,0.0,0.0,0.0,0.0,12.0,8.474817889314815
30.0,0.0,0.0,1.0,0.6743599964112497,0.6897737543226165,0.0,0.0,0.0,0.0,0.0,12.0,5.163739607971721
29.0,0.0,0.0,1.0,0.6040322598885054,0.6557316746053369,1.0,0.0,0.0,0.0,0.0,13.0,1.3515382402140164
4.0,1.0,0.0,1.0,0.889989464809733,0.8740340626339217,1.0,0.0,0.0,0.0,0.0,17.0,3.0956563058773217
29.0,0.0,0.0,2.0,0.5465515297522177,0.47200435719137296,0.0,0.0,0.0,0.0,0.0,16.0,2.075748110847416
25.0,1.0,0.0,1.0,0.5784449113517552,0.5654274618008082,1.0,0.0,0.0,0.0,0.0,13.0,5.074661202896863
6.0,0.0,0.0,2.0,0.4389276268048558,0.37757657318262994,0.0,0.0,0.0,0.0,0.0,8.0,4.817089609376111
17.0,1.0,0.0,1.0,1.049671893250949,0.368820248195853,0.0,0.0,0.0,0.0,0.0,14.0,11.84419177499135
27.0,0.0,0.0,2.0,0.729850774364031,0.7251807938530139,0.0,0.0,0.0,0.0,0.0,8.0,2.7539529964822336
9.0,0.0,0.0,1.0,0.6827308123890483,0.8527291059303238,0.0,0.0,0.0,0.0,0.0,16.0,3.2466189293382928
21.0,0.0,0.0,0.0,1.0126258336376985,0.3819973213621405,1.0,0.0,0.0,0.0,0.0,9.0,6.476532978340232
27.0,1.0,0.0,0.0,0.5826087636879552,0.3628369226910852,1.0,0.0,0.0,0.0,0.0,9.0,0.5323538851606654
25.0,1.0,0.0,2.0,0.8282236833441576,0.4130258188180788,0.0,0.0,0.0,0.0,0.0,14.0,1.7640823509998451
22.0,1.0,0.0,2.0,1.0378373918026345,0.8845960909727462,0.0,0.0,0.0,0.0,0.0,16.0,10.347450322189456
15.0,0.0,0.0,0.0,0.8481212301369515,0.5293607115265858,1.0,0.0,0.0,0.0,0.0,11.0,1.6975955690005964
30.0,0.0,0.0,1.0,0.4141637949077656,0.5153342775939013,1.0,0.0,0.0,0.0,0.0,14.0,0.9764740708419221
24.0,0.0,0.0,1.0,1.0217448016949886,0.9437820676131566,0.0,0.0,0.0,0.0,0.0,11.0,6.865140236912506
17.0,1.0,0.0,2.0,0.5148531661282865,0.6099194323432771,0.0,0.0,0.0,0.0,0.0,11.0,5.166578132836659
31.0,1.0,0.0,0.0,0.9344314177463428,0.56617915945793,1.0,0.0,0.0,0.0,0.0,14.0,3.929386398559198
21.0,0.0,0.0,2.0,0.51956877982191,0.7322566589308628,1.0,0.0,0.0,0.0,0.0,16.0,2.3903132040428643
30.0,0.0,0.0,2.0,0.497680900616296,0.7833813951954449,0.0,0.0,0.0,0.0,0.0,14.0,7.786705027326823
24.0,0.0,0.0,0.0,0.4179350550370188,0.877381549379599,0.0,0.0,0.0,0.0,0.0,16.0,7.941139296096015
23.0,0.0,0.0,0.0,0.7589834078599379,0.8031938966671518,1.0,0.0,0.0,0.0,0.0,10.0,8.96199542567094
30.0,0.0,1.0,2.0,0.76455110976014,0.7128590370069675,0.0,1.0,0.0,0.0,0.0,17.0,2.9656978151348574
28.0,1.0,0.0,2.0,0.5718493123391764,0.6984221550285897,0.0,0.0,0.0,0.0,0.0,13.0,8.90827053523342
5.0,1.0,0.0,2.0,0.819500745530009,0.8088990682843749,0.0,0.0,0.0,0.0,0.0,15.0,9.543367632591583
11.0,0.0,1.0,2.0,1.0736214288192008,0.5656712006617547,0.0,1.0,0.0,0.0,0.0,15.0,6.8925227974345615
23.0,0.0,0.0,2.0,1.0588930943657546,0.6276888037065635,1.0,0.0,0.0,0.0,0.0,8.0,8.637026998582785
17.0,0.0,0.0,2.0,0.547036852294085,0.5912048818737582,1.0,0.0,0.0,0.0,0.0,11.0,6.422813096965277
12.0,0.0,0.0,1.0,0.9245728003858231,0.744316946689154,0.0,0.0,0.0,0.0,0.0,10.0,4.849279344922679
14.0,0.0,1.0,1.0,0.9329246218715881,0.6839466394695326,0.0,1.0,0.0,0.0,0.0,9.0,9.745505635004605
7.0,0.0,0.0,0.0,0.5042519322705618,0.5457106630356322,0.0,0.0,0.0,0.0,0.0,16.0,5.914593117130008
5.0,0.0,0.0,1.0,0.8011616182966286,0.4960103482883754,1.0,0.0,0.0,0.0,0.0,12.0,6.8772359845375055
20.0,0.0,0.0,0.0,0.8279309811800585,0.4664176093097209,1.0,0.0,0.0,0.0,0.0,8.0,8.522684394017501
15.0,0.0,0.0,0.0,0.8354060285207663,0.4624506839978549,1.0,0.0,0.0,0.0,0.0,10.0,1.0118374029357085
13.0,0.0,0.0,1.0,0.8294643090531384,0.6431904425140256,1.0,0.0,0.0,0.0,0.0,11.0,7.353280803902498
20.0,0.0,1.0,0.0,0.6156626285068222,0.38207634436090987,0.0,1.0,0.0,0.0,0.0,8.0,1.7567788926871912
21.0,0.0,0.0,1.0,0.6246836803805277,0.6045240808408703,1.0,0.0,0.0,0.0,0.0,14.0,4.29892623889251
31.0,0.0,0.0,2.0,1.0001026674458469,0.4824562362920082,0.0,0.0,0.0,0.0,0.0,13.0,3.1496614498771702
8.0,1.0,0.0,0.0,0.8597375069146503,0.4082657639735866,0.0,0.0,0.0,0.0,0.0,10.0,11.783352601116658
8.0,0.0,0.0,0.0,0.762998785564316,0.5468821494588845,1.0,0.0,0.0,0.0,0.0,11.0,7.370515359110495
7.0,0.0,0.0,0.0,0.7304096957257415,0.6537691369012264,1.0,0.0,0.0,0.0,0.0,17.0,9.933858965219493
17.0,0.0,1.0,1.0,0.9628244358350476,0.3874960406104082,0.0,1.0,0.0,0.0,0.0,8.0,8.668331477137102
17.0,0.0,0.0,1.0,0.4185548377010112,0.9410240522570246,0.0,0.0,0.0,0.0,0.0,11.0,6.223630224387073
11.0,0.0,0.0,1.0,0.7883791721295952,0.7535417684810337,0.0,0.0,0.0,0.0,0.0,12.0,8.775309520474682
7.0,0.0,0.0,1.0,0.9481293045661585,0.8494992149149863,1.0,0.0,0.0,0.0,0.0,15.0,9.0275962017632
11.0,0.0,0.0,0.0,0.8246565978344653,0.6308613636685461,0.0,0.0,0.0,0.0,0.0,15.0,3.313957021039447
31.0,0.0,0.0,1.0,1.08134862817852,0.9107443208114004,0.0,0.0,0.0,0.0,0.0,17.0,7.844341065910638
32.0,0.0,0.0,1.0,0.4278171393084637,0.4850075447982263,0.0,0.0,0.0,0.0,0.0,15.0,11.720921961212994
7.0,0.0,0.0,0.0,0.9319377103249292,0.4896271629906533,1.0,0.0,0.0,0.0,0.0,10.0,4.725547631903183
16.0,0.0,0.0,1.0,0.4279919567542389,0.5004584598322843,1.0,0.0,0.0,0.0,0.0,11.0,0.8726847426727069
23.0,0.0,1.0,2.0,0.9790515797960548,0.861113984313606,0.0,1.0,0.0,0.0,0.0,11.0,11.045516604469169
22.0,0.0,0.0,0.0,0.956960645079966,0.4982624271224858,1.0,0.0,0.0,0.0,0.0,14.0,6.829271450761271
20.0,0.0,0.0,2.0,0.748989965620789,0.8201872124033784,1.0,0.0,0.0,0.0,0.0,15.0,4.4379211755356005
29.0,0.0,0.0,2.0,0.8512453259170845,0.6826515986519799,0.0,0.0,0.0,0.0,0.0,16.0,10.17434935796123
24.0,0.0,1.0,0.0,0.8950165338601835,0.7595235268550481,1.0,1.0,0.0,0.0,0.0,10.0,4.276276764789018
8.0,0.0,0.0,2.0,0.6978231852928913,0.7614731608896339,0.0,0.0,0.0,0.0,0.0,12.0,11.445182418312825
26.0,0.0,0.0,0.0,0.8626108216180454,0.8213687895147567,0.0,0.0,0.0,0.0,0.0,15.0,6.546880666285122
21.0,0.0,1.0,0.0,0.6845920983830467,0.39095958755620497,0.0,1.0,0.0,0.0,0.0,17.0,7.35647772183573
2.0,0.0,0.0,0.0,0.8427637459721887,0.5093141276424908,1.0,0.0,0.0,0.0,0.0,17.0,8.55553754840898
23.0,0.0,0.0,1.0,0.6391600173168229,0.5773390092286101,1.0,0.0,0.0,0.0,0.0,14.0,8.477910409278351
4.0,0.0,0.0,0.0,0.7983747905944575,0.35289574422561654,1.0,0.0,0.0,0.0,0.0,11.0,5.692365477591736
18.0,0.0,1.0,2.0,0.9725079030675243,0.7510509197043544,0.0,1.0,0.0,0.0,0.0,10.0,4.979554374551314
29.0,0.0,1.0,1.0,1.0366120534496797,0.5455273507291163,0.0,1.0,0.0,0.0,0.0,10.0,5.2283352895985225
6.0,0.0,1.0,2.0,0.8862381285322819,0.7757273108968269,1.0,1.0,0.0,0.0,0.0,10.0,4.16611758483606
30.0,0.0,0.0,0.0,0.6956907934985492,0.4710236559980854,1.0,0.0,0.0,0.0,0.0,8.0,7.108710569688687
30.0,0.0,0.0,0.0,0.5775328312124938,0.7141463979438963,1.0,0.0,0.0,0.0,0.0,17.0,7.475990368988697
12.0,0.0,0.0,1.0,0.881929922518627,0.8661096316562003,1.0,0.0,0.0,0.0,0.0,15.0,11.763287573208528
21.0,0.0,0.0,1.0,0.54622637262986,0.3911133223722023,0.0,0.0,0.0,0.0,0.0,16.0,0.3470256246613641
14.0,0.0,0.0,0.0,0.8090756914294237,0.49031069682219297,0.0,0.0,0.0,0.0,0.0,15.0,8.744181491920884
13.0,0.0,1.0,0.0,1.0916390446036497,0.7756156559030774,1.0,1.0,0.0,0.0,0.0,11.0,11.453022456540086
32.0,0.0,1.0,1.0,0.6077962149379167,0.888242878556002,0.0,1.0,0.0,0.0,0.0,14.0,9.0435575736576
17.0,0.0,0.0,0.0,0.9553783038089481,0.8734041594917207,0.0,0.0,0.0,0.0,0.0,9.0,1.5996639887502715
26.0,0.0,0.0,2.0,0.7175938898550988,0.3895935943391623,1.0,0.0,0.0,0.0,0.0,17.0,8.914477035739237
22.0,1.0,0.0,0.0,0.9364161664712914,0.6958060239648719,1.0,0.0,0.0,0.0,0.0,15.0,9.614680749101431
14.0,1.0,0.0,1.0,0.5949660388675976,0.4174040158734361,0.0,0.0,0.0,0.0,0.0,13.0,5.06415428065045
22.0,0.0,0.0,0.0,0.42764269597984145,0.48678362791889274,0.0,0.0,0.0,0.0,0.0,12.0,2.5747878977773566
30.0,1.0,0.0,2.0,0.9024567593393569,0.5588517782784297,1.0,0.0,0.0,0.0,0.0,13.0,0.6039831739206689
28.0,0.0,1.0,2.0,0.8036412773079953,0.6529776369035132,0.0,1.0,0.0,0.0,0.0,13.0,1.2587184502573268
25.0,0.0,0.0,2.0,0.9749292245131705,0.6376919880402083,1.0,0.0,0.0,0.0,0.0,8.0,5.000374237133021
20.0,1.0,0.0,1.0,0.8353852177043684,0.6160793370089203,1.0,0.0,0.0,0.0,0.0,16.0,5.435818819715831
20.0,0.0,0.0,2.0,1.0442999766282115,0.475028450103028,0.0,0.0,0.0,0.0,0.0,17.0,0.7809716889369558
29.0,1.0,0.0,1.0,0.7160934322040888,0.7241734970974161,1.0,0.0,0.0,0.0,0.0,11.0,11.042238800321757
14.0,0.0,0.0,0.0,0.7309839192653365,0.6478607545945345,1.0,0.0,0.0,0.0,0.0,9.0,8.841832569529274
9.0,0.0,1.0,2.0,0.6300547221074357,0.5721171715952388,1.0,1.0,0.0,0.0,0.0,13.0,9.873074910166634
12.0,0.0,0.0,0.0,0.4147044673585281,0.6574120682758814,1.0,0.0,0.0,0.0,0.0,11.0,10.597305569543565
26.0,0.0,0.0,0.0,0.8303616899989461,0.8721508534824531,1.0,0.0,0.0,0.0,0.0,17.0,9.262484121678487
24.0,0.0,0.0,0.0,0.5877959096040651,0.5894612587207678,1.0,0.0,0.0,0.0,0.0,9.0,5.3733592828431656
23.0,0.0,1.0,2.0,0.9378757944422862,0.5380725652849362,1.0,1.0,0.0,0.0,0.0,8.0,0.6455957119736336
29.0,0.0,0.0,0.0,0.4074136205020333,0.7377089119232975,1.0,0.0,0.0,0.0,0.0,13.0,11.191635979298827
26.0,0.0,0.0,2.0,0.5623875678353364,0.49007243964814823,0.0,0.0,0.0,0.0,0.0,12.0,6.68884212861832
29.0,0.0,0.0,0.0,0.44175081913506886,0.6143955010627445,0.0,0.0,0.0,0.0,0.0,16.0,10.514696252437714
6.0,1.0,0.0,1.0,0.49002532280826155,0.826899810827683,0.0,0.0,0.0,0.0,0.0,10.0,1.2499995116103002
27.0,1.0,0.0,1.0,0.6659833248462046,0.6247179215258092,1.0,0.0,0.0,0.0,0.0,13.0,6.688823724496091
25.0,0.0,0.0,1.0,0.4889574406052725,0.6611547453807193,1.0,0.0,0.0,0.0,0.0,15.0,0.7340379650399346
34.0,1.0,0.0,1.0,0.6516591946711926,0.9122907113762819,1.0,0.0,0.0,0.0,0.0,8.0,11.537330628948427
10.0,0.0,0.0,2.0,0.8839793503628466,0.4932602142909249,1.0,0.0,0.0,0.0,0.0,14.0,6.4434653767455545
21.0,0.0,0.0,2.0,0.8919194240926975,0.8208628879154822,0.0,0.0,0.0,0.0,0.0,12.0,4.396942594318958
21.0,0.0,0.0,2.0,0.6041011101114634,0.7923239366577244,1.0,0.0,0.0,0.0,0.0,16.0,9.245682270760065
4.0,0.0,1.0,1.0,1.0476186194355024,0.6418773312090981,1.0,1.0,0.0,0.0,0.0,12.0,6.525167705055045
14.0,1.0,0.0,0.0,0.5306981286513957,0.7801961164367985,0.0,0.0,0.0,0.0,0.0,13.0,4.003524199763136
18.0,0.0,0.0,1.0,0.6064884722532329,0.5098805910326631,0.0,0.0,0.0,0.0,0.0,10.0,11.383838282060157
16.0,0.0,0.0,1.0,0.6874528480201069,0.6548078919211557,1.0,0.0,0.0,0.0,0.0,12.0,7.769464852550846
5.0,0.0,1.0,1.0,0.9752409572148457,0.6614521940700511,0.0,1.0,0.0,0.0,0.0,15.0,11.680339054239129
17.0,1.0,0.0,1.0,1.0301984391675356,0.875158146860883,1.0,0.0,0.0,0.0,0.0,9.0,3.9280612884626755
33.0,0.0,0.0,0.0,0.46820180387031535,0.5890828148099178,0.0,0.0,0.0,0.0,0.0,10.0,8.349517429848294
10.0,1.0,0.0,0.0,0.6375828599336517,0.9142649038410251,1.0,0.0,0.0,0.0,0.0,12.0,8.72946410444762
34.0,0.0,0.0,2.0,0.9568663490081626,0.6003269821512469,0.0,0.0,0.0,0.0,0.0,12.0,9.707262022896895
14.0,1.0,0.0,2.0,0.8664018262263277,0.9184269202401751,0.0,0.0,0.0,0.0,0.0,8.0,9.85404875786902
22.0,0.0,0.0,0.0,0.6257800745897123,0.8534049087779891,1.0,0.0,0.0,0.0,0.0,8.0,1.3005779492364982
20.0,0.0,0.0,2.0,0.8599809935158188,0.6905693861574407,0.0,0.0,0.0,0.0,0.0,14.0,3.3384233913640116
8.0,0.0,0.0,0.0,0.5927267326537428,0.6153609580700122,1.0,0.0,0.0,0.0,0.0,15.0,3.8050375469319704
19.0,0.0,0.0,0.0,0.4010842871455555,0.5046924454646246,0.0,0.0,0.0,0.0,0.0,13.0,6.335233960894376
19.0,1.0,0.0,0.0,0.6012720570246667,0.48287050087412053,1.0,0.0,0.0,0.0,0.0,13.0,7.828203603381172
23.0,1.0,0.0,1.0,0.4783885295261948,0.7055174493299725,1.0,0.0,0.0,0.0,0.0,15.0,9.224486898914273
10.0,0.0,0.0,2.0,0.4736271790182392,0.7401922045854704,0.0,0.0,0.0,0.0,0.0,9.0,2.4050311308558103
8.0,0.0,0.0,2.0,0.4291433268249696,0.5272573557013883,1.0,0.0,0.0,0.0,0.0,9.0,11.802577912968774
28.0,0.0,0.0,1.0,0.7088231487077896,0.7705357929512646,0.0,0.0,0.0,0.0,0.0,16.0,2.0013077633312175
5.0,1.0,0.0,1.0,0.4958300373825724,0.7873110521418387,1.0,0.0,0.0,0.0,0.0,15.0,7.488545587131899
3.0,0.0,0.0,2.0,1.067874297661126,0.7439516250895472,1.0,0.0,0.0,0.0,0.0,9.0,5.317051293696672
13.0,0.0,0.0,1.0,0.7265556333135197,0.8139881750326702,1.0,0.0,0.0,0.0,0.0,13.0,2.314227908194468
26.0,1.0,0.0,0.0,0.7879409636605202,0.6724888670881196,1.0,0.0,0.0,0.0,0.0,15.0,8.875243414276994
22.0,0.0,0.0,0.0,0.5331615254408347,0.9417296262249203,1.0,0.0,0.0,0.0,0.0,10.0,7.422308228391988
5.0,0.0,0.0,2.0,0.9017531417927551,0.4848600045964332,0.0,0.0,0.0,0.0,0.0,9.0,10.423844959399604
13.0,0.0,0.0,1.0,0.4209186417372347,0.5100269261724439,1.0,0.0,0.0,0.0,0.0,16.0,10.415864293817526
29.0,0.0,1.0,1.0,1.088049259722462,0.8158973010398298,0.0,1.0,0.0,0.0,0.0,10.0,7.004226583753052
32.0,0.0,0.0,1.0,0.9525962136864494,0.4935038347952154,1.0,0.0,0.0,0.0,0.0,8.0,3.306032376096707
27.0,0.0,0.0,2.0,0.40242170265005694,0.6317605925958638,0.0,0.0,0.0,0.0,0.0,11.0,6.24978112619635
27.0,0.0,0.0,0.0,0.9299990421249827,0.38858577719538895,0.0,0.0,0.0,0.0,0.0,17.0,0.20299269991713081
19.0,1.0,0.0,1.0,0.7262477176340817,0.9379700534622992,1.0,0.0,0.0,0.0,0.0,10.0,1.8660236150268896
33.0,1.0,0.0,2.0,0.6677508742207819,0.8796437490404475,1.0,0.0,0.0,0.0,0.0,16.0,9.319088207293639
18.0,0.0,0.0,2.0,0.9262556696086979,0.8351592176144905,1.0,0.0,0.0,0.0,0.0,17.0,8.076736484870278
25.0,0.0,0.0,1.0,0.5238579352365745,0.908755340320484,1.0,0.0,0.0,0.0,0.0,10.0,7.971080309725723
11.0,0.0,0.0,0.0,0.6182137983930517,0.7837651943349366,1.0,0.0,0.0,0.0,0.0,11.0,0.21282042585967245
8.0,0.0,0.0,1.0,0.8913759967328023,0.5699425173491839,0.0,0.0,0.0,0.0,0.0,13.0,3.2972185207246074
4.0,0.0,0.0,0.0,1.087738667476452,0.9457239604631649,0.0,0.0,0.0,0.0,0.0,17.0,9.800889286389369
27.0,0.0,0.0,0.0,0.9502499935966767,0.6985884677082747,1.0,0.0,0.0,0.0,0.0,17.0,5.900884754166165
16.0,0.0,1.0,1.0,1.0812846686299795,0.7416689602532269,0.0,1.0,0.0,0.0,0.0,16.0,0.31920920153909677
13.0,1.0,0.0,1.0,0.5692316886038011,0.39282179154999974,0.0,0.0,0.0,0.0,0.0,8.0,6.785972944437443
12.0,0.0,1.0,2.0,1.0715647536212676,0.7551610983589482,0.0,1.0,0.0,0.0,0.0,10.0,7.137335920370519
27.0,0.0,1.0,2.0,1.0961589463497534,0.7215695545480459,0.0,1.0,0.0,0.0,0.0,9.0,11.259728522769768
10.0,0.0,0.0,0.0,0.8494539495313347,0.6502388238609677,0.0,0.0,0.0,0.0,0.0,15.0,10.72564054929529
25.0,0.0,0.0,0.0,0.4218291119612416,0.7491235756662644,0.0,0.0,0.0,0.0,0.0,10.0,4.601822872746025
26.0,0.0,0.0,1.0,0.9680408772254278,0.8576822770432251,0.0,0.0,0.0,0.0,0.0,11.0,8.311261738110145
18.0,1.0,0.0,2.0,0.7910606272369133,0.700198585959489,1.0,0.0,0.0,0.0,0.0,8.0,8.018741577838789
5.0,0.0,0.0,1.0,0.9791310360893193,0.505724459665945,1.0,0.0,0.0,0.0,0.0,8.0,4.360228706301775
14.0,0.0,0.0,2.0,0.5095136304986551,0.3910599421540198,0.0,0.0,0.0,0.0,0.0,9.0,10.295151658813383
31.0,1.0,0.0,1.0,0.5838859009646218,0.5408156402036014,1.0,0.0,0.0,0.0,0.0,10.0,3.5360298916972805
15.0,0.0,0.0,1.0,0.5167102671159025,0.8468775117293038,1.0,0.0,0.0,0.0,0.0,16.0,7.193230996936094
31.0,0.0,0.0,2.0,1.0888616638034576,0.4812754804986055,0.0,0.0,0.0,0.0,0.0,9.0,9.00755949794445
32.0,0.0,0.0,0.0,0.498322839144654,0.8587282210121965,1.0,0.0,0.0,0.0,0.0,8.0,2.7290152786578457
22.0,0.0,0.0,1.0,1.0043574100747907,0.8832751931425891,1.0,0.0,0.0,0.0,0.0,16.0,3.6937638493101668
22.0,0.0,0.0,2.0,0.40616729061932116,0.5772581854611204,0.0,0.0,0.0,0.0,0.0,10.0,4.914003543212098
6.0,1.0,0.0,2.0,0.6466276320979064,0.570175289897125,0.0,0.0,0.0,0.0,0.0,15.0,2.1713384078454423
12.0,0.0,1.0,1.0,1.0090731080746178,0.6720568657144617,1.0,1.0,0.0,0.0,0.0,13.0,4.484688847194306
32.0,0.0,0.0,2.0,0.606330031212877,0.41657041627242036,1.0,0.0,0.0,0.0,0.0,8.0,1.8885287429841096
4.0,0.0,0.0,1.0,0.9832628368174995,0.7306200023583461,0.0,0.0,0.0,0.0,0.0,14.0,7.636179556832237
26.0,0.0,0.0,0.0,0.9583194304926189,0.6722580282924745,0.0,0.0,0.0,0.0,0.0,9.0,9.380290114129101
13.0,0.0,0.0,0.0,0.7104739487255465,0.9142631950442834,0.0,0.0,0.0,0.0,0.0,16.0,9.900877988530345
26.0,0.0,0.0,2.0,1.000858277404253,0.686752227568255,1.0,0.0,0.0,0.0,0.0,16.0,9.611644081962714
21.0,0.0,0.0,2.0,0.8785846784438939,0.843137716649656,1.0,0.0,0.0,0.0,0.0,15.0,1.5546305712829531
2.0,0.0,0.0,0.0,0.47821203866121403,0.5131792306836336,0.0,0.0,0.0,0.0,0.0,17.0,4.096431885111938
33.0,0.0,0.0,2.0,1.042687523151987,0.7627395738290215,1.0,0.0,0.0,0.0,0.0,17.0,11.318858283779472
6.0,0.0,0.0,1.0,0.671891573840296,0.4792527135531017,1.0,0.0,0.0,0.0,0.0,8.0,3.305228920658942
32.0,0.0,0.0,2.0,0.5234108692790646,0.8987386421277308,1.0,0.0,0.0,0.0,0.0,17.0,4.822736865038765
5.0,0.0,0.0,2.0,0.6476167603815011,0.6655401472372525,0.0,0.0,0.0,0.0,0.0,16.0,4.493983501388938
15.0,0.0,1.0,2.0,0.982382694413355,0.8510928993677311,1.0,1.0,0.0,0.0,0.0,8.0,9.409047640480297
25.0,0.0,0.0,1.0,0.6467612503398739,0.8353529294804208,1.0,0.0,0.0,0.0,0.0,11.0,10.574616872515428
33.0,0.0,0.0,1.0,0.9157559852094926,0.6436824868836687,0.0,0.0,0.0,0.0,0.0,11.0,7.996731422149666
12.0,0.0,0.0,2.0,0.6459727515223356,0.785977953881536,0.0,0.0,0.0,0.0,0.0,17.0,6.177019246498449
25.0,0.0,0.0,0.0,0.9110489945961062,0.9195513154754018,0.0,0.0,0.0,0.0,0.0,15.0,7.191914074216088
12.0,0.0,0.0,0.0,0.9575446489315439,0.8960138517706872,0.0,0.0,0.0,0.0,0.0,12.0,9.691659264496911
2.0,0.0,0.0,2.0,0.6245229112292856,0.9273487392750841,1.0,0.0,0.0,0.0,0.0,11.0,7.305257405708315
17.0,1.0,0.0,2.0,0.9841890553180894,0.7840011163607149,1.0,0.0,0.0,0.0,0.0,15.0,7.647190141614572
30.0,0.0,0.0,0.0,0.5939994259193778,0.5422747165582291,0.0,0.0,0.0,0.0,0.0,11.0,1.2596427472763911
3.0,0.0,1.0,1.0,0.5577165251447284,0.9090065111240825,0.0,1.0,0.0,0.0,0.0,17.0,6.171581644537487
15.0,0.0,0.0,2.0,1.0437683083142897,0.42434842450096233,1.0,0.0,0.0,0.0,0.0,10.0,3.080159265259164
25.0,1.0,0.0,2.0,0.6995217145554798,0.9386165031557127,1.0,0.0,0.0,0.0,0.0,14.0,7.969485784980023
10.0,1.0,0.0,0.0,0.9282486337323658,0.8666098626348004,0.0,0.0,0.0,0.0,0.0,16.0,7.30522790541053
27.0,0.0,0.0,1.0,1.0635979661677568,0.8148264672463338,0.0,0.0,0.0,0.0,0.0,17.0,9.89738480984376
7.0,1.0,0.0,2.0,0.8335923813332161,0.3698191933643551,0.0,0.0,0.0,0.0,0.0,8.0,0.597826365393149
14.0,0.0,0.0,2.0,0.5975582434236142,0.5873448557640195,0.0,0.0,0.0,0.0,0.0,9.0,2.3797960693670968
18.0,0.0,0.0,1.0,0.6188968011459777,0.42234179234342023,1.0,0.0,0.0,0.0,0.0,17.0,7.962467029154071
23.0,0.0,0.0,0.0,0.964601817583192,0.5108791297369251,1.0,0.0,0.0,0.0,0.0,10.0,8.150978662575286
22.0,0.0,0.0,2.0,0.6025631542635874,0.6216073158466741,1.0,0.0,0.0,0.0,0.0,17.0,8.318086908255692
11.0,0.0,0.0,2.0,0.6230658914374326,0.5118428825307008,1.0,0.0,0.0,0.0,0.0,16.0,8.946308694474336
20.0,1.0,0.0,2.0,0.638265923469996,0.45356210136653846,0.0,0.0,0.0,0.0,0.0,14.0,4.020735854912402
30.0,1.0,0.0,2.0,0.9407523505474459,0.46489769580077095,1.0,0.0,0.0,0.0,0.0,11.0,11.135453774736133
16.0,0.0,0.0,0.0,0.5169711132167171,0.4652119695960064,1.0,0.0,0.0,0.0,0.0,13.0,10.180077067490673
8.0,0.0,0.0,0.0,0.5269676542324582,0.6083156727642006,0.0,0.0,0.0,0.0,0.0,16.0,6.729975348453393
19.0,1.0,0.0,0.0,0.9710033938071337,0.72043840246594,0.0,0.0,0.0,0.0,0.0,8.0,0.2168206510853145
25.0,0.0,0.0,1.0,0.5586338210887425,0.42035240913113175,1.0,0.0,0.0,0.0,0.0,8.0,9.518911122724683
22.0,0.0,0.0,0.0,0.41798827346293077,0.834164440762227,1.0,0.0,0.0,0.0,0.0,9.0,2.8035466438777132
29.0,1.0,0.0,2.0,0.4535208719269703,0.8590704710832453,0.0,0.0,0.0,0.0,0.0,13.0,4.180722187972629
8.0,0.0,1.0,2.0,0.8358642621747234,0.39930168091460416,1.0,1.0,0.0,0.0,0.0,11.0,8.553943393608078
13.0,1.0,0.0,0.0,0.5700885734660889,0.8847110267276083,1.0,0.0,0.0,0.0,0.0,8.0,0.9104120240138716
32.0,0.0,0.0,1.0,1.0402961386804113,0.3974147037249503,1.0,0.0,0.0,0.0,0.0,14.0,7.670024237062142
19.0,0.0,0.0,1.0,0.5444860128755631,0.8401106512201485,1.0,0.0,0.0,0.0,0.0,9.0,5.952612117799065
18.0,0.0,0.0,0.0,0.4822996712337128,0.5257357506644088,1.0,0.0,0.0,0.0,0.0,13.0,2.397927132753491
27.0,0.0,1.0,0.0,0.9911118777141249,0.5262362798119391,1.0,1.0,0.0,0.0,0.0,13.0,5.378053255026553
10.0,0.0,1.0,0.0,0.9201656923672269,0.7902564740491931,1.0,1.0,0.0,0.0,0.0,10.0,11.219377612203509
7.0,0.0,0.0,1.0,0.999370696063183,0.5469947849415174,1.0,0.0,0.0,0.0,0.0,17.0,2.081620475887343
11.0,0.0,1.0,1.0,0.877036363822629,0.7358328855602289,0.0,1.0,0.0,0.0,0.0,13.0,10.01711876402892
14.0,1.0,0.0,1.0,0.8025848777024107,0.49248349579407347,1.0,0.0,0.0,0.0,0.0,8.0,4.930122032255933
14.0,0.0,0.0,1.0,0.9790616925324984,0.7967809394635438,1.0,0.0,0.0,0.0,0.0,15.0,9.966143587314297
8.0,0.0,0.0,2.0,0.9827245653650261,0.42976906446809876,1.0,0.0,0.0,0.0,0.0,17.0,9.267372264850485
23.0,0.0,0.0,2.0,0.5620429151835075,0.7235380047038777,1.0,0.0,0.0,0.0,0.0,10.0,2.5439988223756247
24.0,0.0,0.0,0.0,0.47555236986665095,0.40166776253959086,1.0,0.0,0.0,0.0,0.0,9.0,10.127653666195192
29.0,0.0,0.0,0.0,0.5730108599385298,0.6948264984214206,0.0,0.0,0.0,0.0,0.0,15.0,1.3797606462514267
20.0,0.0,0.0,1.0,0.5612218539085895,0.3878371334143678,0.0,0.0,0.0,0.0,0.0,17.0,2.021864410872855
24.0,0.0,0.0,2.0,0.8281012394971368,0.5098919972495374,0.0,0.0,0.0,0.0,0.0,13.0,6.974081500144362
27.0,0.0,0.0,2.0,0.9124505634470311,0.44169484561762584,0.0,0.0,0.0,0.0,0.0,12.0,2.202435451675367
29.0,1.0,0.0,2.0,0.5027276881454598,0.7283086353809043,0.0,0.0,0.0,0.0,0.0,11.0,3.7342143269892185
8.0,0.0,0.0,0.0,0.8313497089274803,0.3978198525682921,0.0,0.0,0.0,0.0,0.0,15.0,9.135770399728905
15.0,0.0,0.0,2.0,1.00359621017357,0.9069916156829986,0.0,0.0,0.0,0.0,0.0,17.0,11.593826504924575
27.0,0.0,0.0,2.0,0.7893474618258103,0.6479404707894606,1.0,0.0,0.0,0.0,0.0,8.0,7.146968519941393
12.0,1.0,0.0,2.0,0.6892816144261283,0.8437027204450547,1.0,0.0,0.0,0.0,0.0,17.0,11.1334809242782
2.0,0.0,0.0,0.0,0.8304605507030685,0.5021328220154248,1.0,0.0,0.0,0.0,0.0,14.0,9.028977279863563
9.0,0.0,1.0,1.0,0.4672125701679937,0.7595578687603326,0.0,1.0,0.0,0.0,0.0,14.0,8.704740312088735
34.0,0.0,0.0,1.0,0.4047513277157056,0.4802660837309838,1.0,0.0,0.0,0.0,0.0,8.0,8.639265941792479
14.0,1.0,0.0,1.0,0.6214148931473936,0.3925304321114623,0.0,0.0,0.0,0.0,0.0,8.0,11.935914413846781
4.0,0.0,0.0,2.0,0.7441448201985028,0.6350176336951132,1.0,0.0,0.0,0.0,0.0,9.0,10.043804609801677
12.0,0.0,0.0,2.0,0.9083505397629161,0.43420213710857475,1.0,0.0,0.0,0.0,0.0,17.0,10.043764557738562
32.0,0.0,0.0,1.0,0.65117720626061,0.35763160993799004,0.0,0.0,0.0,0.0,0.0,17.0,10.558989008407975
9.0,0.0,0.0,0.0,0.9704901773073188,0.46403757243838295,1.0,0.0,0.0,0.0,0.0,16.0,7.219240015872328
31.0,0.0,0.0,0.0,0.8295979798784544,0.7615129599008882,1.0,0.0,0.0,0.0,0.0,17.0,1.455339582598042
33.0,0.0,0.0,0.0,0.7025315583917588,0.714332963022371,1.0,0.0,0.0,0.0,0.0,8.0,6.716221863899502
17.0,0.0,0.0,0.0,0.67803181575677,0.8856186146831049,0.0,0.0,0.0,0.0,0.0,8.0,2.196085648100334
23.0,0.0,1.0,2.0,0.6402452117804881,0.5490305159306936,0.0,1.0,0.0,0.0,0.0,17.0,6.75762908125614
32.0,0.0,0.0,2.0,0.7638692405874424,0.3998008811187649,0.0,0.0,0.0,0.0,0.0,9.0,8.91677801573394
16.0,1.0,0.0,0.0,0.8118677636834271,0.44618468652785426,0.0,0.0,0.0,0.0,0.0,13.0,5.459369296844197
9.0,0.0,0.0,2.0,0.9251017786500633,0.42587811981884033,1.0,0.0,0.0,0.0,0.0,8.0,1.5426669339909074
8.0,1.0,0.0,0.0,1.0467257209694003,0.4179558055249925,0.0,0.0,0.0,0.0,0.0,16.0,10.926633984803551
21.0,0.0,0.0,2.0,0.4087447465172122,0.8355435733209765,0.0,0.0,0.0,0.0,0.0,15.0,11.020270234169349
31.0,1.0,0.0,1.0,0.6096681414086532,0.7732038865109924,0.0,0.0,0.0,0.0,0.0,15.0,8.804670497119929
25.0,0.0,0.0,1.0,0.6038355581606167,0.6501898371462919,1.0,0.0,0.0,0.0,0.0,9.0,11.478132241791435
33.0,0.0,0.0,0.0,0.8726726888483713,0.4261303940944768,0.0,0.0,0.0,0.0,0.0,11.0,9.593652415609563
7.0,1.0,0.0,2.0,0.4698760774127707,0.7975579324659461,1.0,0.0,0.0,0.0,0.0,11.0,3.2379422044682324
31.0,1.0,0.0,0.0,0.8954902700881507,0.7935812077068508,1.0,0.0,0.0,0.0,0.0,17.0,6.826007674123131
22.0,0.0,0.0,2.0,0.5985583187369955,0.5707495172582583,1.0,0.0,0.0,0.0,0.0,10.0,10.405979970467838
24.0,0.0,1.0,2.0,0.7856268687704859,0.788073146208978,1.0,1.0,0.0,0.0,0.0,17.0,3.802503752818154
30.0,0.0,1.0,2.0,1.0162225284030757,0.599729488350274,1.0,1.0,0.0,0.0,0.0,9.0,2.4036204236716228
10.0,0.0,0.0,0.0,0.8387416519692705,0.5302186440213598,0.0,0.0,0.0,0.0,0.0,14.0,10.013841506634034
28.0,0.0,0.0,0.0,0.47783663919289443,0.5428802094720278,0.0,0.0,0.0,0.0,0.0,14.0,11.936828338378247
8.0,0.0,0.0,2.0,0.5271991662815302,0.6290407213219177,0.0,0.0,0.0,0.0,0.0,8.0,11.860506449302198
8.0,1.0,0.0,2.0,0.9519296612680729,0.8823747273017248,0.0,0.0,0.0,0.0,0.0,14.0,7.051725887794414
12.0,0.0,0.0,1.0,1.073957226959409,0.9103169144678269,0.0,0.0,0.0,0.0,0.0,12.0,11.10902508558073
4.0,1.0,0.0,1.0,0.6668692217344966,0.4475639938126955,1.0,0.0,0.0,0.0,0.0,17.0,5.693910785918093
21.0,1.0,0.0,1.0,0.9777444762087939,0.803316037332144,1.0,0.0,0.0,0.0,0.0,11.0,10.021699941036667
26.0,1.0,0.0,1.0,0.8624047525878837,0.9268529784739469,0.0,0.0,0.0,0.0,0.0,10.0,5.161458815589775
5.0,0.0,0.0,0.0,0.9975672258840806,0.5797158742721712,0.0,0.0,0.0,0.0,0.0,11.0,4.986946551284666
7.0,0.0,0.0,2.0,0.6561098655644324,0.739563964464578,0.0,0.0,0.0,0.0,0.0,10.0,6.4419887427191584
34.0,0.0,0.0,1.0,0.6401316545889562,0.46392586176460193,0.0,0.0,0.0,0.0,0.0,16.0,2.275103359830103
3.0,0.0,0.0,2.0,0.6613803827861833,0.451360313877766,1.0,0.0,0.0,0.0,0.0,16.0,10.330336847375502
18.0,1.0,0.0,1.0,0.7819808028993824,0.6326811599235755,1.0,0.0,0.0,0.0,0.0,16.0,5.857046848635701
23.0,1.0,0.0,1.0,0.4053559905638539,0.40150067097430675,0.0,0.0,0.0,0.0,0.0,12.0,0.8940054800233892
20.0,0.0,0.0,2.0,1.0826556732607175,0.49001237663254443,1.0,0.0,0.0,0.0,0.0,11.0,6.573600677791548
33.0,1.0,0.0,1.0,0.7232299056978051,0.5405743144057175,1.0,0.0,0.0,0.0,0.0,14.0,3.007225523001565
10.0,0.0,0.0,1.0,0.43217899514697317,0.8149603437171744,0.0,0.0,0.0,0.0,0.0,13.0,1.4633455032604206
31.0,1.0,0.0,2.0,0.7894288536706905,0.7432561019130062,0.0,0.0,0.0,0.0,0.0,16.0,10.180849493798673
34.0,0.0,0.0,1.0,0.6854912145276758,0.8437630261725954,1.0,0.0,0.0,0.0,0.0,10.0,8.5574242638824
31.0,1.0,0.0,2.0,0.5874336997626738,0.40475936303849736,0.0,0.0,0.0,0.0,0.0,12.0,1.8050648321950316
10.0,0.0,0.0,0.0,0.6051319347938982,0.7625679773111114,0.0,0.0,0.0,0.0,0.0,11.0,10.103595430483422
15.0,1.0,0.0,0.0,0.8396344799911032,0.5245104583516472,0.0,0.0,0.0,0.0,0.0,9.0,9.79788458094666
32.0,0.0,1.0,1.0,0.44981945902246645,0.8112103209585124,0.0,1.0,0.0,0.0,0.0,12.0,7.132781581826315
14.0,0.0,0.0,0.0,0.4419535748408212,0.7850380976210524,1.0,0.0,0.0,0.0,0.0,10.0,1.6125323541443473
27.0,0.0,0.0,1.0,0.5482743530474927,0.7586097135427896,0.0,0.0,0.0,0.0,0.0,8.0,10.819961531724509
29.0,0.0,0.0,2.0,1.0470303567702701,0.7175110444916407,0.0,0.0,0.0,0.0,0.0,11.0,1.2367377244624507
20.0,1.0,0.0,0.0,0.6931449102790997,0.635311060890524,0.0,0.0,0.0,0.0,0.0,8.0,2.2759735510566803
19.0,0.0,0.0,2.0,0.6342774767824882,0.5447542787995783,0.0,0.0,0.0,0.0,0.0,16.0,0.995010385249951
26.0,0.0,1.0,0.0,0.43052635349066465,0.8347033535855651,1.0,1.0,0.0,0.0,0.0,16.0,2.18681577754941
2.0,0.0,0.0,1.0,0.6121078284304429,0.8300188424792646,0.0,0.0,0.0,0.0,0.0,8.0,9.729970120340557
8.0,0.0,0.0,1.0,0.7509316689409006,0.4983595420219564,0.0,0.0,0.0,0.0,0.0,17.0,9.85074716683202
18.0,1.0,0.0,2.0,0.5838307979536738,0.865814143201143,1.0,0.0,0.0,0.0,0.0,9.0,1.6848870393498567
34.0,0.0,1.0,1.0,0.9860035986727969,0.3705217580165641,0.0,1.0,0.0,0.0,0.0,15.0,1.748819426295641
28.0,0.0,0.0,2.0,0.7010662274109131,0.3672785271489527,1.0,0.0,0.0,0.0,0.0,12.0,5.658811514973602
22.0,0.0,0.0,1.0,0.8834850514888687,0.8588053329192984,1.0,0.0,0.0,0.0,0.0,17.0,6.729383178425163
18.0,0.0,1.0,2.0,0.7360069482205281,0.4492699431608106,0.0,1.0,0.0,0.0,0.0,9.0,8.410329411661262
31.0,0.0,1.0,1.0,0.8508775502981372,0.41897562746990435,0.0,1.0,0.0,0.0,0.0,16.0,6.636787224970871
19.0,0.0,0.0,0.0,0.7187501226557889,0.45196934856290916,0.0,0.0,0.0,0.0,0.0,15.0,11.385637902745467
6.0,0.0,0.0,1.0,0.42343626319870564,0.554552790896158,1.0,0.0,0.0,0.0,0.0,16.0,8.770783422899708
28.0,0.0,1.0,2.0,0.4352445054006145,0.6664227648815728,0.0,1.0,0.0,0.0,0.0,12.0,2.0290015084132667
9.0,0.0,0.0,1.0,0.6785779515979038,0.4391216548776899,0.0,0.0,0.0,0.0,0.0,16.0,3.866736855090213
34.0,0.0,0.0,0.0,0.827805576224878,0.43102950373068993,0.0,0.0,0.0,0.0,0.0,14.0,4.875386631116001
18.0,1.0,0.0,1.0,0.9133888252262322,0.8076297286735966,0.0,0.0,0.0,0.0,0.0,13.0,6.1001764759587775
16.0,0.0,1.0,1.0,0.731499951787582,0.8838595575786541,1.0,1.0,0.0,0.0,0.0,17.0,3.7663029984957137
21.0,1.0,0.0,0.0,0.7535952948526693,0.46083403562928416,1.0,0.0,0.0,0.0,0.0,8.0,5.045886243871189
21.0,0.0,0.0,1.0,0.5236283151337603,0.560181415908865,1.0,0.0,0.0,0.0,0.0,13.0,7.880879125707761
13.0,0.0,1.0,2.0,0.7494310206168318,0.5360264211976513,1.0,1.0,0.0,0.0,0.0,8.0,8.75536063154103
28.0,0.0,0.0,2.0,0.586131810301817,0.39091027059421357,0.0,0.0,0.0,0.0,0.0,10.0,1.310648133867427
11.0,0.0,0.0,1.0,0.4076288593782016,0.887322279215728,1.0,0.0,0.0,0.0,0.0,10.0,0.7627935339997
6.0,0.0,1.0,2.0,0.9700380916494399,0.633039344803642,1.0,1.0,0.0,0.0,0.0,11.0,6.183719692894775
14.0,1.0,0.0,1.0,1.0431723856902213,0.4122665397282202,0.0,0.0,0.0,0.0,0.0,9.0,8.187805811482466
6.0,0.0,0.0,0.0,0.7369466697731469,0.6983626775913551,1.0,0.0,0.0,0.0,0.0,13.0,2.051002589789903
19.0,0.0,0.0,0.0,0.9576032488157564,0.7191712080290136,0.0,0.0,0.0,0.0,0.0,15.0,10.54531267641279
14.0,1.0,0.0,1.0,0.6305542293288265,0.5136091090282567,1.0,0.0,0.0,0.0,0.0,16.0,5.977257872253755
19.0,0.0,0.0,1.0,0.4038274444694503,0.9381573388850653,0.0,0.0,0.0,0.0,0.0,17.0,8.51631600928481
28.0,0.0,0.0,1.0,0.7775258378070528,0.8366561114343735,1.0,0.0,0.0,0.0,0.0,12.0,11.740613032866996
29.0,0.0,0.0,0.0,0.8610853901110785,0.7958323401637929,1.0,0.0,0.0,0.0,0.0,16.0,7.418982129195146
19.0,0.0,0.0,2.0,0.7450601423685177,0.818796479991905,1.0,0.0,0.0,0.0,0.0,13.0,2.3043231493458594
11.0,1.0,0.0,1.0,1.0834131080626146,0.48211493289537344,0.0,0.0,0.0,0.0,0.0,14.0,11.486913786062061
19.0,0.0,0.0,2.0,0.6412520123321358,0.6634706877257928,1.0,0.0,0.0,0.0,0.0,10.0,6.521392073821269
4.0,0.0,1.0,1.0,0.42225081844167955,0.3968949819435565,0.0,1.0,0.0,0.0,0.0,16.0,3.975397979647212
13.0,1.0,0.0,0.0,0.720167926563495,0.7960897212954215,1.0,0.0,0.0,0.0,0.0,11.0,10.558663434354932
20.0,0.0,0.0,1.0,0.858036035874273,0.4716399621236214,1.0,0.0,0.0,0.0,0.0,12.0,2.336674037792751
34.0,0.0,1.0,1.0,1.0510908469782996,0.798254057337876,1.0,1.0,0.0,0.0,0.0,13.0,1.7422394496469356
13.0,1.0,0.0,1.0,0.7302176569118924,0.3608730010713666,1.0,0.0,0.0,0.0,0.0,13.0,11.639788283699817
12.0,0.0,0.0,1.0,1.0585232353967033,0.8826159661768601,1.0,0.0,0.0,0.0,0.0,17.0,2.253785756049546
24.0,1.0,0.0,0.0,0.6603244515185676,0.8149367459364866,0.0,0.0,0.0,0.0,0.0,13.0,7.1088887667838
22.0,0.0,0.0,0.0,0.5019660722057132,0.4592375369816496,0.0,0.0,0.0,0.0,0.0,12.0,9.748880575730793
25.0,0.0,0.0,2.0,0.9364773577157635,0.6270201109627641,1.0,0.0,0.0,0.0,0.0,17.0,4.803045536339207
3.0,0.0,0.0,2.0,0.4350152989823657,0.4821722317050826,1.0,0.0,0.0,0.0,0.0,17.0,0.551733824384752
28.0,0.0,0.0,2.0,1.046435586768363,0.5850523754610295,0.0,0.0,0.0,0.0,0.0,14.0,7.804368971638734
17.0,0.0,0.0,1.0,0.7395630886849174,0.7712944107496923,1.0,0.0,0.0,0.0,0.0,17.0,2.6224163477949287
30.0,0.0,0.0,0.0,0.5951139972917241,0.8021762719511313,0.0,0.0,0.0,0.0,0.0,12.0,3.077787996940109
9.0,1.0,0.0,2.0,0.42417278968022465,0.403789852717397,1.0,0.0,0.0,0.0,0.0,17.0,3.032153768109989
25.0,0.0,0.0,0.0,0.9678573704203584,0.46963949902819624,1.0,0.0,0.0,0.0,0.0,17.0,10.988151893405886
8.0,1.0,0.0,1.0,0.5655079679928813,0.4415235430285156,1.0,0.0,0.0,0.0,0.0,9.0,8.845592442147884
5.0,0.0,0.0,2.0,0.6089864901122246,0.7899783343572157,1.0,0.0,0.0,0.0,0.0,11.0,5.122508465954749
18.0,0.0,0.0,2.0,0.4079350731478829,0.76451749330967,1.0,0.0,0.0,0.0,0.0,14.0,9.557624193795009
20.0,0.0,0.0,1.0,0.9156644322061065,0.5048761670215095,1.0,0.0,0.0,0.0,0.0,15.0,4.801465960143169
20.0,1.0,0.0,0.0,0.4877795164263113,0.5681878669939383,0.0,0.0,0.0,0.0,0.0,10.0,2.911272566817171
25.0,0.0,0.0,2.0,0.8490557712741467,0.38588471634218907,0.0,0.0,0.0,0.0,0.0,13.0,5.962516557577825
15.0,0.0,0.0,0.0,0.6349126568317293,0.5289239457829994,1.0,0.0,0.0,0.0,0.0,12.0,4.782103197690915
5.0,0.0,0.0,0.0,1.0011384307134834,0.3624230470757951,0.0,0.0,0.0,0.0,0.0,9.0,5.480208096613931
24.0,0.0,0.0,2.0,0.6094874148563996,0.8357800634005115,1.0,0.0,0.0,0.0,0.0,8.0,5.654318050910364
15.0,0.0,0.0,0.0,1.0800078935076958,0.456813110630741,1.0,0.0,0.0,0.0,0.0,13.0,2.0652232960043366
29.0,0.0,0.0,1.0,0.6701126370798232,0.5311681572757353,1.0,0.0,0.0,0.0,0.0,14.0,3.5768513167010663
3.0,1.0,0.0,0.0,0.45159855020323614,0.8327355593885604,0.0,0.0,0.0,0.0,0.0,16.0,0.3549886256652842
2.0,1.0,0.0,2.0,0.6791985474091286,0.7938169714656645,1.0,0.0,0.0,0.0,0.0,16.0,7.510524399999064
30.0,1.0,0.0,0.0,0.5623982668071261,0.4427695325702434,1.0,0.0,0.0,0.0,0.0,15.0,11.358383991992282
4.0,0.0,0.0,0.0,0.7567523996564494,0.7253374634690126,0.0,0.0,0.0,0.0,0.0,13.0,8.607219227035804
26.0,0.0,1.0,1.0,0.44613449080900774,0.3739881325170442,0.0,1.0,0.0,0.0,0.0,9.0,10.031748452736972
21.0,0.0,0.0,2.0,0.45281042170375047,0.8822185577124538,1.0,0.0,0.0,0.0,0.0,8.0,11.596023025237866
4.0,0.0,0.0,2.0,0.8470106467953508,0.42635107992728516,0.0,0.0,0.0,0.0,0.0,9.0,4.605180049151587
34.0,0.0,0.0,2.0,1.0744155461027989,0.7712294144659104,0.0,0.0,0.0,0.0,0.0,8.0,7.052086934558671
29.0,0.0,0.0,0.0,0.8273085631230308,0.5641514689096895,1.0,0.0,0.0,0.0,0.0,16.0,11.332200241934439
19.0,1.0,0.0,0.0,0.4345157197229726,0.8426811270600097,1.0,0.0,0.0,0.0,0.0,12.0,1.865296646102777
29.0,0.0,0.0,2.0,0.5113261537930085,0.5716290246579795,1.0,0.0,0.0,0.0,0.0,11.0,4.07400222472763
3.0,0.0,0.0,0.0,0.8069830075455678,0.6153960976840865,1.0,0.0,0.0,0.0,0.0,15.0,9.971468415385791
27.0,0.0,0.0,1.0,0.5127798580092626,0.5942266041268298,1.0,0.0,0.0,0.0,0.0,13.0,0.29241692862434193
19.0,0.0,1.0,2.0,0.6245493253406793,0.49639343627051347,0.0,1.0,0.0,0.0,0.0,17.0,4.464613655937645
26.0,0.0,0.0,1.0,0.5684975484072597,0.6300935812076861,0.0,0.0,0.0,0.0,0.0,8.0,8.49659002087095
4.0,0.0,0.0,0.0,0.8494792031032026,0.5095836120620927,0.0,0.0,0.0,0.0,0.0,10.0,1.3465568284549865
7.0,0.0,0.0,0.0,0.9023593135390272,0.6335114448406479,1.0,0.0,0.0,0.0,0.0,16.0,7.450143519066671
13.0,0.0,1.0,2.0,0.6109020633593261,0.6150277780345913,0.0,1.0,0.0,0.0,0.0,16.0,3.8342225971037123
11.0,0.0,0.0,1.0,0.45572102117029645,0.35998761222271397,0.0,0.0,0.0,0.0,0.0,17.0,3.412464476245791
25.0,0.0,0.0,0.0,0.9249088129593281,0.4047100530535154,0.0,0.0,0.0,0.0,0.0,16.0,3.251848553914592
33.0,0.0,0.0,1.0,0.6976409264407132,0.6483842625997728,0.0,0.0,0.0,0.0,0.0,9.0,1.6965940797358576
30.0,0.0,0.0,2.0,0.5600995551598064,0.9497046410400435,0.0,0.0,0.0,0.0,0.0,16.0,6.538278277922716
16.0,0.0,0.0,0.0,0.5190558512865115,0.38827189333212336,0.0,0.0,0.0,0.0,0.0,9.0,0.7841865215150611
20.0,1.0,0.0,2.0,0.559519432136134,0.4037265738979052,1.0,0.0,0.0,0.0,0.0,10.0,5.1417302833498635
4.0,0.0,0.0,1.0,0.5610821158349789,0.6811496907455552,1.0,0.0,0.0,0.0,0.0,17.0,2.7403358175007995
24.0,0.0,0.0,0.0,0.7807308770991285,0.7179138600269213,1.0,0.0,0.0,0.0,0.0,9.0,5.400274441097038
25.0,0.0,0.0,1.0,0.9983802794721984,0.7401172924101014,0.0,0.0,0.0,0.0,0.0,8.0,4.7262546906914045
7.0,0.0,0.0,1.0,0.7844605366141166,0.5679272258899559,1.0,0.0,0.0,0.0,0.0,9.0,4.002096689907803
22.0,0.0,0.0,1.0,0.4998448090374314,0.7184483674655976,1.0,0.0,0.0,0.0,0.0,13.0,4.669333784693271
27.0,0.0,0.0,2.0,0.4131225385449589,0.4108730279383911,1.0,0.0,0.0,0.0,0.0,17.0,0.8066793282312626
13.0,0.0,0.0,1.0,0.8765338278743793,0.779223089021574,0.0,0.0,0.0,0.0,0.0,12.0,2.06949037818897
10.0,0.0,0.0,0.0,0.410343842817167,0.4460678624987305,0.0,0.0,0.0,0.0,0.0,8.0,9.425677829892734
22.0,0.0,0.0,0.0,0.8824424036038989,0.6547629376583416,1.0,0.0,0.0,0.0,0.0,9.0,0.5338675754091364
7.0,0.0,0.0,2.0,0.8204355336610332,0.9472453579991632,1.0,0.0,0.0,0.0,0.0,10.0,1.7287589213199046
18.0,1.0,0.0,1.0,0.529038653538675,0.38895518063053547,0.0,0.0,0.0,0.0,0.0,17.0,0.9137286972621329
29.0,0.0,0.0,2.0,0.8884975894395318,0.8031096256796281,1.0,0.0,0.0,0.0,0.0,16.0,1.43505173978492
12.0,1.0,0.0,1.0,0.8788985983442676,0.8494044299678833,0.0,0.0,0.0,0.0,0.0,16.0,7.266488674664854
19.0,0.0,0.0,0.0,0.9915968666189315,0.635025017101052,0.0,0.0,0.0,0.0,0.0,14.0,2.3772428978670486
16.0,0.0,0.0,1.0,0.8388581677441963,0.6823024093173858,1.0,0.0,0.0,0.0,0.0,17.0,11.783162801948539
30.0,1.0,0.0,2.0,1.0478202969763761,0.82535135004772,0.0,0.0,0.0,0.0,0.0,15.0,4.989247227099271
34.0,0.0,0.0,2.0,0.613715195997643,0.6795116199125459,0.0,0.0,0.0,0.0,0.0,11.0,11.197759983613762
15.0,0.0,1.0,1.0,0.8418933062816684,0.6175030061440602,1.0,1.0,0.0,0.0,0.0,16.0,0.6267299018242233
34.0,0.0,0.0,0.0,0.4685932272608691,0.6792333441260118,0.0,0.0,0.0,0.0,0.0,17.0,6.826832886051692
11.0,0.0,0.0,0.0,0.9412948642548259,0.35779016410639086,1.0,0.0,0.0,0.0,0.0,14.0,7.162725303014255
6.0,0.0,0.0,0.0,0.5293770477389342,0.9117226785723561,1.0,0.0,0.0,0.0,0.0,9.0,1.7125575924705585
11.0,0.0,0.0,1.0,0.46303727265609096,0.5110495189625093,1.0,0.0,0.0,0.0,0.0,14.0,1.474025177695405
32.0,1.0,0.0,0.0,0.6615326631917788,0.5415360752347006,0.0,0.0,0.0,0.0,0.0,14.0,6.472916754214796
21.0,1.0,0.0,2.0,0.8901345592806903,0.9452475146022665,0.0,0.0,0.0,0.0,0.0,17.0,10.541417781121412
28.0,0.0,0.0,0.0,0.6238696149628122,0.7982726596394912,0.0,0.0,0.0,0.0,0.0,16.0,4.364744261634949
19.0,0.0,0.0,2.0,0.8280045264714014,0.7510934543170239,1.0,0.0,0.0,0.0,0.0,14.0,2.3690195012825646
8.0,0.0,0.0,1.0,0.639826697822084,0.3555807993240675,0.0,0.0,0.0,0.0,0.0,16.0,3.2482784923250096
2.0,0.0,0.0,0.0,0.7457997614084712,0.6293141743190552,1.0,0.0,0.0,0.0,0.0,14.0,0.5941549729450012
17.0,0.0,0.0,1.0,1.0558349222557968,0.6086369452434691,1.0,0.0,0.0,0.0,0.0,8.0,2.4645143835222805
5.0,0.0,0.0,1.0,0.6280186008479036,0.7417527643427301,1.0,0.0,0.0,0.0,0.0,11.0,11.178584354321417
22.0,1.0,0.0,2.0,0.6597594997046778,0.35948776406975724,1.0,0.0,0.0,0.0,0.0,15.0,5.501989040125011
13.0,0.0,0.0,0.0,0.7933786735596664,0.4372848754015433,1.0,0.0,0.0,0.0,0.0,17.0,1.2913789415847456
20.0,1.0,0.0,2.0,0.5750715829660474,0.6817646271507305,1.0,0.0,0.0,0.0,0.0,11.0,5.054314962788518
29.0,1.0,0.0,1.0,0.4217548900285399,0.7760036997133816,0.0,0.0,0.0,0.0,0.0,12.0,6.900729891704037
2.0,0.0,0.0,2.0,0.4701619590252674,0.4040519992904309,0.0,0.0,0.0,0.0,0.0,16.0,8.033677137252765
20.0,1.0,0.0,0.0,0.5142414751320068,0.7563719477329495,1.0,0.0,0.0,0.0,0.0,14.0,5.075982766441439
3.0,1.0,0.0,1.0,0.5319056772955625,0.7088359717467516,0.0,0.0,0.0,0.0,0.0,9.0,3.492694276911531
12.0,0.0,0.0,0.0,0.48646879596450576,0.9092201040400546,0.0,0.0,0.0,0.0,0.0,11.0,9.610750034113217
12.0,0.0,1.0,0.0,0.8558780860337908,0.7682684098257899,0.0,1.0,0.0,0.0,0.0,17.0,0.3201137214406135
33.0,0.0,0.0,2.0,1.0805608804430433,0.4237186851899189,1.0,0.0,0.0,0.0,0.0,12.0,10.122554305571663
26.0,0.0,0.0,1.0,1.0314222762579037,0.9203779979194519,0.0,0.0,0.0,0.0,0.0,16.0,11.478526104650342
31.0,0.0,0.0,0.0,0.4414618838236004,0.6700497447626786,0.0,0.0,0.0,0.0,0.0,13.0,7.344172163277311
3.0,1.0,0.0,1.0,0.4443003690412848,0.8321277388199191,1.0,0.0,0.0,0.0,0.0,14.0,9.34119405220123
32.0,1.0,0.0,0.0,0.44758332061040407,0.35927491961726266,0.0,0.0,0.0,0.0,0.0,16.0,1.7084996643615835
30.0,0.0,0.0,0.0,1.0024029405479313,0.8968914104298358,0.0,0.0,0.0,0.0,0.0,15.0,0.7041444565023105
2.0,0.0,0.0,1.0,0.8136685871560314,0.5926308862301581,1.0,0.0,0.0,0.0,0.0,10.0,11.304408564464232
12.0,0.0,0.0,1.0,0.6707685295028073,0.49566248592204215,0.0,0.0,0.0,0.0,0.0,8.0,10.324241643340468
2.0,0.0,1.0,2.0,0.5664085900449647,0.8420759884237067,1.0,1.0,0.0,0.0,0.0,10.0,1.363362030039097
29.0,0.0,0.0,2.0,0.9338473354612039,0.39618392281817777,0.0,0.0,0.0,0.0,0.0,8.0,9.035321000625366
13.0,0.0,0.0,0.0,0.7126916614437471,0.7457950354937232,1.0,0.0,0.0,0.0,0.0,13.0,8.506185274454486
27.0,0.0,0.0,2.0,0.7975897849594771,0.4872151693751656,1.0,0.0,0.0,0.0,0.0,10.0,6.097269029944025
9.0,0.0,0.0,1.0,0.5235005428885237,0.5428027798602685,1.0,0.0,0.0,0.0,0.0,13.0,9.571020482254708
3.0,0.0,0.0,2.0,0.7205369766064055,0.6195227080982999,1.0,0.0,0.0,0.0,0.0,11.0,1.6881703657796643
28.0,0.0,1.0,0.0,0.7950860948429574,0.5131651113254722,0.0,1.0,0.0,0.0,0.0,14.0,5.1382153523329395
18.0,0.0,0.0,1.0,0.899431865492628,0.8373925106073548,1.0,0.0,0.0,0.0,0.0,17.0,11.010443264889284
12.0,1.0,0.0,0.0,0.6766350363508269,0.7249649685816428,1.0,0.0,0.0,0.0,0.0,8.0,10.75243928499319
32.0,0.0,0.0,1.0,0.4413777854042492,0.48662607955093745,0.0,0.0,0.0,0.0,0.0,10.0,3.3948589797379327
10.0,0.0,1.0,1.0,0.5873210077825766,0.9011537346049282,0.0,1.0,0.0,0.0,0.0,13.0,11.287119170099048
23.0,0.0,1.0,1.0,0.6825794309916615,0.4491442557027774,1.0,1.0,0.0,0.0,0.0,17.0,8.047061599825618
16.0,1.0,0.0,0.0,1.0559697008901254,0.3880314686525446,0.0,0.0,0.0,0.0,0.0,13.0,4.7704031682847585
24.0,0.0,1.0,0.0,0.9078439910407385,0.5678571248681115,1.0,1.0,0.0,0.0,0.0,10.0,5.526961838558971
26.0,0.0,1.0,0.0,1.0134061307735922,0.8379822693565295,0.0,1.0,0.0,0.0,0.0,14.0,11.553556195635245
9.0,0.0,1.0,1.0,0.5200278419218394,0.550384682435754,1.0,1.0,0.0,0.0,0.0,8.0,8.180085804602523
34.0,0.0,0.0,2.0,0.9811229310209209,0.5080173700248566,0.0,0.0,0.0,0.0,0.0,12.0,1.1331895285104052
22.0,0.0,0.0,2.0,1.0006296968776758,0.8578203358507178,1.0,0.0,0.0,0.0,0.0,14.0,1.8730849342397746
24.0,0.0,0.0,2.0,0.5630782571155817,0.5034661325838362,0.0,0.0,0.0,0.0,0.0,8.0,1.2980009978277183
31.0,0.0,0.0,2.0,0.9052503151208808,0.9485561863783556,1.0,0.0,0.0,0.0,0.0,11.0,7.877838741075867
6.0,1.0,0.0,0.0,1.0897063326402303,0.5991693815126772,1.0,0.0,0.0,0.0,0.0,14.0,10.721394908223422
33.0,0.0,0.0,0.0,0.8097635890872246,0.3925717250595433,0.0,0.0,0.0,0.0,0.0,12.0,6.156159665795212
13.0,0.0,0.0,0.0,0.7008117579879248,0.48519494529463536,0.0,0.0,0.0,0.0,0.0,16.0,9.00691654909067
31.0,0.0,0.0,2.0,0.41539687505627915,0.6995995123482918,0.0,0.0,0.0,0.0,0.0,16.0,4.66446198259706
34.0,0.0,0.0,2.0,0.976695352916117,0.575772474801206,1.0,0.0,0.0,0.0,0.0,8.0,4.094772210855638
27.0,0.0,0.0,2.0,1.0003528108576958,0.93032732189992,1.0,0.0,0.0,0.0,0.0,9.0,2.502301046304552
33.0,0.0,1.0,1.0,1.051443449936587,0.391196490942071,1.0,1.0,0.0,0.0,0.0,16.0,1.3389707571352385
14.0,0.0,1.0,1.0,0.8549492040075228,0.376778694272049,0.0,1.0,0.0,0.0,0.0,15.0,0.2787155059199679
30.0,1.0,0.0,0.0,0.825456099749132,0.7411583263257182,0.0,0.0,0.0,0.0,0.0,12.0,6.299946260480074
30.0,1.0,0.0,0.0,0.8853500079650541,0.8364598707439097,1.0,0.0,0.0,0.0,0.0,12.0,4.189860534819576
25.0,0.0,0.0,1.0,0.9563393175895497,0.5403457854622837,1.0,0.0,0.0,0.0,0.0,17.0,10.937697212257362
11.0,0.0,1.0,1.0,0.8372540393155031,0.3611737601852603,1.0,1.0,0.0,0.0,0.0,9.0,10.081234185604952
12.0,0.0,0.0,2.0,0.4969433457727632,0.5366574161355979,0.0,0.0,0.0,0.0,0.0,8.0,10.176626933995772
33.0,0.0,0.0,0.0,1.087221657755319,0.628988512529855,1.0,0.0,0.0,0.0,0.0,9.0,3.755608120865342
4.0,0.0,1.0,2.0,0.857416328832824,0.9037716845096968,0.0,1.0,0.0,0.0,0.0,10.0,2.1628067550125976
13.0,0.0,0.0,2.0,0.5568387812662097,0.8040107407099744,1.0,0.0,0.0,0.0,0.0,9.0,9.081603229573128
12.0,0.0,0.0,0.0,0.7928250856149022,0.6743430556970977,0.0,0.0,0.0,0.0,0.0,16.0,9.118066932851729
3.0,0.0,0.0,0.0,0.6884517929954467,0.3517400570572278,1.0,0.0,0.0,0.0,0.0,9.0,2.426168153755792
10.0,1.0,0.0,2.0,0.7488135550272519,0.8739610603188152,0.0,0.0,0.0,0.0,0.0,13.0,0.8155597098863141
16.0,0.0,0.0,0.0,0.4641641271297084,0.6763947831044513,0.0,0.0,0.0,0.0,0.0,13.0,3.8706616014803235
11.0,0.0,1.0,2.0,0.6436822697343408,0.7617665752499555,0.0,1.0,0.0,0.0,0.0,8.0,6.811899689594268
19.0,0.0,0.0,2.0,0.8426148735126401,0.428988837307377,1.0,0.0,0.0,0.0,0.0,10.0,0.9577030293697303
31.0,0.0,1.0,1.0,0.9458510741795102,0.8139335137276729,0.0,1.0,0.0,0.0,0.0,8.0,1.2002758983720547
21.0,0.0,0.0,1.0,1.0028814639531094,0.41635022463692317,0.0,0.0,0.0,0.0,0.0,13.0,1.9088042959833957
27.0,0.0,0.0,1.0,0.8622055908937992,0.41377741589712846,0.0,0.0,0.0,0.0,0.0,15.0,5.157309599302872
29.0,0.0,0.0,2.0,0.6560219356669719,0.5357967486743324,0.0,0.0,0.0,0.0,0.0,8.0,2.4264111591703124
25.0,0.0,0.0,0.0,0.5107621708017355,0.65103107439544,1.0,0.0,0.0,0.0,0.0,9.0,7.452050789446999
5.0,1.0,0.0,2.0,0.7549005132198626,0.8628731255612505,0.0,0.0,0.0,0.0,0.0,9.0,11.256713177985583
32.0,0.0,0.0,0.0,0.6666967102122262,0.856134018177451,0.0,0.0,0.0,0.0,0.0,17.0,5.444518526829575
6.0,0.0,0.0,0.0,0.47143235218618984,0.36500163533560687,1.0,0.0,0.0,0.0,0.0,11.0,10.356967581445547
7.0,0.0,1.0,2.0,0.6581424243862538,0.793144095936044,0.0,1.0,0.0,0.0,0.0,10.0,9.525318028274663
18.0,1.0,0.0,1.0,0.9195564519982004,0.46155828975148394,1.0,0.0,0.0,0.0,0.0,17.0,5.27314397980959
6.0,0.0,0.0,2.0,0.4719122846513012,0.6079262631229934,0.0,0.0,0.0,0.0,0.0,11.0,0.5827906784863054
25.0,0.0,0.0,0.0,0.868010596433187,0.45759648709270107,1.0,0.0,0.0,0.0,0.0,15.0,4.623232478809499
9.0,0.0,0.0,2.0,0.5697947666228703,0.7241823889735404,1.0,0.0,0.0,0.0,0.0,12.0,10.687705711471395
15.0,0.0,0.0,2.0,1.0401042422063531,0.48615497852242534,0.0,0.0,0.0,0.0,0.0,17.0,3.22714213222555
28.0,0.0,0.0,1.0,0.6048649770529291,0.5751540733272279,0.0,0.0,0.0,0.0,0.0,10.0,0.881945146693464
33.0,1.0,0.0,0.0,0.8043399936826247,0.400907413913372,1.0,0.0,0.0,0.0,0.0,13.0,2.810152521026564
14.0,0.0,0.0,0.0,0.5975009236882729,0.43899701231410626,1.0,0.0,0.0,0.0,0.0,9.0,11.892463742887863
7.0,0.0,0.0,0.0,1.0694420866624896,0.507633775715883,0.0,0.0,0.0,0.0,0.0,8.0,0.2424771825653538
25.0,0.0,0.0,2.0,0.9120473147701491,0.5440031807882658,1.0,0.0,0.0,0.0,0.0,15.0,3.5047398541867993
34.0,0.0,0.0,2.0,0.5789475200361136,0.6945013039900936,1.0,0.0,0.0,0.0,0.0,15.0,4.884504890783246
30.0,0.0,1.0,2.0,1.0079570814884946,0.5629168503841246,1.0,1.0,0.0,0.0,0.0,11.0,2.7777650835274734
21.0,1.0,0.0,0.0,0.7337787005642711,0.6099566740611395,1.0,0.0,0.0,0.0,0.0,13.0,7.107061503803533
25.0,0.0,1.0,0.0,0.7932591424773312,0.8533187020450536,0.0,1.0,0.0,0.0,0.0,11.0,6.4755918682427875
29.0,0.0,0.0,0.0,0.5622946108640934,0.7482700222320383,0.0,0.0,0.0,0.0,0.0,12.0,6.891470415557921
25.0,0.0,0.0,0.0,0.8858478036017114,0.7755169854866958,0.0,0.0,0.0,0.0,0.0,11.0,6.221713311738185
16.0,1.0,0.0,2.0,0.873141168996042,0.8904292895628756,0.0,0.0,0.0,0.0,0.0,13.0,10.780208859945155
11.0,0.0,0.0,1.0,0.5730266653819449,0.8615278040186343,1.0,0.0,0.0,0.0,0.0,11.0,5.317283511915419
33.0,0.0,0.0,0.0,0.408606465749869,0.5291998649873036,0.0,0.0,0.0,0.0,0.0,16.0,0.24341153579323205
23.0,1.0,0.0,2.0,0.46155374624966755,0.822486842701738,1.0,0.0,0.0,0.0,0.0,12.0,5.324236545352252
5.0,0.0,0.0,0.0,0.7140299713645228,0.9395791276528473,0.0,0.0,0.0,0.0,0.0,8.0,9.14725353784289
20.0,0.0,0.0,2.0,0.4788058058371936,0.7156749058576741,1.0,0.0,0.0,0.0,0.0,17.0,8.071220192313419
22.0,0.0,0.0,2.0,1.09276194854466,0.6446741544046312,1.0,0.0,0.0,0.0,0.0,13.0,6.611694501012244
28.0,0.0,0.0,1.0,1.0175150418085932,0.47743220542173004,0.0,0.0,0.0,0.0,0.0,15.0,7.607545758978246
15.0,0.0,0.0,1.0,0.8283930479278657,0.8220368482798548,0.0,0.0,0.0,0.0,0.0,13.0,11.071643868526573
12.0,0.0,1.0,1.0,0.8357957531499632,0.7201841194054593,0.0,1.0,0.0,0.0,0.0,9.0,10.392730920688587
24.0,0.0,0.0,1.0,0.9995256946183495,0.8178772306799783,1.0,0.0,0.0,0.0,0.0,14.0,7.268895369164748
11.0,0.0,0.0,0.0,0.45522203162225183,0.5563061773873085,0.0,0.0,0.0,0.0,0.0,8.0,4.235348530697357
6.0,0.0,0.0,1.0,0.9336730447127507,0.8218149122534263,1.0,0.0,0.0,0.0,0.0,12.0,8.173998384450725
8.0,0.0,1.0,2.0,0.925175936425132,0.9144787758654426,0.0,1.0,0.0,0.0,0.0,11.0,10.028733154072953
30.0,0.0,0.0,2.0,0.5682226652901284,0.9151114427406506,0.0,0.0,0.0,0.0,0.0,14.0,3.2208363368134765
27.0,0.0,0.0,0.0,0.42744902745854585,0.7069459259657997,1.0,0.0,0.0,0.0,0.0,10.0,11.454210052223209
10.0,0.0,1.0,1.0,0.8365613657937914,0.6509320442967156,0.0,1.0,0.0,0.0,0.0,8.0,4.650991535728298
4.0,0.0,0.0,2.0,0.5997767971043854,0.7120225658329232,0.0,0.0,0.0,0.0,0.0,17.0,3.4739337288608167
17.0,0.0,0.0,2.0,0.75852009061037,0.8928480982739191,1.0,0.0,0.0,0.0,0.0,16.0,4.198132591721237
28.0,0.0,0.0,2.0,0.907734789593102,0.7131862900686627,0.0,0.0,0.0,0.0,0.0,12.0,3.5610344576554955
21.0,0.0,0.0,2.0,0.6952260498697251,0.5698922971782595,0.0,0.0,0.0,0.0,0.0,10.0,9.3567754993134
18.0,0.0,0.0,1.0,0.4890904992816956,0.6058287645179232,0.0,0.0,0.0,0.0,0.0,16.0,9.149643820527887
6.0,0.0,1.0,0.0,1.022521789713315,0.48665210325417263,0.0,1.0,0.0,0.0,0.0,15.0,1.8542556137847876
20.0,0.0,0.0,1.0,0.6081866779838125,0.5655735244494239,1.0,0.0,0.0,0.0,0.0,11.0,4.104840319411897
20.0,0.0,0.0,1.0,0.8619576080801448,0.6459553677419633,1.0,0.0,0.0,0.0,0.0,9.0,4.004430513404289
26.0,0.0,0.0,0.0,0.9889560252910434,0.7048936472932704,1.0,0.0,0.0,0.0,0.0,12.0,0.5472130799011061
19.0,0.0,0.0,0.0,0.6817183691821312,0.8537586058646249,1.0,0.0,0.0,0.0,0.0,8.0,7.485727065938096
16.0,0.0,0.0,1.0,0.8123374703723099,0.6068892688466367,1.0,0.0,0.0,0.0,0.0,9.0,10.730938120780612
12.0,0.0,1.0,0.0,0.865568618582857,0.5154011622148437,1.0,1.0,0.0,0.0,0.0,14.0,3.5793024611616513
20.0,1.0,0.0,0.0,0.8616431412097054,0.5024147784684346,0.0,0.0,0.0,0.0,0.0,13.0,2.359046689062054
34.0,1.0,0.0,2.0,0.9341664059078376,0.8511004670070478,0.0,0.0,0.0,0.0,0.0,8.0,3.410184402238819
17.0,1.0,0.0,0.0,0.6085218846358298,0.9174731442684337,1.0,0.0,0.0,0.0,0.0,10.0,0.24666133927257206
21.0,0.0,1.0,0.0,1.054189739916476,0.5924624989106322,1.0,1.0,0.0,0.0,0.0,10.0,7.518321602665708
28.0,0.0,0.0,0.0,0.997125559339863,0.38000814130429983,1.0,0.0,0.0,0.0,0.0,14.0,9.356262549983613
25.0,0.0,0.0,1.0,0.4760658839136566,0.5501047700328024,0.0,0.0,0.0,0.0,0.0,17.0,5.524192203574857
8.0,1.0,0.0,0.0,0.7701049646811587,0.7995713386524309,0.0,0.0,0.0,0.0,0.0,8.0,2.846602525255799
29.0,0.0,0.0,0.0,0.813950116086402,0.7772261583727501,0.0,0.0,0.0,0.0,0.0,13.0,3.86598170378207
5.0,0.0,0.0,1.0,0.48989931167793355,0.8060065189379798,0.0,0.0,0.0,0.0,0.0,16.0,10.769484435248017
7.0,0.0,0.0,2.0,1.003434607167004,0.4605711284921749,0.0,0.0,0.0,0.0,0.0,17.0,5.352165065321698
29.0,0.0,1.0,0.0,1.0193935119967932,0.9354403530379736,0.0,1.0,0.0,0.0,0.0,10.0,10.360274261117759
12.0,1.0,0.0,0.0,0.4980669739485577,0.8992372277907268,0.0,0.0,0.0,0.0,0.0,9.0,1.848272754389564
30.0,1.0,0.0,1.0,0.8554033191372581,0.9223367657003319,1.0,0.0,0.0,0.0,0.0,9.0,11.310102266953836
2.0,0.0,0.0,0.0,0.5819747362104541,0.6385223454416583,1.0,0.0,0.0,0.0,0.0,16.0,8.286605176748555
18.0,0.0,0.0,2.0,0.6064263831519168,0.42108953449601894,1.0,0.0,0.0,0.0,0.0,11.0,0.46112293861227793
20.0,0.0,0.0,0.0,0.4246771927998448,0.8760223957485812,1.0,0.0,0.0,0.0,0.0,17.0,10.668720303139384
5.0,0.0,0.0,1.0,0.673751712215662,0.3755259294912982,1.0,0.0,0.0,0.0,0.0,11.0,6.119939473881748
17.0,1.0,0.0,0.0,0.5967877623320649,0.6036403086539726,0.0,0.0,0.0,0.0,0.0,12.0,1.8523489205965022
3.0,1.0,0.0,1.0,0.9984792490512009,0.7238934954334971,0.0,0.0,0.0,0.0,0.0,11.0,7.876990802314712
25.0,0.0,1.0,0.0,0.5210242298883492,0.6101954514214196,0.0,1.0,0.0,0.0,0.0,12.0,8.629282430214268
10.0,0.0,0.0,1.0,0.5094307057438228,0.677944638044155,1.0,0.0,0.0,0.0,0.0,10.0,7.6815744113342
24.0,0.0,0.0,1.0,0.4520311551073071,0.6992271900483715,1.0,0.0,0.0,0.0,0.0,11.0,0.7601360093083769
27.0,0.0,1.0,2.0,0.6994874380794655,0.7576408294746055,1.0,1.0,0.0,0.0,0.0,15.0,10.488277816581268
22.0,1.0,0.0,1.0,0.802704507404935,0.7951524932057923,1.0,0.0,0.0,0.0,0.0,11.0,5.09386951283984
9.0,0.0,0.0,0.0,0.6068385773474582,0.5394388016016697,0.0,0.0,0.0,0.0,0.0,14.0,11.316298725644879
29.0,1.0,0.0,2.0,0.6441980410630485,0.8210255289629208,1.0,0.0,0.0,0.0,0.0,8.0,9.838753607305579
14.0,0.0,1.0,1.0,0.4253480976501938,0.5794417358135038,1.0,1.0,0.0,0.0,0.0,17.0,10.446969154399232
4.0,1.0,0.0,1.0,1.0271760012357745,0.8321996083981479,1.0,0.0,0.0,0.0,0.0,11.0,4.749279713389127
3.0,0.0,1.0,1.0,1.0432834781192053,0.7855948722685069,0.0,1.0,0.0,0.0,0.0,11.0,4.9160465943704805
19.0,0.0,0.0,1.0,0.9966027730391024,0.8422643568395454,1.0,0.0,0.0,0.0,0.0,10.0,4.971311894313307
18.0,0.0,1.0,1.0,0.5727608954256083,0.9441320037662746,0.0,1.0,0.0,0.0,0.0,9.0,11.847886633487867
8.0,0.0,0.0,0.0,0.7614372165889063,0.5979782303667541,0.0,0.0,0.0,0.0,0.0,15.0,7.031388031692808
11.0,1.0,0.0,0.0,0.8898306594014818,0.8991710863171514,1.0,0.0,0.0,0.0,0.0,11.0,4.057475571646674
8.0,1.0,0.0,1.0,0.9476613402180175,0.6716166164870431,1.0,0.0,0.0,0.0,0.0,15.0,7.725934135925599
25.0,0.0,0.0,2.0,0.4341700884517232,0.6188369475854444,0.0,0.0,0.0,0.0,0.0,14.0,9.388355606092528
12.0,0.0,0.0,0.0,0.7741360362903433,0.9446777555635538,0.0,0.0,0.0,0.0,0.0,14.0,3.3466378059170228
33.0,0.0,1.0,0.0,0.8384416551391883,0.6370693512480282,1.0,1.0,0.0,0.0,0.0,11.0,3.3799936953460943
2.0,0.0,1.0,1.0,0.656698887731009,0.5902297012239842,1.0,1.0,0.0,0.0,0.0,16.0,10.165451208397641
31.0,1.0,0.0,1.0,0.611875997097022,0.8279761364809902,1.0,0.0,0.0,0.0,0.0,15.0,10.762969105965146
33.0,0.0,1.0,2.0,0.8441750231139853,0.39173937936391967,1.0,1.0,0.0,0.0,0.0,15.0,4.366449218787509
27.0,0.0,0.0,2.0,0.8457468326621913,0.9067698865092821,0.0,0.0,0.0,0.0,0.0,8.0,8.734012567093163
10.0,1.0,0.0,2.0,0.5623565369403035,0.4238334681377797,0.0,0.0,0.0,0.0,0.0,17.0,9.658491560029463
5.0,1.0,0.0,1.0,0.8372598962524865,0.4883891852050096,0.0,0.0,0.0,0.0,0.0,8.0,0.4792641509167131
17.0,0.0,0.0,0.0,1.0474455786981387,0.9415252876228379,0.0,0.0,0.0,0.0,0.0,8.0,10.863438542162655
34.0,0.0,1.0,0.0,0.806285448705686,0.8173512742756761,0.0,1.0,0.0,0.0,0.0,12.0,2.9570532321756398
24.0,0.0,0.0,0.0,0.7890868135276856,0.3587021108561585,0.0,0.0,0.0,0.0,0.0,10.0,11.566586921053464
25.0,1.0,0.0,2.0,0.838550419554855,0.8935406475161087,1.0,0.0,0.0,0.0,0.0,10.0,1.7454483210264453
28.0,0.0,0.0,1.0,0.5982253579223771,0.8122036591772025,1.0,0.0,0.0,0.0,0.0,12.0,10.509963459162122
33.0,0.0,0.0,1.0,1.012276123844155,0.8713264436062046,0.0,0.0,0.0,0.0,0.0,8.0,5.409854164126363
15.0,0.0,0.0,1.0,0.7336404625286731,0.8795813015948054,1.0,0.0,0.0,0.0,0.0,13.0,0.6552266110310141
19.0,0.0,1.0,0.0,0.9947237896054728,0.5800033862204624,0.0,1.0,0.0,0.0,0.0,14.0,7.15359451377035
14.0,0.0,1.0,2.0,0.5882780096471132,0.45031046508038897,0.0,1.0,0.0,0.0,0.0,10.0,9.681932363014713
9.0,1.0,0.0,0.0,1.0545996743808068,0.528599537355588,0.0,0.0,0.0,0.0,0.0,11.0,11.190335642183909
4.0,0.0,1.0,0.0,0.9642823811710589,0.4764402464604817,1.0,1.0,0.0,0.0,0.0,13.0,4.436668542571807
7.0,0.0,0.0,2.0,0.9340337817993664,0.3603470617507449,1.0,0.0,0.0,0.0,0.0,8.0,0.8698567770185844
20.0,1.0,0.0,0.0,0.4001181728302239,0.5719736514224362,1.0,0.0,0.0,0.0,0.0,12.0,6.5027273911444174
4.0,0.0,0.0,2.0,0.7887716191797823,0.6106663060377204,1.0,0.0,0.0,0.0,0.0,8.0,8.240216500797992
16.0,1.0,0.0,0.0,0.47892582304970094,0.4317798870218682,1.0,0.0,0.0,0.0,0.0,10.0,1.926827514764058
19.0,1.0,0.0,1.0,0.8957585966204432,0.7703582562336108,0.0,0.0,0.0,0.0,0.0,9.0,9.728703651357133
29.0,0.0,1.0,0.0,1.0541754232211995,0.8748098831779055,0.0,1.0,0.0,0.0,0.0,13.0,10.180749368994562
28.0,1.0,0.0,2.0,0.97564963332476,0.35624561802970106,0.0,0.0,0.0,0.0,0.0,16.0,9.044222614428971
21.0,0.0,0.0,2.0,0.9468325047157321,0.4756733848274522,1.0,0.0,0.0,0.0,0.0,15.0,11.511696766524883
19.0,0.0,0.0,1.0,0.7240581280066138,0.8230269637679692,0.0,0.0,0.0,0.0,0.0,11.0,7.2359189548085325
13.0,1.0,0.0,0.0,0.7617002903533422,0.7307798214097199,1.0,0.0,0.0,0.0,0.0,16.0,6.6892915776087785
8.0,0.0,0.0,2.0,0.731065887310265,0.6901682996035735,0.0,0.0,0.0,0.0,0.0,10.0,7.846728141769277
28.0,0.0,1.0,2.0,0.899898301965204,0.3508174264649622,1.0,1.0,0.0,0.0,0.0,10.0,7.600325797147256
12.0,0.0,0.0,0.0,0.7415030648903262,0.9098449925938679,0.0,0.0,0.0,0.0,0.0,17.0,7.968635049971293
28.0,0.0,0.0,2.0,0.6951441969389064,0.4342765972297088,1.0,0.0,0.0,0.0,0.0,14.0,11.414092445777774
22.0,0.0,0.0,1.0,0.7704754744490301,0.5191183351941355,1.0,0.0,0.0,0.0,0.0,8.0,8.142740548658624
14.0,0.0,0.0,0.0,0.7273077823032812,0.8951973816542899,1.0,0.0,0.0,0.0,0.0,14.0,6.581542604990637
26.0,1.0,0.0,1.0,0.47636952081755685,0.44448509562948824,0.0,0.0,0.0,0.0,0.0,16.0,9.915656781465872
8.0,0.0,0.0,0.0,0.5115806973581689,0.9435031266162773,0.0,0.0,0.0,0.0,0.0,12.0,6.07449610610799
18.0,0.0,0.0,1.0,0.44654805427022787,0.3815166441122779,1.0,0.0,0.0,0.0,0.0,17.0,6.58829469408134
10.0,0.0,0.0,0.0,0.8493254582494435,0.4250362378076352,0.0,0.0,0.0,0.0,0.0,17.0,8.558969788124537
6.0,0.0,0.0,1.0,0.7751102953263709,0.4743146945324733,0.0,0.0,0.0,0.0,0.0,16.0,4.203505594098114
20.0,0.0,0.0,1.0,0.9480876889985532,0.6925503630692121,0.0,0.0,0.0,0.0,0.0,16.0,0.7827068093142163
7.0,0.0,1.0,0.0,0.8186560941011235,0.8547185366518,1.0,1.0,0.0,0.0,0.0,17.0,4.524850186939501
19.0,1.0,0.0,0.0,0.8919343689503733,0.49415143885218704,1.0,0.0,0.0,0.0,0.0,10.0,9.2485641665653
9.0,1.0,0.0,1.0,0.7913027526163345,0.6197212002986854,0.0,0.0,0.0,0.0,0.0,10.0,9.126649787545135
8.0,1.0,0.0,1.0,1.0736018234944236,0.6730542351097455,1.0,0.0,0.0,0.0,0.0,12.0,1.0818981877772618
28.0,0.0,0.0,1.0,0.7545095567354216,0.5232215052314744,1.0,0.0,0.0,0.0,0.0,16.0,0.8446704113577835
20.0,1.0,0.0,0.0,1.063309803147692,0.8307517986829587,0.0,0.0,0.0,0.0,0.0,9.0,5.803042880754685
11.0,0.0,1.0,2.0,0.8219199477562255,0.9171836674702877,0.0,1.0,0.0,0.0,0.0,12.0,4.184019041127696
27.0,0.0,0.0,1.0,0.5021129333264325,0.37002730271933526,0.0,0.0,0.0,0.0,0.0,16.0,2.338058116181575
30.0,0.0,0.0,2.0,0.7631001657486896,0.8368436299200064,0.0,0.0,0.0,0.0,0.0,13.0,10.44339566990907
26.0,0.0,0.0,1.0,0.6322053155900753,0.8643575155221631,1.0,0.0,0.0,0.0,0.0,14.0,6.028866505538349
3.0,0.0,0.0,2.0,0.6656079940597426,0.7068497081465475,1.0,0.0,0.0,0.0,0.0,9.0,10.493946265999828
27.0,0.0,0.0,2.0,0.4560574450664268,0.944891899566283,0.0,0.0,0.0,0.0,0.0,17.0,4.219065946524101
26.0,0.0,0.0,1.0,0.8757088611186847,0.8022283467592013,0.0,0.0,0.0,0.0,0.0,13.0,4.2251695271779655
14.0,0.0,0.0,2.0,0.44818047312750964,0.45471745385740686,1.0,0.0,0.0,0.0,0.0,11.0,7.861515527763247
14.0,0.0,1.0,1.0,0.9128364636092989,0.496616987325078,0.0,1.0,0.0,0.0,0.0,10.0,4.797054275739548
29.0,1.0,0.0,1.0,1.0268229464980834,0.4309541913252506,1.0,0.0,0.0,0.0,0.0,13.0,1.2385459076779943
26.0,0.0,0.0,2.0,1.0504587927814348,0.7999795961464785,1.0,0.0,0.0,0.0,0.0,17.0,10.855891732020956
4.0,0.0,1.0,0.0,0.5304222567443235,0.9034205494542646,0.0,1.0,0.0,0.0,0.0,8.0,1.3514945318748086
24.0,0.0,0.0,1.0,0.6693755035644566,0.6577988465430225,1.0,0.0,0.0,0.0,0.0,10.0,7.916585546733931
18.0,1.0,0.0,0.0,0.7990227380476425,0.8062077719097142,0.0,0.0,0.0,0.0,0.0,10.0,11.89237691055438
13.0,0.0,0.0,0.0,0.6891309264015186,0.4374599615864937,0.0,0.0,0.0,0.0,0.0,17.0,4.559871615029272
32.0,0.0,0.0,0.0,0.47395457636453087,0.3763045747907815,1.0,0.0,0.0,0.0,0.0,13.0,4.210496199102495
32.0,0.0,0.0,0.0,0.6379710137845237,0.927868110533595,0.0,0.0,0.0,0.0,0.0,10.0,5.32707986818745
31.0,0.0,0.0,2.0,0.7387342941097744,0.6823500146925066,1.0,0.0,0.0,0.0,0.0,12.0,3.088938717469928
12.0,0.0,0.0,0.0,0.7316459755467282,0.5075248852955421,1.0,0.0,0.0,0.0,0.0,9.0,9.293591589890907
17.0,1.0,0.0,0.0,0.44556300083947287,0.8298790222425492,0.0,0.0,0.0,0.0,0.0,16.0,6.902665224564226
12.0,0.0,1.0,0.0,0.8554444969602621,0.742952631258198,0.0,1.0,0.0,0.0,0.0,10.0,3.052194033480356
11.0,0.0,0.0,1.0,0.6364784187858213,0.821959326593988,1.0,0.0,0.0,0.0,0.0,14.0,0.8646732910538226
13.0,0.0,1.0,2.0,0.9270757364651153,0.9112023295638573,1.0,1.0,0.0,0.0,0.0,14.0,4.062946666018405
28.0,0.0,0.0,1.0,1.083186539779838,0.6321817363702061,1.0,0.0,0.0,0.0,0.0,11.0,4.946857837261472
14.0,0.0,0.0,2.0,0.8677974134947865,0.6876278810263061,1.0,0.0,0.0,0.0,0.0,15.0,6.934581574215838
32.0,0.0,0.0,0.0,1.081462852593589,0.6013680575429378,1.0,0.0,0.0,0.0,0.0,16.0,2.7778929777245804
22.0,0.0,1.0,1.0,0.8495947754136265,0.9326986161521441,0.0,1.0,0.0,0.0,0.0,16.0,11.138749419507677
4.0,0.0,0.0,1.0,0.8419191572706205,0.6095806192170063,1.0,0.0,0.0,0.0,0.0,9.0,0.8319800409931254
24.0,1.0,0.0,2.0,0.8153764801989574,0.6968721459495383,1.0,0.0,0.0,0.0,0.0,15.0,7.941592192741756
10.0,0.0,0.0,2.0,1.0893314218164898,0.818822399218473,1.0,0.0,0.0,0.0,0.0,8.0,11.076920583867892
23.0,1.0,0.0,0.0,0.5409074709675799,0.7608374237112493,0.0,0.0,0.0,0.0,0.0,15.0,11.263352301073395
12.0,0.0,0.0,0.0,0.6675412312013947,0.7385684480624007,0.0,0.0,0.0,0.0,0.0,9.0,11.39119517935289
15.0,0.0,0.0,2.0,0.6873071378233965,0.7358329131907765,0.0,0.0,0.0,0.0,0.0,13.0,10.123451360884694
8.0,0.0,0.0,2.0,0.4300579166255108,0.9277497218823837,1.0,0.0,0.0,0.0,0.0,10.0,2.560006253803362
3.0,0.0,0.0,2.0,0.6866512985637832,0.4604486154043961,1.0,0.0,0.0,0.0,0.0,13.0,3.889082146991788
18.0,0.0,0.0,2.0,0.8612379731138083,0.3909827262276417,1.0,0.0,0.0,0.0,0.0,12.0,5.840491619274649
2.0,0.0,0.0,1.0,1.0749565716807397,0.7449188807346653,0.0,0.0,0.0,0.0,0.0,16.0,2.26103655598323
21.0,0.0,1.0,1.0,0.7463538376693175,0.6051683156505948,0.0,1.0,0.0,0.0,0.0,11.0,5.988792768848637
14.0,0.0,0.0,2.0,0.9123825489433864,0.3931994015273651,0.0,0.0,0.0,0.0,0.0,9.0,8.806769018281404
30.0,0.0,0.0,0.0,0.8026597390871754,0.5864517157439544,0.0,0.0,0.0,0.0,0.0,12.0,7.022819008391628
19.0,1.0,0.0,1.0,0.5729082208893054,0.48013570106493825,0.0,0.0,0.0,0.0,0.0,12.0,5.207708812851657
25.0,1.0,0.0,1.0,0.503521318158631,0.7848766102187672,1.0,0.0,0.0,0.0,0.0,15.0,7.328621629628126
28.0,1.0,0.0,0.0,0.5697577016063617,0.5645414863534118,0.0,0.0,0.0,0.0,0.0,10.0,11.849458018598964
26.0,0.0,0.0,1.0,0.8981511236700863,0.8047125504918774,0.0,0.0,0.0,0.0,0.0,15.0,7.999719775094271
15.0,0.0,0.0,0.0,0.8622182592262012,0.5585235808483192,0.0,0.0,0.0,0.0,0.0,12.0,11.374990249670256
26.0,0.0,0.0,1.0,0.613586614069329,0.4555089133770588,0.0,0.0,0.0,0.0,0.0,17.0,8.893528031335274
9.0,0.0,0.0,2.0,0.623053296884387,0.6395671539571456,1.0,0.0,0.0,0.0,0.0,10.0,0.33501959361753814
3.0,0.0,0.0,2.0,0.7959664994124702,0.6734567476413503,0.0,0.0,0.0,0.0,0.0,17.0,6.25150439999782
15.0,1.0,0.0,0.0,0.8126256523476388,0.8157062592622382,0.0,0.0,0.0,0.0,0.0,15.0,0.35374813162630214
29.0,0.0,0.0,2.0,0.8829856618892347,0.5089978487856054,0.0,0.0,0.0,0.0,0.0,16.0,2.018634074396052
11.0,0.0,0.0,2.0,0.5470944104346026,0.7605022134659941,0.0,0.0,0.0,0.0,0.0,9.0,9.370587267601927
11.0,1.0,0.0,0.0,0.6612744849565633,0.5268049728748821,1.0,0.0,0.0,0.0,0.0,16.0,4.442748457357375
26.0,0.0,1.0,0.0,0.523409641241392,0.398936164364312,0.0,1.0,0.0,0.0,0.0,14.0,7.916421430164874
5.0,0.0,0.0,2.0,0.5510671866718606,0.9019725175103818,0.0,0.0,0.0,0.0,0.0,11.0,2.8304426217128666
4.0,0.0,0.0,0.0,0.8909229310894573,0.6967086592565056,0.0,0.0,0.0,0.0,0.0,14.0,6.753021844526483
26.0,1.0,0.0,1.0,0.9030982848821268,0.5779800669765891,0.0,0.0,0.0,0.0,0.0,9.0,11.81349648031289
6.0,0.0,0.0,1.0,1.006379649404353,0.503602817214362,1.0,0.0,0.0,0.0,0.0,17.0,0.5553835272846207
15.0,0.0,0.0,2.0,0.49647535971821427,0.554943877861755,0.0,0.0,0.0,0.0,0.0,13.0,1.5310171427861785
27.0,0.0,0.0,1.0,1.0526663790435915,0.3574820800297571,1.0,0.0,0.0,0.0,0.0,14.0,1.6935787497350778
7.0,1.0,0.0,1.0,1.0248647881448587,0.6096100922022919,0.0,0.0,0.0,0.0,0.0,11.0,10.211764011627697
25.0,0.0,0.0,0.0,0.5095231221565589,0.5631980499132183,0.0,0.0,0.0,0.0,0.0,14.0,2.5379621820501033
11.0,0.0,1.0,2.0,0.9813338298559685,0.5373114832522516,0.0,1.0,0.0,0.0,0.0,17.0,11.828343752168136
14.0,0.0,1.0,1.0,0.8287489496143986,0.6402408425462657,1.0,1.0,0.0,0.0,0.0,8.0,6.556800024632375
14.0,0.0,0.0,2.0,0.8919028149075695,0.44188128738858357,0.0,0.0,0.0,0.0,0.0,12.0,5.337818306289249
20.0,0.0,0.0,0.0,0.41227518445688943,0.6341567618770845,1.0,0.0,0.0,0.0,0.0,12.0,3.3697976959805866
31.0,0.0,0.0,2.0,0.42507662316432343,0.3507503258710699,0.0,0.0,0.0,0.0,0.0,14.0,8.642280870364408
11.0,0.0,0.0,2.0,0.695858668547297,0.6803592733753998,0.0,0.0,0.0,0.0,0.0,16.0,11.489067110672174
32.0,1.0,0.0,0.0,0.57472277827904,0.6221408448017188,1.0,0.0,0.0,0.0,0.0,11.0,6.418738032491177
10.0,0.0,1.0,2.0,0.5652948211146841,0.5334947105456115,1.0,1.0,0.0,0.0,0.0,10.0,1.0821716926630354
23.0,0.0,0.0,0.0,0.7298995618721927,0.46781729139476197,0.0,0.0,0.0,0.0,0.0,12.0,7.932659255510363
18.0,0.0,1.0,0.0,1.0460781557124885,0.6554572151601098,1.0,1.0,0.0,0.0,0.0,9.0,7.539615256216612
11.0,0.0,0.0,0.0,0.8308717816163994,0.7549594943956371,0.0,0.0,0.0,0.0,0.0,10.0,9.129052320989281
25.0,0.0,0.0,0.0,1.0591879608496368,0.6835759029972763,1.0,0.0,0.0,0.0,0.0,8.0,9.590960223896825
23.0,0.0,1.0,2.0,0.460138450956399,0.8803832966695742,1.0,1.0,0.0,0.0,0.0,13.0,11.276855930295408
5.0,0.0,1.0,0.0,1.0572002756178727,0.5604307776762798,1.0,1.0,0.0,0.0,0.0,8.0,2.4252038151250455
17.0,0.0,0.0,2.0,0.5800116911124389,0.45688935370188616,0.0,0.0,0.0,0.0,0.0,17.0,4.609142606621946
14.0,0.0,1.0,1.0,0.8548073435030422,0.6937349200213727,1.0,1.0,0.0,0.0,0.0,9.0,5.749170516186251
2.0,0.0,0.0,0.0,1.0278953375535282,0.3745377162873346,1.0,0.0,0.0,0.0,0.0,10.0,6.042922166149384
30.0,0.0,0.0,0.0,1.0892035279263503,0.590503995901904,1.0,0.0,0.0,0.0,0.0,12.0,11.249533958556501
30.0,0.0,0.0,1.0,0.9975506190778286,0.6135411069808498,0.0,0.0,0.0,0.0,0.0,15.0,3.300264524857441
7.0,0.0,1.0,1.0,0.8667042856591904,0.8680794569336778,0.0,1.0,0.0,0.0,0.0,14.0,4.743106886383906
7.0,1.0,0.0,1.0,0.5718630668083868,0.6415237233634694,0.0,0.0,0.0,0.0,0.0,10.0,8.149543721632984
22.0,0.0,0.0,1.0,0.6829629166028439,0.748071502770038,0.0,0.0,0.0,0.0,0.0,11.0,8.87492656409816
24.0,0.0,0.0,0.0,0.887373181036166,0.5837221066567612,1.0,0.0,0.0,0.0,0.0,13.0,4.784132893794362
30.0,0.0,0.0,2.0,0.8109482517333896,0.46308505911627834,1.0,0.0,0.0,0.0,0.0,9.0,8.145897935904426
32.0,0.0,1.0,0.0,0.7139723427837308,0.4883163610694529,1.0,1.0,0.0,0.0,0.0,11.0,9.111618921326587
19.0,0.0,1.0,2.0,0.6671485607309887,0.4766684595370377,0.0,1.0,0.0,0.0,0.0,12.0,9.996207475554419
3.0,0.0,0.0,1.0,0.4274253554519707,0.609357526869687,1.0,0.0,0.0,0.0,0.0,9.0,4.318766005709319
4.0,0.0,1.0,2.0,1.0319780268718102,0.38470083573476954,0.0,1.0,0.0,0.0,0.0,9.0,11.42931227818165
5.0,1.0,0.0,2.0,0.47715911290272983,0.7374432764228196,0.0,0.0,0.0,0.0,0.0,8.0,3.1109089680825512
15.0,0.0,0.0,1.0,0.5300628853012883,0.5955891118407959,0.0,0.0,0.0,0.0,0.0,16.0,7.368265115753842
22.0,0.0,1.0,0.0,0.40864280009217563,0.8473526942415938,0.0,1.0,0.0,0.0,0.0,8.0,10.316334636720091
21.0,0.0,0.0,0.0,0.4968438735359541,0.4887368450001216,0.0,0.0,0.0,0.0,0.0,12.0,3.3888855807468308
23.0,0.0,1.0,1.0,0.6604555617915147,0.7314345675255273,1.0,1.0,0.0,0.0,0.0,17.0,9.496996370827667
24.0,0.0,0.0,0.0,1.088324382548347,0.835907967422512,0.0,0.0,0.0,0.0,0.0,17.0,10.216980796395534
30.0,0.0,0.0,1.0,1.029259852865035,0.5960458843810611,0.0,0.0,0.0,0.0,0.0,15.0,1.4951871611098455
2.0,0.0,0.0,0.0,0.7206177178948989,0.3514693721848702,1.0,0.0,0.0,0.0,0.0,16.0,8.949359778774467
20.0,1.0,0.0,1.0,0.5800933707007865,0.919998480107032,0.0,0.0,0.0,0.0,0.0,16.0,6.553807963406078
21.0,0.0,1.0,0.0,0.7676480781474989,0.9481109957588667,0.0,1.0,0.0,0.0,0.0,16.0,7.81465755878263
29.0,1.0,0.0,2.0,0.530623666987205,0.47049743917042824,1.0,0.0,0.0,0.0,0.0,8.0,6.3957015241150765
23.0,1.0,0.0,1.0,0.712443887046354,0.5072363251788389,1.0,0.0,0.0,0.0,0.0,13.0,3.882001402036655
6.0,0.0,0.0,0.0,0.9975737022544833,0.5283366023861354,0.0,0.0,0.0,0.0,0.0,15.0,10.497997333453947
12.0,0.0,0.0,2.0,0.8200633708227483,0.49971107734816955,1.0,0.0,0.0,0.0,0.0,13.0,6.7214931600701595
2.0,0.0,0.0,1.0,0.9443921384958788,0.945657900654676,1.0,0.0,0.0,0.0,0.0,17.0,2.7717709786509652
16.0,0.0,0.0,0.0,0.7629228959626708,0.40109557806280394,1.0,0.0,0.0,0.0,0.0,13.0,8.119912739530431
17.0,0.0,0.0,1.0,0.8321536962442289,0.7117806503032941,1.0,0.0,0.0,0.0,0.0,17.0,4.571127998212909
5.0,0.0,0.0,1.0,0.5577334169365007,0.738673731935383,0.0,0.0,0.0,0.0,0.0,12.0,8.437051546098056
27.0,0.0,0.0,2.0,0.5899834940464789,0.5110280670005857,1.0,0.0,0.0,0.0,0.0,11.0,2.7835161931426637
20.0,0.0,0.0,1.0,0.4959855446870588,0.511164563011926,0.0,0.0,0.0,0.0,0.0,8.0,6.7556652536784085
16.0,0.0,0.0,2.0,0.637421987621667,0.7014655924347319,1.0,0.0,0.0,0.0,0.0,8.0,7.356369621615712
4.0,0.0,0.0,2.0,1.0192785953919676,0.41587685586955103,0.0,0.0,0.0,0.0,0.0,8.0,7.064018777115376
11.0,1.0,0.0,2.0,1.0304974564209375,0.9432061431350012,1.0,0.0,0.0,0.0,0.0,17.0,3.6815793100456053
25.0,0.0,0.0,1.0,0.8878944189228423,0.9165013370278563,1.0,0.0,0.0,0.0,0.0,9.0,4.264649548614161
12.0,0.0,0.0,1.0,0.622948775680379,0.6276958779994827,1.0,0.0,0.0,0.0,0.0,15.0,9.011857026288226
32.0,1.0,0.0,2.0,0.4259674629679563,0.7375267071788384,0.0,0.0,0.0,0.0,0.0,16.0,2.661672739744266
26.0,1.0,0.0,2.0,0.7187975897394083,0.3512229798390825,0.0,0.0,0.0,0.0,0.0,11.0,3.310517047895238
31.0,0.0,0.0,0.0,1.083617766709486,0.738177018064554,1.0,0.0,0.0,0.0,0.0,15.0,9.319694826424053
11.0,1.0,0.0,0.0,1.0381590689247373,0.9388448936139616,0.0,0.0,0.0,0.0,0.0,13.0,0.6430640605424117
8.0,0.0,0.0,0.0,1.0252463242877292,0.49391603450416227,1.0,0.0,0.0,0.0,0.0,11.0,10.210069552551483
32.0,0.0,0.0,2.0,0.5496260096055754,0.7361851980554133,1.0,0.0,0.0,0.0,0.0,14.0,4.746554549758073
9.0,0.0,0.0,0.0,0.49719277039273924,0.5193396378458502,1.0,0.0,0.0,0.0,0.0,12.0,1.837040006242231
15.0,0.0,1.0,1.0,0.49919928923198875,0.5625220417481448,1.0,1.0,0.0,0.0,0.0,12.0,3.780230954502127
30.0,0.0,0.0,1.0,0.8176076679744972,0.6084954586045683,1.0,0.0,0.0,0.0,0.0,16.0,6.478174918145846
31.0,1.0,0.0,2.0,0.6715955111665535,0.5895713371204616,0.0,0.0,0.0,0.0,0.0,9.0,2.529775328209606
27.0,0.0,1.0,1.0,0.5360486243753774,0.8949721112125512,1.0,1.0,0.0,0.0,0.0,10.0,1.7857092611259346
8.0,0.0,1.0,0.0,0.843849819086051,0.7858684814233869,0.0,1.0,0.0,0.0,0.0,8.0,1.5042485561523236
15.0,0.0,0.0,0.0,1.0131986543385723,0.5853883986966594,1.0,0.0,0.0,0.0,0.0,15.0,5.327423872586583
17.0,0.0,0.0,0.0,0.9362771674818287,0.8677031857865813,1.0,0.0,0.0,0.0,0.0,15.0,10.463891591353107
20.0,0.0,0.0,1.0,0.40869640059960577,0.8498256989956173,1.0,0.0,0.0,0.0,0.0,16.0,4.9689715730506725
11.0,0.0,0.0,1.0,1.0813013438610863,0.6588713600930699,1.0,0.0,0.0,0.0,0.0,13.0,4.280816292682132
3.0,0.0,1.0,1.0,0.819258691409388,0.9455966313749468,1.0,1.0,0.0,0.0,0.0,12.0,1.0990257133236987
7.0,0.0,1.0,2.0,0.7796528441639963,0.3593248924792028,0.0,1.0,0.0,0.0,0.0,10.0,5.16398768272815
23.0,0.0,0.0,1.0,0.6191728820096907,0.8764486894130883,0.0,0.0,0.0,0.0,0.0,14.0,2.247692931912222
4.0,0.0,0.0,0.0,0.42175970975125504,0.4856801973913174,0.0,0.0,0.0,0.0,0.0,9.0,9.11044383622947
17.0,1.0,0.0,2.0,0.9818993237631959,0.765050461074354,1.0,0.0,0.0,0.0,0.0,11.0,5.543112367878889
12.0,0.0,1.0,1.0,0.47136422107071974,0.8998223261417033,0.0,1.0,0.0,0.0,0.0,10.0,6.23284413827763
24.0,0.0,0.0,0.0,0.9192183791986076,0.38649318133154215,1.0,0.0,0.0,0.0,0.0,12.0,8.917730610433129
10.0,0.0,0.0,0.0,0.8939803884109939,0.7924966938778699,1.0,0.0,0.0,0.0,0.0,17.0,8.526293522534015
33.0,0.0,0.0,2.0,0.942547341763343,0.7774887668120857,0.0,0.0,0.0,0.0,0.0,12.0,0.5871979307348805
29.0,0.0,0.0,0.0,1.004074942155478,0.5284226714544232,0.0,0.0,0.0,0.0,0.0,14.0,7.341358436894062
16.0,0.0,0.0,2.0,0.6943274254746014,0.9256932956530395,1.0,0.0,0.0,0.0,0.0,15.0,0.7278330508931445
26.0,0.0,0.0,1.0,0.7576861993481685,0.42509456439238036,1.0,0.0,0.0,0.0,0.0,12.0,2.5001722900504917
30.0,0.0,0.0,1.0,0.46268288294415655,0.5509910181888504,0.0,0.0,0.0,0.0,0.0,8.0,7.9735233143481965
9.0,0.0,0.0,1.0,1.0824985488436498,0.872966258533884,0.0,0.0,0.0,0.0,0.0,12.0,11.289045815319778
33.0,1.0,0.0,1.0,0.9426441899735014,0.46181524306695354,0.0,0.0,0.0,0.0,0.0,11.0,3.7335585696825224
18.0,0.0,0.0,2.0,0.5403120430712617,0.6140053500802236,0.0,0.0,0.0,0.0,0.0,13.0,7.813410457366216
9.0,0.0,0.0,2.0,0.8361925584535043,0.8562178719099507,1.0,0.0,0.0,0.0,0.0,13.0,4.528541298527683
33.0,0.0,0.0,2.0,0.898691898234753,0.619396334521274,1.0,0.0,0.0,0.0,0.0,13.0,7.059921746688573
11.0,1.0,0.0,2.0,0.9950891211612126,0.727858840178505,0.0,0.0,0.0,0.0,0.0,16.0,10.086705476823608
16.0,0.0,0.0,2.0,0.46622436503769094,0.9330382345806518,0.0,0.0,0.0,0.0,0.0,10.0,5.7085611271512295
18.0,0.0,0.0,0.0,0.6748269815998474,0.5002887887446855,1.0,0.0,0.0,0.0,0.0,9.0,1.6259627672579422
27.0,0.0,0.0,2.0,0.49457867124018834,0.7758958760044636,0.0,0.0,0.0,0.0,0.0,16.0,5.709829487334784
30.0,0.0,0.0,1.0,0.9447672841281964,0.8262812159388642,0.0,0.0,0.0,0.0,0.0,9.0,0.9947308477027231
18.0,1.0,0.0,0.0,0.9122255193155993,0.4177403946360434,0.0,0.0,0.0,0.0,0.0,14.0,4.238244703405577
18.0,0.0,0.0,1.0,0.6801682337974984,0.7376000398710263,1.0,0.0,0.0,0.0,0.0,11.0,0.9066383995909212
24.0,0.0,0.0,0.0,0.5577424076153445,0.6561116105825217,0.0,0.0,0.0,0.0,0.0,10.0,2.1804404091063776
17.0,0.0,1.0,1.0,1.045704474660538,0.8559793566655329,1.0,1.0,0.0,0.0,0.0,14.0,6.928579530688899
11.0,0.0,0.0,2.0,0.5442377902105122,0.6128281099799802,1.0,0.0,0.0,0.0,0.0,17.0,10.632389703808483
33.0,0.0,0.0,0.0,0.4313024424589867,0.5001187336508787,1.0,0.0,0.0,0.0,0.0,11.0,8.145978168432235
18.0,0.0,1.0,0.0,0.8951225736900322,0.9305942291971698,1.0,1.0,0.0,0.0,0.0,8.0,4.102361756141444
32.0,0.0,0.0,2.0,0.8904807188513191,0.738546867761903,0.0,0.0,0.0,0.0,0.0,13.0,4.313248706582204
26.0,1.0,0.0,2.0,1.0207959380817169,0.7982842196212782,0.0,0.0,0.0,0.0,0.0,11.0,8.819824859665134
11.0,1.0,0.0,2.0,0.8046623069883783,0.44970959640257724,0.0,0.0,0.0,0.0,0.0,17.0,6.135393741966549
25.0,0.0,0.0,0.0,0.8069653837799146,0.7823763374208146,0.0,0.0,0.0,0.0,0.0,14.0,11.956632018647685
17.0,0.0,1.0,0.0,0.6830684213846376,0.49008143705402396,1.0,1.0,0.0,0.0,0.0,9.0,9.823384815771467
4.0,0.0,0.0,2.0,0.9371278566724952,0.9498616242307677,1.0,0.0,0.0,0.0,0.0,11.0,8.342675898154788
8.0,0.0,1.0,2.0,0.9076393248311808,0.816840503788501,0.0,1.0,0.0,0.0,0.0,12.0,11.075257267751534
24.0,1.0,0.0,0.0,1.0469661778322177,0.8566468085380144,0.0,0.0,0.0,0.0,0.0,12.0,9.498224729965532
34.0,0.0,0.0,0.0,0.9758274935752369,0.924751759883352,1.0,0.0,0.0,0.0,0.0,9.0,4.955232340899569
22.0,0.0,1.0,0.0,0.4501722598961045,0.5320483925123997,0.0,1.0,0.0,0.0,0.0,16.0,2.0314064932189058
28.0,1.0,0.0,2.0,0.9547375026911107,0.4036583059196727,0.0,0.0,0.0,0.0,0.0,15.0,11.174380920151837
28.0,1.0,0.0,0.0,1.026649997010928,0.7494866878055363,1.0,0.0,0.0,0.0,0.0,12.0,4.976464954529196
28.0,0.0,0.0,2.0,0.8105886312114731,0.8376050959392088,0.0,0.0,0.0,0.0,0.0,13.0,5.136481202801356
26.0,1.0,0.0,1.0,0.9569506060088611,0.5305755877032494,0.0,0.0,0.0,0.0,0.0,17.0,4.634767239988997
6.0,1.0,0.0,2.0,0.8366901027524852,0.6049586008970453,0.0,0.0,0.0,0.0,0.0,9.0,8.662465565951226
22.0,1.0,0.0,2.0,0.6760177146831128,0.4108167777394834,0.0,0.0,0.0,0.0,0.0,12.0,7.130377991459364
17.0,0.0,0.0,1.0,0.6589858470854402,0.868401261429343,0.0,0.0,0.0,0.0,0.0,11.0,10.229661008186508
8.0,0.0,0.0,1.0,0.7827404883812796,0.6984341489765516,1.0,0.0,0.0,0.0,0.0,10.0,4.675370152488832
30.0,0.0,0.0,1.0,0.7962090004023155,0.39703368704362746,1.0,0.0,0.0,0.0,0.0,14.0,5.515301861335126
14.0,1.0,0.0,1.0,0.4492242576680264,0.3598490192705719,1.0,0.0,0.0,0.0,0.0,12.0,0.8843230522103072
22.0,1.0,0.0,0.0,0.44750597813965876,0.6923298301614165,1.0,0.0,0.0,0.0,0.0,14.0,3.7162873169443533
2.0,1.0,0.0,2.0,0.6699645258738784,0.783042353754257,0.0,0.0,0.0,0.0,0.0,16.0,6.749618158421448
22.0,0.0,0.0,0.0,0.4959222426116066,0.6919877937440475,1.0,0.0,0.0,0.0,0.0,9.0,2.364594187761648
18.0,0.0,0.0,0.0,0.4085758575977962,0.4574024193261325,0.0,0.0,0.0,0.0,0.0,17.0,11.69563028413748
19.0,0.0,0.0,2.0,0.6919905221816478,0.9410250540999093,0.0,0.0,0.0,0.0,0.0,15.0,1.095016895456192
33.0,0.0,0.0,0.0,0.45993957309928774,0.4235971308850316,0.0,0.0,0.0,0.0,0.0,16.0,7.800743605955235
19.0,0.0,1.0,0.0,1.0123109199344023,0.8564303976449977,0.0,1.0,0.0,0.0,0.0,13.0,1.4168649180623345
7.0,0.0,0.0,1.0,0.7102188280639545,0.8252914479202059,1.0,0.0,0.0,0.0,0.0,13.0,1.8808681691433036
27.0,0.0,1.0,2.0,1.0592863735977012,0.4497447908156629,1.0,1.0,0.0,0.0,0.0,8.0,2.092197838623011
12.0,0.0,1.0,2.0,0.8079672492334907,0.5600819281773329,0.0,1.0,0.0,0.0,0.0,9.0,1.2798080014677415
22.0,1.0,0.0,2.0,0.9455435016852796,0.5269443322032652,1.0,0.0,0.0,0.0,0.0,10.0,0.43222578805143125
31.0,1.0,0.0,0.0,0.464904227210587,0.5384877753591607,1.0,0.0,0.0,0.0,0.0,15.0,11.635376531036844
21.0,1.0,0.0,2.0,0.54797406051127,0.9455216255564841,0.0,0.0,0.0,0.0,0.0,9.0,10.240323620318623
12.0,0.0,0.0,1.0,1.0151503681335257,0.6690129927310206,0.0,0.0,0.0,0.0,0.0,11.0,3.3218712433406896
19.0,0.0,0.0,1.0,0.9057640239217813,0.5817302802480454,1.0,0.0,0.0,0.0,0.0,9.0,7.979234729336756
18.0,1.0,0.0,0.0,0.9704802350561024,0.5201625628769753,1.0,0.0,0.0,0.0,0.0,14.0,8.192516760794508
11.0,0.0,0.0,2.0,0.8455216312605065,0.5128907765125593,0.0,0.0,0.0,0.0,0.0,12.0,10.649865806888302
5.0,1.0,0.0,1.0,0.7231635504064603,0.5797117239649419,0.0,0.0,0.0,0.0,0.0,9.0,10.200688439069701
31.0,0.0,1.0,1.0,0.5173363006436521,0.6409279415769668,1.0,1.0,0.0,0.0,0.0,11.0,2.9999836893505036
31.0,1.0,0.0,1.0,0.9015965699261491,0.7484340156869582,1.0,0.0,0.0,0.0,0.0,12.0,10.162820395206161
4.0,0.0,1.0,0.0,0.4898500865251121,0.7940985859796221,1.0,1.0,0.0,0.0,0.0,17.0,8.743904226054953
2.0,0.0,0.0,0.0,0.6542057324234752,0.43190291440594364,1.0,0.0,0.0,0.0,0.0,16.0,2.1250278317409816
11.0,1.0,0.0,0.0,0.5253157749572466,0.8277400850761747,0.0,0.0,0.0,0.0,0.0,15.0,7.638173389756389
22.0,0.0,1.0,0.0,0.8584863912003118,0.6479670420825115,1.0,1.0,0.0,0.0,0.0,16.0,0.33225332289228593
23.0,0.0,0.0,0.0,0.8161702500958784,0.44024221454260165,0.0,0.0,0.0,0.0,0.0,17.0,10.15052561928967
33.0,0.0,1.0,2.0,0.8917105178949674,0.37427179580076797,1.0,1.0,0.0,0.0,0.0,17.0,8.566532746783642
10.0,0.0,0.0,0.0,0.9299856262264885,0.8720384259860486,1.0,0.0,0.0,0.0,0.0,9.0,7.321948801985423
17.0,0.0,0.0,1.0,0.46703168449626586,0.8901084951917134,1.0,0.0,0.0,0.0,0.0,11.0,4.762144056962824
7.0,0.0,1.0,0.0,0.8518540706794286,0.5239085411638537,0.0,1.0,0.0,0.0,0.0,10.0,7.585774407817343
10.0,0.0,0.0,1.0,0.6963665133074578,0.793336821408715,0.0,0.0,0.0,0.0,0.0,17.0,2.1773276577761136
23.0,0.0,0.0,1.0,0.5823526374388407,0.7612171858027322,0.0,0.0,0.0,0.0,0.0,17.0,7.668027875506789
31.0,0.0,0.0,0.0,0.5475062664038673,0.5469872346572179,0.0,0.0,0.0,0.0,0.0,12.0,11.713902660519944
14.0,0.0,0.0,1.0,0.786481532784606,0.664709979143695,0.0,0.0,0.0,0.0,0.0,14.0,11.288650902399775
5.0,0.0,1.0,2.0,0.6697044387231117,0.683482532732031,1.0,1.0,0.0,0.0,0.0,10.0,11.08002971908372
28.0,0.0,0.0,0.0,0.8332836329247074,0.9144716544403574,1.0,0.0,0.0,0.0,0.0,11.0,8.111043656185052
19.0,0.0,0.0,1.0,0.5873758676969375,0.4181703428916972,0.0,0.0,0.0,0.0,0.0,16.0,11.27070126810668
19.0,0.0,0.0,1.0,0.7554851826775415,0.6160862392777106,0.0,0.0,0.0,0.0,0.0,8.0,10.287377095683258
26.0,0.0,0.0,2.0,1.0469651563007059,0.8212795922874329,0.0,0.0,0.0,0.0,0.0,16.0,7.19402349567283
25.0,0.0,1.0,0.0,0.6228699006266202,0.8344977118129879,0.0,1.0,0.0,0.0,0.0,17.0,10.582176199566668
12.0,0.0,1.0,0.0,0.8301093976771904,0.7367601488884492,0.0,1.0,0.0,0.0,0.0,8.0,0.7782778871795119
22.0,0.0,1.0,2.0,0.667618653600892,0.8718659271006887,1.0,1.0,0.0,0.0,0.0,14.0,6.55073906700421
16.0,1.0,0.0,1.0,0.7515579157180032,0.664857325703605,1.0,0.0,0.0,0.0,0.0,8.0,8.419802541342655
23.0,0.0,1.0,1.0,0.5159322036262936,0.6093234434908325,1.0,1.0,0.0,0.0,0.0,12.0,11.179755589163975
31.0,1.0,0.0,2.0,0.9333343212570581,0.5596152575827087,0.0,0.0,0.0,0.0,0.0,10.0,6.975177959641275
25.0,0.0,0.0,0.0,0.7921839333829684,0.5381602911276544,0.0,0.0,0.0,0.0,0.0,15.0,6.618189835275574
6.0,0.0,1.0,2.0,0.7356969022518309,0.5709933071300123,1.0,1.0,0.0,0.0,0.0,10.0,10.862623229236373
10.0,0.0,1.0,2.0,0.5175681904558372,0.4984484711385475,1.0,1.0,0.0,0.0,0.0,8.0,4.5738179467208395
9.0,1.0,0.0,2.0,0.8502975887160948,0.8189125702341348,0.0,0.0,0.0,0.0,0.0,10.0,8.094853814432007
8.0,0.0,0.0,1.0,0.5551143237813029,0.6406909878119019,1.0,0.0,0.0,0.0,0.0,16.0,11.094686566608164
27.0,0.0,0.0,1.0,0.844505568000652,0.9006294227579776,1.0,0.0,0.0,0.0,0.0,17.0,8.408843752447671
25.0,1.0,0.0,1.0,0.7632747881754862,0.616176300810261,1.0,0.0,0.0,0.0,0.0,17.0,2.9749158292052433
2.0,0.0,0.0,2.0,0.569889134945658,0.5300524230887146,1.0,0.0,0.0,0.0,0.0,9.0,7.125053134318219
12.0,0.0,0.0,1.0,1.0608579193088996,0.8505444653219096,1.0,0.0,0.0,0.0,0.0,11.0,2.955696087777974
4.0,1.0,0.0,1.0,0.9383274639647551,0.4438339432633239,1.0,0.0,0.0,0.0,0.0,14.0,6.058894016933726
29.0,0.0,0.0,2.0,1.0244893093505971,0.6034452055771301,0.0,0.0,0.0,0.0,0.0,15.0,7.383937364530218
2.0,0.0,0.0,0.0,0.9132555915057633,0.7761534287369348,0.0,0.0,0.0,0.0,0.0,9.0,9.833616307007576
26.0,0.0,0.0,0.0,0.5197955103022076,0.4001843825622943,1.0,0.0,0.0,0.0,0.0,14.0,3.9003878003870445
8.0,1.0,0.0,2.0,0.48323820963283315,0.539633580056713,1.0,0.0,0.0,0.0,0.0,17.0,3.2628774657729447
31.0,0.0,0.0,2.0,0.4578938367119696,0.7262519231312543,0.0,0.0,0.0,0.0,0.0,10.0,6.664798313067568
19.0,1.0,0.0,1.0,0.40769957973712223,0.7973216729617776,1.0,0.0,0.0,0.0,0.0,10.0,3.716232066467902
12.0,1.0,0.0,2.0,1.0052327033983064,0.5857617678714787,1.0,0.0,0.0,0.0,0.0,12.0,8.94739914626775
31.0,0.0,0.0,0.0,1.0054785716795482,0.5944322347674276,1.0,0.0,0.0,0.0,0.0,15.0,8.519784335079263
13.0,0.0,0.0,0.0,0.7404015736682984,0.4635029576332551,1.0,0.0,0.0,0.0,0.0,8.0,7.532265653293767
8.0,0.0,0.0,1.0,0.5476544184565079,0.7665371064875923,0.0,0.0,0.0,0.0,0.0,8.0,5.151638804697022
6.0,0.0,0.0,0.0,0.7214265280846264,0.6589790627427868,1.0,0.0,0.0,0.0,0.0,14.0,4.958930466956318
17.0,0.0,0.0,1.0,0.820687934891294,0.7898804028446195,0.0,0.0,0.0,0.0,0.0,10.0,2.8636161127702224
31.0,0.0,0.0,0.0,0.43677251571827624,0.531479568664812,0.0,0.0,0.0,0.0,0.0,12.0,7.2760547010986025
33.0,0.0,0.0,0.0,1.0313050151912966,0.667236627592899,1.0,0.0,0.0,0.0,0.0,14.0,1.7480671206340042
31.0,0.0,0.0,2.0,0.9604672385137072,0.6030293782781491,1.0,0.0,0.0,0.0,0.0,17.0,3.6433660365291916
23.0,0.0,0.0,0.0,1.0086212209577503,0.5382337062728887,1.0,0.0,0.0,0.0,0.0,10.0,8.241877246279088
3.0,0.0,0.0,2.0,0.8712039616081795,0.35897076659798344,1.0,0.0,0.0,0.0,0.0,13.0,1.2582952754045467
18.0,1.0,0.0,2.0,0.578585091685769,0.4487129932382149,0.0,0.0,0.0,0.0,0.0,17.0,6.721257569648821
32.0,0.0,0.0,2.0,0.6717208182031099,0.8983248891091212,0.0,0.0,0.0,0.0,0.0,11.0,9.075850694897879
20.0,1.0,0.0,0.0,0.552391771688979,0.9078208691284575,0.0,0.0,0.0,0.0,0.0,10.0,4.065568244038273
19.0,0.0,0.0,2.0,0.9326295475638375,0.4897069023675241,0.0,0.0,0.0,0.0,0.0,17.0,0.6192443504960164
29.0,0.0,0.0,2.0,0.9763641501744338,0.8213802786815223,0.0,0.0,0.0,0.0,0.0,12.0,7.334090862346432
7.0,0.0,0.0,2.0,0.6124112685480555,0.4106858226156509,0.0,0.0,0.0,0.0,0.0,14.0,11.858918537136065
7.0,0.0,0.0,2.0,0.7764781781905934,0.54415723576603,0.0,0.0,0.0,0.0,0.0,11.0,3.315761655834138
18.0,0.0,0.0,2.0,0.7426246845618796,0.9324574607845224,1.0,0.0,0.0,0.0,0.0,8.0,0.7827111854933727
10.0,0.0,0.0,1.0,0.8094878694112837,0.8985222607991966,1.0,0.0,0.0,0.0,0.0,12.0,11.728970347552478
33.0,0.0,1.0,1.0,0.40022036285999246,0.48313955938421205,0.0,1.0,0.0,0.0,0.0,12.0,5.042665085992634
7.0,0.0,0.0,2.0,0.7961072452256723,0.7629231205223093,1.0,0.0,0.0,0.0,0.0,9.0,0.32727389373584037
3.0,0.0,0.0,2.0,0.7824115065732434,0.385055860400929,1.0,0.0,0.0,0.0,0.0,11.0,11.11895399550115
24.0,0.0,1.0,2.0,0.7676839664251327,0.5008674045461712,1.0,1.0,0.0,0.0,0.0,14.0,3.507370779170566
23.0,0.0,0.0,2.0,0.8777270298587473,0.601289940888459,0.0,0.0,0.0,0.0,0.0,8.0,2.4465576566876077
32.0,0.0,0.0,2.0,0.5155283955032606,0.5472802587064364,1.0,0.0,0.0,0.0,0.0,8.0,7.1218804516593135
3.0,0.0,1.0,2.0,0.927000649795994,0.5478815127973247,0.0,1.0,0.0,0.0,0.0,10.0,8.80043298848497
14.0,0.0,0.0,0.0,0.757098064377457,0.8346382559001979,0.0,0.0,0.0,0.0,0.0,16.0,3.4777286615227467
14.0,0.0,0.0,0.0,1.03268069098234,0.8247368629146967,0.0,0.0,0.0,0.0,0.0,14.0,7.659461530029569
31.0,0.0,0.0,1.0,0.426731878893134,0.499861225425512,0.0,0.0,0.0,0.0,0.0,14.0,0.6512055767976599
18.0,0.0,1.0,1.0,0.41632982459880685,0.8480339204284608,1.0,1.0,0.0,0.0,0.0,12.0,8.232448008974819
17.0,0.0,0.0,2.0,1.0612389168654606,0.8728742867711072,1.0,0.0,0.0,0.0,0.0,16.0,2.4041736902447326
29.0,0.0,0.0,1.0,0.8290695917364276,0.5566275175032839,1.0,0.0,0.0,0.0,0.0,9.0,0.9409692016732352
18.0,0.0,0.0,0.0,0.8571783072143246,0.6924004178014016,1.0,0.0,0.0,0.0,0.0,8.0,6.813593250430002
3.0,0.0,0.0,0.0,0.5872311206820351,0.5538642386777402,1.0,0.0,0.0,0.0,0.0,11.0,6.54755736970084
8.0,0.0,0.0,2.0,0.4201806518774079,0.7871496261035115,0.0,0.0,0.0,0.0,0.0,11.0,8.957846729973252
32.0,0.0,0.0,1.0,0.4213714293114109,0.6384146102930445,0.0,0.0,0.0,0.0,0.0,12.0,0.6390571943995889
30.0,0.0,0.0,1.0,1.0403511566440273,0.39038637099362605,0.0,0.0,0.0,0.0,0.0,10.0,8.182620753769363
33.0,0.0,0.0,2.0,0.4707439648014171,0.7812867849704684,0.0,0.0,0.0,0.0,0.0,13.0,5.355673802681065
12.0,0.0,0.0,2.0,0.6920359334534814,0.5013407031764668,0.0,0.0,0.0,0.0,0.0,12.0,8.394246563592562
4.0,0.0,0.0,0.0,0.6188010198897882,0.8566243668296868,1.0,0.0,0.0,0.0,0.0,14.0,2.4627339422763184
11.0,0.0,1.0,2.0,0.9183549007653488,0.6213636838279238,1.0,1.0,0.0,0.0,0.0,14.0,7.100441165052479
3.0,1.0,0.0,1.0,0.7152652844181393,0.5894299725788,1.0,0.0,0.0,0.0,0.0,10.0,4.3840564326245905
11.0,1.0,0.0,0.0,0.8219193524827497,0.8117536046989617,1.0,0.0,0.0,0.0,0.0,14.0,3.3768017113876927
24.0,0.0,0.0,0.0,0.4053234123323127,0.40063122642619453,0.0,0.0,0.0,0.0,0.0,13.0,3.7377990254595566
11.0,0.0,0.0,1.0,0.43002921925260557,0.6556012837574948,1.0,0.0,0.0,0.0,0.0,15.0,10.38330086457474
19.0,0.0,0.0,2.0,0.8909785916499866,0.4214922035734875,0.0,0.0,0.0,0.0,0.0,16.0,2.7803867988085544
25.0,0.0,0.0,0.0,0.8719305758562876,0.7227481676123083,1.0,0.0,0.0,0.0,0.0,17.0,7.9725663120017956
31.0,0.0,0.0,2.0,1.0470854493314206,0.380403260191989,1.0,0.0,0.0,0.0,0.0,12.0,1.8768797631542495
33.0,1.0,0.0,1.0,0.8830601705522484,0.4855544437451545,0.0,0.0,0.0,0.0,0.0,14.0,8.43033240095733
9.0,1.0,0.0,1.0,0.6746230514608,0.8307203021287455,0.0,0.0,0.0,0.0,0.0,11.0,1.0641141142995767
20.0,0.0,1.0,1.0,0.8146767416241013,0.6009723015840375,1.0,1.0,0.0,0.0,0.0,16.0,5.2829480925317664
30.0,0.0,1.0,2.0,0.7438032958533711,0.5018506159767083,1.0,1.0,0.0,0.0,0.0,12.0,7.760158090625917
10.0,0.0,0.0,0.0,0.5349139650113597,0.5222904989898015,1.0,0.0,0.0,0.0,0.0,16.0,6.740993894202067
25.0,0.0,0.0,2.0,0.43644876725465453,0.46092307006355615,0.0,0.0,0.0,0.0,0.0,10.0,4.015084441634656
10.0,0.0,0.0,1.0,0.8216532221162347,0.4107899513803299,1.0,0.0,0.0,0.0,0.0,11.0,7.795200356178057
18.0,0.0,0.0,0.0,0.798801549279576,0.6857145220262169,0.0,0.0,0.0,0.0,0.0,11.0,4.2271174401487785
10.0,0.0,0.0,1.0,0.8370747607552255,0.8825029303682895,0.0,0.0,0.0,0.0,0.0,12.0,9.809573832347711
16.0,0.0,0.0,1.0,1.0945753500048878,0.5682361384172702,0.0,0.0,0.0,0.0,0.0,15.0,6.3919331136718105
34.0,0.0,1.0,1.0,0.40564133084687154,0.7706720675960121,1.0,1.0,0.0,0.0,0.0,15.0,5.907776488810648
32.0,0.0,1.0,0.0,0.832250321508433,0.4866520712036136,1.0,1.0,0.0,0.0,0.0,11.0,5.393867626872531
20.0,1.0,0.0,1.0,0.5103029984884992,0.7104994678448778,0.0,0.0,0.0,0.0,0.0,11.0,8.626315443844124
2.0,0.0,1.0,1.0,1.0050053802707457,0.675988955407717,1.0,1.0,0.0,0.0,0.0,9.0,8.66602110794424
30.0,1.0,0.0,2.0,0.4971768592963834,0.5891334509119333,1.0,0.0,0.0,0.0,0.0,17.0,6.490085915481031
4.0,0.0,0.0,2.0,1.038150651829233,0.3915490261091192,1.0,0.0,0.0,0.0,0.0,12.0,6.121147401658996
9.0,0.0,1.0,1.0,0.5486481322317495,0.6609302994469602,0.0,1.0,0.0,0.0,0.0,10.0,2.3157590285391643
18.0,1.0,0.0,1.0,0.5802467156989262,0.8077555499037761,0.0,0.0,0.0,0.0,0.0,15.0,7.567084050072577
24.0,0.0,1.0,0.0,1.0096269706525502,0.3824900689294024,1.0,1.0,0.0,0.0,0.0,15.0,6.369021633547572
9.0,0.0,0.0,2.0,0.4596655192348544,0.4441544400042959,1.0,0.0,0.0,0.0,0.0,15.0,10.034930892100082
16.0,0.0,1.0,1.0,0.45467115729088314,0.8824756763503048,1.0,1.0,0.0,0.0,0.0,11.0,4.013681285891417
28.0,0.0,0.0,1.0,1.0139915409339304,0.405293082680215,0.0,0.0,0.0,0.0,0.0,11.0,8.35371479544455
14.0,0.0,0.0,0.0,0.6781332921623189,0.5888242671773641,1.0,0.0,0.0,0.0,0.0,10.0,11.581794248748071
27.0,0.0,0.0,2.0,0.5438707334041089,0.8977970505949401,0.0,0.0,0.0,0.0,0.0,14.0,10.51870547072087
16.0,0.0,0.0,2.0,0.8490494045096532,0.36773252692855424,1.0,0.0,0.0,0.0,0.0,17.0,11.858255450338918
9.0,1.0,0.0,1.0,0.43660269360325116,0.6491692304863079,1.0,0.0,0.0,0.0,0.0,17.0,2.2306216958091953
29.0,0.0,1.0,2.0,0.6042403099417184,0.3534605637845095,1.0,1.0,0.0,0.0,0.0,16.0,2.099619179721602
32.0,0.0,0.0,0.0,0.9320036070732713,0.7726074359908317,0.0,0.0,0.0,0.0,0.0,12.0,1.8054631957755007
13.0,0.0,1.0,2.0,0.6113734254635738,0.5642343090608234,1.0,1.0,0.0,0.0,0.0,9.0,11.22152980916966
30.0,0.0,0.0,0.0,0.5766345184204762,0.7262577266232203,0.0,0.0,0.0,0.0,0.0,12.0,0.7284629449378691
3.0,1.0,0.0,1.0,0.47779808292686465,0.749794175014273,1.0,0.0,0.0,0.0,0.0,13.0,2.8229404456604144
8.0,0.0,0.0,0.0,0.7212068776724236,0.4938716565937817,0.0,0.0,0.0,0.0,0.0,15.0,10.04616226464311
24.0,0.0,0.0,0.0,0.8247466023358389,0.683390225984304,0.0,0.0,0.0,0.0,0.0,10.0,7.214427126566461
28.0,1.0,0.0,1.0,0.9101297974444771,0.7345451191510257,0.0,0.0,0.0,0.0,0.0,8.0,7.598070295184586
6.0,1.0,0.0,0.0,0.4917835392867593,0.42424945315661455,1.0,0.0,0.0,0.0,0.0,16.0,9.920498188103227
32.0,0.0,0.0,2.0,0.8287503738487036,0.6507154675096974,0.0,0.0,0.0,0.0,0.0,12.0,5.74436655997792
3.0,1.0,0.0,0.0,0.8358378778283079,0.6033217597058936,0.0,0.0,0.0,0.0,0.0,15.0,4.707163233137052
3.0,0.0,1.0,1.0,1.0641884240210302,0.8861471265336568,0.0,1.0,0.0,0.0,0.0,8.0,1.7948466808824148
33.0,0.0,0.0,1.0,0.5739170931171572,0.6592631818141226,1.0,0.0,0.0,0.0,0.0,9.0,3.770851310706777
15.0,0.0,0.0,0.0,1.0980064708124548,0.6803075046104203,0.0,0.0,0.0,0.0,0.0,12.0,11.419404854753433
7.0,1.0,0.0,2.0,0.715370679861915,0.6304052561553936,1.0,0.0,0.0,0.0,0.0,9.0,7.507974968102605
16.0,1.0,0.0,0.0,0.7574277871085825,0.8092674824504569,0.0,0.0,0.0,0.0,0.0,8.0,5.895100264401191
17.0,0.0,0.0,2.0,0.6140031174719106,0.840339977378596,1.0,0.0,0.0,0.0,0.0,12.0,9.084300236618054
4.0,0.0,0.0,1.0,0.7566424402873503,0.48306268214114767,1.0,0.0,0.0,0.0,0.0,12.0,10.241492616232648
32.0,0.0,0.0,1.0,0.9128765290929525,0.8098903529241585,1.0,0.0,0.0,0.0,0.0,17.0,4.569667409406104
2.0,0.0,0.0,1.0,0.8036768008416637,0.697493882032431,0.0,0.0,0.0,0.0,0.0,12.0,5.087020455250379
11.0,0.0,0.0,1.0,0.9928282100611729,0.9050832768351575,0.0,0.0,0.0,0.0,0.0,14.0,7.212419327208488
26.0,0.0,1.0,1.0,0.6164642947834996,0.8072078004917312,0.0,1.0,0.0,0.0,0.0,16.0,4.44258327989151
13.0,0.0,0.0,0.0,1.0027967752059896,0.35723664705046143,1.0,0.0,0.0,0.0,0.0,13.0,1.1967293074152638
34.0,0.0,0.0,2.0,1.0703560001279444,0.651117422163449,0.0,0.0,0.0,0.0,0.0,12.0,6.988607881251815
6.0,1.0,0.0,0.0,0.40756342356009795,0.6401317539697783,1.0,0.0,0.0,0.0,0.0,11.0,10.615539611281333
2.0,0.0,1.0,2.0,0.8505866991802741,0.48047860632986594,0.0,1.0,0.0,0.0,0.0,16.0,5.201082893539875
15.0,0.0,0.0,2.0,0.49403699614649715,0.7430178593164509,0.0,0.0,0.0,0.0,0.0,10.0,8.506102101938879
13.0,0.0,0.0,1.0,0.5609480389677188,0.9306401611657174,0.0,0.0,0.0,0.0,0.0,15.0,0.5002842262255348
8.0,0.0,0.0,0.0,0.9811283776848271,0.8108619800050738,0.0,0.0,0.0,0.0,0.0,12.0,1.6823279809615317
16.0,0.0,0.0,2.0,0.6303375615839126,0.42218964865734526,0.0,0.0,0.0,0.0,0.0,8.0,4.609651938664445
27.0,0.0,0.0,2.0,0.8482856067528924,0.456195018788533,0.0,0.0,0.0,0.0,0.0,8.0,0.28215238542864374
15.0,1.0,0.0,0.0,0.5415900842428101,0.6700150287478127,1.0,0.0,0.0,0.0,0.0,12.0,6.3010055586956115
16.0,1.0,0.0,1.0,0.495707955732354,0.5007414094790261,1.0,0.0,0.0,0.0,0.0,14.0,5.7087302741445045
33.0,0.0,0.0,1.0,0.6203467342924454,0.5431434999804026,0.0,0.0,0.0,0.0,0.0,8.0,10.389318460718068
8.0,0.0,0.0,1.0,1.0385898802232174,0.9449128089228392,1.0,0.0,0.0,0.0,0.0,12.0,9.998965014932175
30.0,1.0,0.0,0.0,0.7112165049303164,0.6642879140300989,1.0,0.0,0.0,0.0,0.0,14.0,0.5004243572851559
14.0,0.0,0.0,0.0,0.5364781997823691,0.5170820223394765,0.0,0.0,0.0,0.0,0.0,12.0,5.534358606086549
19.0,0.0,0.0,0.0,0.8705159193797112,0.8211097122018364,0.0,0.0,0.0,0.0,0.0,9.0,2.0901139338399424
27.0,0.0,0.0,0.0,0.5578269384241636,0.8957322176391653,0.0,0.0,0.0,0.0,0.0,13.0,7.829909952457074
26.0,0.0,0.0,2.0,0.8386923549238343,0.4921669475077084,0.0,0.0,0.0,0.0,0.0,9.0,1.1842887971447937
19.0,0.0,0.0,0.0,1.0536405237209412,0.45706684557188015,0.0,0.0,0.0,0.0,0.0,9.0,2.9610255918690696
29.0,0.0,0.0,1.0,1.0279829721415585,0.9019977206887663,1.0,0.0,0.0,0.0,0.0,13.0,6.159901528698601
22.0,1.0,0.0,0.0,0.4064270151569275,0.6310456434946484,1.0,0.0,0.0,0.0,0.0,16.0,5.652703978189152
8.0,0.0,0.0,0.0,0.7163587731050576,0.768357780709312,0.0,0.0,0.0,0.0,0.0,14.0,8.238806053719324
17.0,0.0,0.0,0.0,1.0412767066134698,0.5955171965293935,1.0,0.0,0.0,0.0,0.0,10.0,11.449394336827128
28.0,1.0,0.0,0.0,0.4613391833895587,0.664258711119231,0.0,0.0,0.0,0.0,0.0,13.0,6.043415236610094
14.0,1.0,0.0,0.0,0.7108246851994308,0.9072358799145074,0.0,0.0,0.0,0.0,0.0,11.0,4.94360028014445
16.0,1.0,0.0,1.0,1.094236960818815,0.38410712747960196,0.0,0.0,0.0,0.0,0.0,15.0,2.1358777715526402
9.0,0.0,0.0,1.0,0.97348115793018,0.8556630070829336,1.0,0.0,0.0,0.0,0.0,17.0,4.646510436437103
30.0,0.0,0.0,1.0,0.5101244237664545,0.9220233570521204,1.0,0.0,0.0,0.0,0.0,9.0,7.981542991274107
18.0,0.0,0.0,0.0,0.5085040702079184,0.7165507099839489,1.0,0.0,0.0,0.0,0.0,10.0,7.352640640611981
31.0,0.0,1.0,0.0,0.5609841488722898,0.7665055739579083,0.0,1.0,0.0,0.0,0.0,17.0,9.392818647074039
12.0,0.0,0.0,2.0,0.7035889606352197,0.3536666799696371,0.0,0.0,0.0,0.0,0.0,12.0,9.321745007358851
34.0,0.0,0.0,1.0,0.90538352405953,0.4976658632984181,1.0,0.0,0.0,0.0,0.0,17.0,2.1833415628023727
2.0,0.0,0.0,2.0,0.8858556755023174,0.4260919166840483,1.0,0.0,0.0,0.0,0.0,16.0,1.2899792059008492
27.0,0.0,0.0,0.0,1.0246213966237152,0.7594166332647923,0.0,0.0,0.0,0.0,0.0,11.0,6.161660264895014
32.0,0.0,1.0,1.0,0.44880455709688816,0.36588922135351143,1.0,1.0,0.0,0.0,0.0,10.0,5.227393598097896
21.0,0.0,1.0,1.0,0.658800200454354,0.6628190956496374,0.0,1.0,0.0,0.0,0.0,10.0,1.4917412865345592
6.0,0.0,0.0,0.0,0.6318527201106456,0.7033751415766698,0.0,0.0,0.0,0.0,0.0,12.0,7.381108365668277
22.0,0.0,1.0,2.0,0.8505899962864653,0.44337907218085637,1.0,1.0,0.0,0.0,0.0,14.0,7.915272059262777
3.0,0.0,0.0,2.0,0.46887021219216074,0.6407815947164638,0.0,0.0,0.0,0.0,0.0,15.0,6.962953599779059
27.0,0.0,1.0,1.0,0.845578257339853,0.5361678071377375,1.0,1.0,0.0,0.0,0.0,9.0,1.1038050928453724
22.0,0.0,1.0,1.0,0.8389544214717767,0.7073280052487498,1.0,1.0,0.0,0.0,0.0,16.0,11.149775918496529
27.0,1.0,0.0,2.0,0.6308614020431181,0.4382611905717518,0.0,0.0,0.0,0.0,0.0,17.0,11.090084992697783
28.0,1.0,0.0,2.0,0.6551198340477373,0.7458397594730344,0.0,0.0,0.0,0.0,0.0,12.0,4.342069435483528
29.0,0.0,0.0,0.0,0.6975392077228578,0.57885162468642,1.0,0.0,0.0,0.0,0.0,11.0,5.73521194494201
21.0,0.0,0.0,2.0,0.5998796656574097,0.8103538578337267,0.0,0.0,0.0,0.0,0.0,13.0,1.97511466042106
26.0,0.0,0.0,1.0,0.521018814492068,0.9420247860901546,0.0,0.0,0.0,0.0,0.0,9.0,5.550118242966683
17.0,1.0,0.0,0.0,0.8123463813958829,0.6685482652227687,0.0,0.0,0.0,0.0,0.0,8.0,9.543230331136627
31.0,0.0,0.0,1.0,1.0058468761844692,0.7974712391758098,1.0,0.0,0.0,0.0,0.0,11.0,5.274090969644439
34.0,0.0,0.0,2.0,0.5015231689002141,0.46335006202070966,1.0,0.0,0.0,0.0,0.0,16.0,5.0787137316649265
30.0,0.0,0.0,1.0,0.6774321243255801,0.8146338820540868,1.0,0.0,0.0,0.0,0.0,15.0,6.734653300556102
31.0,1.0,0.0,0.0,0.9644368920879135,0.4906543630304434,1.0,0.0,0.0,0.0,0.0,17.0,8.063537523103964
19.0,0.0,0.0,2.0,0.9894753902640714,0.8609936751913562,1.0,0.0,0.0,0.0,0.0,11.0,0.8614439327917883
11.0,1.0,0.0,1.0,1.0414938495545545,0.8814854633629251,0.0,0.0,0.0,0.0,0.0,16.0,4.53838663205785
2.0,1.0,0.0,0.0,0.703852745862755,0.44919168587982294,0.0,0.0,0.0,0.0,0.0,10.0,7.708163196873489
29.0,1.0,0.0,1.0,0.49288028171632464,0.8233564146198007,0.0,0.0,0.0,0.0,0.0,8.0,2.2003801819411897
25.0,0.0,1.0,0.0,0.914209956332567,0.6168915932259474,1.0,1.0,0.0,0.0,0.0,16.0,4.7009245921150224
28.0,0.0,1.0,2.0,0.8808101759060167,0.3979776880725667,1.0,1.0,0.0,0.0,0.0,15.0,9.840493688739544
8.0,0.0,0.0,1.0,0.8421953633108387,0.8101021786059419,0.0,0.0,0.0,0.0,0.0,8.0,7.28600557714231
9.0,0.0,1.0,0.0,0.7294088019123551,0.495476965535742,1.0,1.0,0.0,0.0,0.0,12.0,3.5386982307400694
7.0,0.0,0.0,2.0,0.702823486680356,0.8172495472858229,0.0,0.0,0.0,0.0,0.0,13.0,2.831322403022095
3.0,0.0,0.0,1.0,0.9021664030025559,0.7417217793042862,1.0,0.0,0.0,0.0,0.0,12.0,9.64123739737922
29.0,0.0,0.0,0.0,0.8563556038674888,0.4474878974504063,0.0,0.0,0.0,0.0,0.0,10.0,3.079223872860627
2.0,0.0,0.0,1.0,0.7923042924388526,0.7345679438925458,1.0,0.0,0.0,0.0,0.0,12.0,10.118057162437701
13.0,1.0,0.0,1.0,0.9267485059907539,0.6298737594282688,0.0,0.0,0.0,0.0,0.0,11.0,2.3841539298663577
32.0,0.0,0.0,1.0,0.7945467143154066,0.385033996429498,0.0,0.0,0.0,0.0,0.0,8.0,2.697373026965351
10.0,0.0,0.0,0.0,0.6339055055002087,0.3819914574665975,0.0,0.0,0.0,0.0,0.0,11.0,4.2321206807666485
27.0,1.0,0.0,0.0,0.8148858798107083,0.5346046678186508,0.0,0.0,0.0,0.0,0.0,17.0,10.602808390132958
2.0,1.0,0.0,0.0,0.6191530370355044,0.8204452641755264,0.0,0.0,0.0,0.0,0.0,17.0,8.36915736246358
14.0,0.0,0.0,2.0,0.6655906608536668,0.42598714907270385,1.0,0.0,0.0,0.0,0.0,11.0,8.447874158702273
32.0,0.0,1.0,0.0,0.8739610805839997,0.6831086263376176,1.0,1.0,0.0,0.0,0.0,14.0,7.465482290972153
4.0,0.0,0.0,1.0,0.8976543310577504,0.7831808881873317,0.0,0.0,0.0,0.0,0.0,11.0,6.77207522083981
13.0,0.0,0.0,0.0,0.6206150034692922,0.828313894084605,0.0,0.0,0.0,0.0,0.0,10.0,6.20365516401431
24.0,0.0,0.0,0.0,1.0467281550177123,0.8910276700336459,1.0,0.0,0.0,0.0,0.0,8.0,5.011830688830443
16.0,0.0,0.0,1.0,0.5881254945820187,0.42860331316088474,1.0,0.0,0.0,0.0,0.0,12.0,7.910635132149593
33.0,0.0,0.0,1.0,0.9505514037118703,0.5227378205055611,0.0,0.0,0.0,0.0,0.0,10.0,4.816832266681782
24.0,1.0,0.0,0.0,0.5289138839029341,0.8739138153422245,1.0,0.0,0.0,0.0,0.0,16.0,4.470397865624818
3.0,1.0,0.0,1.0,0.4980248559616653,0.48534485387257453,0.0,0.0,0.0,0.0,0.0,14.0,8.676231714405464
32.0,1.0,0.0,0.0,0.5154073931326475,0.8439477683619895,0.0,0.0,0.0,0.0,0.0,15.0,6.232924029777564
34.0,0.0,0.0,1.0,0.6981905816712295,0.6848192816246189,1.0,0.0,0.0,0.0,0.0,11.0,5.532162464095147
9.0,0.0,0.0,2.0,0.5563394361724584,0.8339738522272416,1.0,0.0,0.0,0.0,0.0,13.0,7.508341253181919
18.0,0.0,0.0,0.0,0.5718157710209032,0.6634390551169557,0.0,0.0,0.0,0.0,0.0,13.0,9.837937912034429
9.0,0.0,0.0,0.0,0.8052427947079189,0.7592318862712719,0.0,0.0,0.0,0.0,0.0,11.0,7.614675960126521
15.0,0.0,0.0,0.0,0.9741006749768467,0.5497763616124023,0.0,0.0,0.0,0.0,0.0,15.0,5.644918838862158
27.0,0.0,1.0,1.0,0.529472265736602,0.8771507033218958,1.0,1.0,0.0,0.0,0.0,10.0,1.0930558504570531
27.0,1.0,0.0,1.0,0.7927872765428599,0.8463723902543401,0.0,0.0,0.0,0.0,0.0,11.0,2.8789943847961323
13.0,0.0,0.0,0.0,0.8258538543748017,0.7328785037613254,1.0,0.0,0.0,0.0,0.0,13.0,11.136557342845789
17.0,0.0,1.0,0.0,0.4810757399861096,0.8152378994069892,0.0,1.0,0.0,0.0,0.0,10.0,5.369796263694486
8.0,0.0,0.0,1.0,0.4816743634428342,0.4300080166910235,0.0,0.0,0.0,0.0,0.0,15.0,2.1947044279588175
28.0,0.0,1.0,1.0,0.6006690783434933,0.6275178487020492,1.0,1.0,0.0,0.0,0.0,14.0,1.7415554201375147
21.0,0.0,0.0,1.0,0.944510993305152,0.361104011953702,1.0,0.0,0.0,0.0,0.0,9.0,5.749699765173945
25.0,0.0,0.0,2.0,0.961780411972005,0.359235532333535,1.0,0.0,0.0,0.0,0.0,10.0,2.312067690648682
32.0,0.0,0.0,2.0,1.08328794137217,0.5052503843591679,0.0,0.0,0.0,0.0,0.0,13.0,1.2759314426425443
30.0,0.0,0.0,0.0,0.7608580144066507,0.9040373048997632,1.0,0.0,0.0,0.0,0.0,11.0,5.759527849732116
2.0,0.0,0.0,0.0,0.673794223130642,0.8559096506250243,0.0,0.0,0.0,0.0,0.0,9.0,1.4082282093348413
3.0,0.0,0.0,2.0,0.7339440964200159,0.6049252346373291,0.0,0.0,0.0,0.0,0.0,12.0,9.954362989827652
30.0,0.0,0.0,2.0,0.42794981296810347,0.8221052339374909,0.0,0.0,0.0,0.0,0.0,12.0,11.367995918020721
21.0,0.0,0.0,2.0,0.6459896458153013,0.8319015879842028,1.0,0.0,0.0,0.0,0.0,10.0,7.267171419256047
10.0,0.0,0.0,2.0,1.008162095188386,0.5000825079189634,1.0,0.0,0.0,0.0,0.0,15.0,1.4647864524881529
8.0,0.0,0.0,2.0,0.8472720034856055,0.674217542774471,1.0,0.0,0.0,0.0,0.0,14.0,2.932146361491669
12.0,1.0,0.0,1.0,0.49721369244932034,0.4525821120327173,1.0,0.0,0.0,0.0,0.0,14.0,3.6204995541984846
19.0,0.0,0.0,1.0,1.0946189767735817,0.7842525513496756,0.0,0.0,0.0,0.0,0.0,16.0,10.30517558001833
29.0,1.0,0.0,1.0,0.5131952770214322,0.9174960301283619,1.0,0.0,0.0,0.0,0.0,9.0,7.803337866751205
5.0,0.0,0.0,1.0,0.9349673704815121,0.9475253293710204,0.0,0.0,0.0,0.0,0.0,14.0,10.663316916111324
19.0,0.0,0.0,1.0,1.0624252897941797,0.45012541509574444,1.0,0.0,0.0,0.0,0.0,14.0,8.48402842064501
22.0,1.0,0.0,2.0,0.4878279330898373,0.9440859359495263,1.0,0.0,0.0,0.0,0.0,14.0,3.8536157788115117
12.0,1.0,0.0,1.0,0.4990318280085491,0.8541705611871403,0.0,0.0,0.0,0.0,0.0,14.0,7.2605536891855165
10.0,0.0,1.0,2.0,0.9328842417337789,0.858573990821923,1.0,1.0,0.0,0.0,0.0,17.0,2.0606912276322213
26.0,0.0,0.0,2.0,1.0447542983698224,0.5924730625210111,1.0,0.0,0.0,0.0,0.0,12.0,5.372402016186918
24.0,0.0,0.0,2.0,0.733818399930237,0.9074682579306957,0.0,0.0,0.0,0.0,0.0,15.0,5.939116612058654
26.0,0.0,0.0,2.0,1.0948539018150238,0.5504551354584937,1.0,0.0,0.0,0.0,0.0,12.0,0.24157352957316938
28.0,0.0,0.0,0.0,1.0470091667145598,0.36193003994545936,0.0,0.0,0.0,0.0,0.0,11.0,0.7813210456555213
16.0,0.0,0.0,2.0,0.9392411335395727,0.9459595727153296,0.0,0.0,0.0,0.0,0.0,17.0,6.103502493394156
25.0,0.0,0.0,2.0,0.7555823747995462,0.8465648866743122,0.0,0.0,0.0,0.0,0.0,17.0,9.094182446865
20.0,1.0,0.0,0.0,0.9644584049413676,0.42318015502569084,1.0,0.0,0.0,0.0,0.0,17.0,0.6472539585454619
26.0,0.0,0.0,1.0,0.6857088173110991,0.412262588300618,0.0,0.0,0.0,0.0,0.0,14.0,8.153956209782525
27.0,0.0,0.0,1.0,0.7156950091971491,0.43948296612292437,1.0,0.0,0.0,0.0,0.0,16.0,5.061290578698615
28.0,0.0,1.0,0.0,1.0099914746433798,0.4831475402050656,1.0,1.0,0.0,0.0,0.0,10.0,10.76631563604821
7.0,1.0,0.0,0.0,0.41081737275031627,0.7019335428098625,0.0,0.0,0.0,0.0,0.0,13.0,3.861032169336438
30.0,1.0,0.0,0.0,0.9095981935115496,0.44424094660579994,1.0,0.0,0.0,0.0,0.0,17.0,1.8392179188007647
4.0,1.0,0.0,0.0,0.5549565098290995,0.9094435357137807,0.0,0.0,0.0,0.0,0.0,12.0,1.7951809527917029
30.0,0.0,0.0,0.0,0.8677743046605244,0.555277310576812,1.0,0.0,0.0,0.0,0.0,12.0,10.709756662184107
29.0,0.0,0.0,2.0,0.9322302435100951,0.3754539070626752,1.0,0.0,0.0,0.0,0.0,12.0,5.7890293644499735
32.0,0.0,0.0,2.0,0.9227780652079057,0.9302777687023626,0.0,0.0,0.0,0.0,0.0,16.0,8.655690263784548
17.0,1.0,0.0,2.0,0.6932184105435405,0.7599734930983955,1.0,0.0,0.0,0.0,0.0,14.0,11.040104347164805
14.0,0.0,0.0,1.0,1.0033411916461112,0.8995871119751169,1.0,0.0,0.0,0.0,0.0,12.0,6.8822115720138894
3.0,0.0,0.0,0.0,0.4986262073045735,0.4704222531894346,1.0,0.0,0.0,0.0,0.0,14.0,7.568070466553366
3.0,0.0,0.0,0.0,0.9670567035029909,0.938262746070239,1.0,0.0,0.0,0.0,0.0,16.0,2.6970703178876474
18.0,0.0,0.0,2.0,0.7970481296701479,0.40837415760813833,0.0,0.0,0.0,0.0,0.0,16.0,8.860496648705352
20.0,1.0,0.0,2.0,0.9331471961909913,0.861843242318215,1.0,0.0,0.0,0.0,0.0,11.0,10.62819390188981
6.0,0.0,0.0,1.0,0.8973425014060099,0.47032092044088064,0.0,0.0,0.0,0.0,0.0,16.0,2.44849467678191
25.0,0.0,1.0,2.0,0.7618032406613597,0.7326557157121012,1.0,1.0,0.0,0.0,0.0,8.0,1.3702567182238936
24.0,0.0,0.0,0.0,0.5009876594061754,0.7470985845208495,0.0,0.0,0.0,0.0,0.0,17.0,5.2338241116952675
16.0,0.0,0.0,2.0,0.637227066983825,0.4677198239176728,1.0,0.0,0.0,0.0,0.0,15.0,5.436234958293416
3.0,0.0,0.0,0.0,0.9527410385100666,0.655447720217187,0.0,0.0,0.0,0.0,0.0,16.0,5.8058290382337905
7.0,0.0,0.0,2.0,0.45008032632917644,0.6251797954841407,1.0,0.0,0.0,0.0,0.0,12.0,5.287228295508246
11.0,1.0,0.0,2.0,0.9994628495500354,0.6798295775128206,1.0,0.0,0.0,0.0,0.0,17.0,4.645010074917571
2.0,0.0,0.0,0.0,0.9407428997214148,0.7971962500610764,0.0,0.0,0.0,0.0,0.0,8.0,6.265959510481488
29.0,0.0,0.0,0.0,0.8281474023918114,0.4679031870909708,1.0,0.0,0.0,0.0,0.0,11.0,10.788308497913098
30.0,1.0,0.0,0.0,0.8790662981467311,0.709998543572014,1.0,0.0,0.0,0.0,0.0,13.0,3.1662462911108946
10.0,0.0,0.0,1.0,0.8431219471908381,0.610645241813762,0.0,0.0,0.0,0.0,0.0,13.0,3.6463875433093444
23.0,0.0,1.0,0.0,0.806927528385145,0.7667767397778809,1.0,1.0,0.0,0.0,0.0,10.0,5.675115263832875
4.0,0.0,0.0,0.0,0.932846220733699,0.46402222939819737,0.0,0.0,0.0,0.0,0.0,8.0,0.7252288218926968
24.0,1.0,0.0,1.0,0.842710315414533,0.69331296019631,0.0,0.0,0.0,0.0,0.0,16.0,6.331036831313407
25.0,0.0,0.0,1.0,0.4830380026594437,0.6537063320912839,1.0,0.0,0.0,0.0,0.0,15.0,3.540133411960902
34.0,0.0,1.0,0.0,0.4744644202634378,0.7676604499300093,0.0,1.0,0.0,0.0,0.0,11.0,0.7963583056446226
30.0,0.0,0.0,0.0,0.99910166056332,0.8605389772276588,1.0,0.0,0.0,0.0,0.0,9.0,1.3099052713178299
20.0,0.0,0.0,0.0,0.9964716691902608,0.5411533571607821,1.0,0.0,0.0,0.0,0.0,12.0,2.7353334754333147
31.0,0.0,0.0,0.0,0.9443540195108079,0.5322655676053446,0.0,0.0,0.0,0.0,0.0,10.0,5.391930108414117
19.0,0.0,0.0,2.0,0.9828970175342842,0.49897860327966764,1.0,0.0,0.0,0.0,0.0,16.0,5.497979688731833
19.0,0.0,0.0,1.0,0.6221898327358224,0.4519053270053025,0.0,0.0,0.0,0.0,0.0,16.0,9.596199634214782
20.0,0.0,0.0,2.0,0.6662319984118829,0.35423839858406253,0.0,0.0,0.0,0.0,0.0,12.0,3.154090639387336
34.0,0.0,0.0,0.0,0.8955927011364959,0.5603541153924693,1.0,0.0,0.0,0.0,0.0,16.0,9.37728259646719
16.0,0.0,0.0,0.0,0.8781615239303999,0.42679574638504625,0.0,0.0,0.0,0.0,0.0,10.0,6.306081005106616
27.0,0.0,1.0,2.0,0.6481477544080775,0.8761557148078443,1.0,1.0,0.0,0.0,0.0,12.0,5.8061476386767215
11.0,0.0,0.0,1.0,0.42920350457073375,0.6151740810086269,1.0,0.0,0.0,0.0,0.0,8.0,6.1438702329184816
20.0,0.0,1.0,1.0,0.43620885870185017,0.8659996075302213,0.0,1.0,0.0,0.0,0.0,13.0,0.7518824197665273
31.0,0.0,0.0,2.0,0.796503531884452,0.7310707360397977,0.0,0.0,0.0,0.0,0.0,10.0,1.0573995309716069
4.0,0.0,0.0,2.0,0.7780118762916958,0.8590239888142784,1.0,0.0,0.0,0.0,0.0,14.0,9.873972435469867
17.0,0.0,0.0,0.0,0.8321558507845596,0.8249161104949477,1.0,0.0,0.0,0.0,0.0,14.0,4.907278106850416
26.0,1.0,0.0,0.0,0.777788854644873,0.5077299830475502,1.0,0.0,0.0,0.0,0.0,12.0,1.786794314310783
21.0,0.0,0.0,2.0,0.4860563533420134,0.4163699186712763,0.0,0.0,0.0,0.0,0.0,8.0,4.117305033438487
7.0,0.0,0.0,2.0,0.7195537132221786,0.44369078496800285,0.0,0.0,0.0,0.0,0.0,13.0,9.576214390725587
27.0,1.0,0.0,0.0,0.7489528210080375,0.4349919453918965,0.0,0.0,0.0,0.0,0.0,15.0,5.116965046536671
31.0,1.0,0.0,2.0,0.8662556764388312,0.8507370342013549,0.0,0.0,0.0,0.0,0.0,13.0,3.3894059700013224
23.0,0.0,0.0,0.0,0.7732660689163212,0.4501008799943186,1.0,0.0,0.0,0.0,0.0,9.0,1.3618676812477553
34.0,1.0,0.0,0.0,0.9197362726680748,0.5848368944049827,1.0,0.0,0.0,0.0,0.0,11.0,8.776375628694064
23.0,0.0,0.0,2.0,1.066977360739605,0.9181210029664074,0.0,0.0,0.0,0.0,0.0,14.0,1.9114909546757217
33.0,1.0,0.0,2.0,0.8015947813022707,0.4512685699772905,0.0,0.0,0.0,0.0,0.0,9.0,2.9755455255598964
25.0,0.0,1.0,0.0,0.557376609514303,0.4536836815826925,1.0,1.0,0.0,0.0,0.0,14.0,7.988255894769641
15.0,0.0,1.0,2.0,0.860394099632595,0.47983467654504697,1.0,1.0,0.0,0.0,0.0,15.0,6.334205185953986
8.0,0.0,0.0,1.0,0.9367534452012864,0.49904247051413375,0.0,0.0,0.0,0.0,0.0,12.0,0.969618216524402
14.0,0.0,1.0,2.0,0.7794776215367293,0.43358407122759324,0.0,1.0,0.0,0.0,0.0,9.0,10.148563223684079
23.0,0.0,0.0,2.0,0.46385149156126754,0.815536443109741,1.0,0.0,0.0,0.0,0.0,16.0,6.683279521190581
11.0,0.0,0.0,1.0,0.6322588675359718,0.4779288364315444,1.0,0.0,0.0,0.0,0.0,9.0,6.5136632047831435
14.0,0.0,0.0,2.0,1.0124775142229474,0.5283347342177002,1.0,0.0,0.0,0.0,0.0,13.0,0.7823418499638158
34.0,0.0,0.0,2.0,0.9700707988965622,0.4382441385004806,1.0,0.0,0.0,0.0,0.0,11.0,9.64148580283379
3.0,0.0,0.0,0.0,0.8669274746835822,0.3580256466367773,0.0,0.0,0.0,0.0,0.0,13.0,6.0234660012627135
30.0,0.0,0.0,2.0,0.4597936611519978,0.6433062020220072,0.0,0.0,0.0,0.0,0.0,8.0,0.5185153659860058
9.0,0.0,0.0,2.0,1.005431003893854,0.527425169287589,0.0,0.0,0.0,0.0,0.0,11.0,9.63005326620759
18.0,0.0,0.0,0.0,0.7400405288698311,0.528458195817174,0.0,0.0,0.0,0.0,0.0,16.0,1.2653513962500453
11.0,0.0,1.0,0.0,0.9225377196718827,0.6519266162584598,0.0,1.0,0.0,0.0,0.0,13.0,11.927934476617907
31.0,0.0,0.0,0.0,0.5219981177033326,0.35708675180406113,0.0,0.0,0.0,0.0,0.0,16.0,6.8306912573260155
5.0,0.0,1.0,2.0,1.0031853459898765,0.6424826960314081,1.0,1.0,0.0,0.0,0.0,11.0,3.4574610099513063
16.0,0.0,0.0,0.0,0.8118540361656308,0.5315227346550577,1.0,0.0,0.0,0.0,0.0,15.0,8.223114426818531
13.0,0.0,0.0,2.0,0.5337397440521008,0.5568289974745629,1.0,0.0,0.0,0.0,0.0,16.0,3.2817173156699
27.0,0.0,1.0,2.0,0.7072036761317447,0.45005463716083294,0.0,1.0,0.0,0.0,0.0,11.0,11.229538799505297
14.0,0.0,0.0,0.0,0.8046730358973138,0.8188318674251502,0.0,0.0,0.0,0.0,0.0,10.0,8.148757936682493
24.0,0.0,0.0,1.0,0.7510358399068466,0.7557933849599372,1.0,0.0,0.0,0.0,0.0,9.0,3.901890403231833
11.0,1.0,0.0,1.0,0.7246600712562896,0.7303744455263778,0.0,0.0,0.0,0.0,0.0,11.0,4.704000787080319
30.0,0.0,0.0,1.0,0.6459100935134469,0.36407851141633496,1.0,0.0,0.0,0.0,0.0,15.0,10.355740082986962
17.0,0.0,0.0,1.0,0.4722638867042381,0.4561687841346979,0.0,0.0,0.0,0.0,0.0,14.0,11.485025887979734
19.0,0.0,0.0,1.0,0.5603422866230299,0.5688904329880103,0.0,0.0,0.0,0.0,0.0,11.0,0.7339690356629196
16.0,0.0,0.0,0.0,0.6104097762372507,0.47126568086914916,0.0,0.0,0.0,0.0,0.0,8.0,8.565537176754562
15.0,0.0,0.0,2.0,0.7880063388843827,0.710011934566489,1.0,0.0,0.0,0.0,0.0,14.0,8.413714562865524
34.0,0.0,0.0,2.0,0.6587470176871932,0.7409439267394163,0.0,0.0,0.0,0.0,0.0,15.0,2.6874747148565112
19.0,0.0,0.0,2.0,0.5821944390888827,0.3582256265748951,1.0,0.0,0.0,0.0,0.0,14.0,6.150595866795809
10.0,1.0,0.0,2.0,0.9033979475127585,0.6054008448758058,0.0,0.0,0.0,0.0,0.0,13.0,2.3222343887820514
7.0,0.0,0.0,2.0,0.5015222521643528,0.6558836617941938,0.0,0.0,0.0,0.0,0.0,10.0,3.2776498904791747
20.0,0.0,1.0,2.0,0.9222043197858392,0.7813120961170753,0.0,1.0,0.0,0.0,0.0,9.0,6.321477609434861
21.0,0.0,0.0,2.0,0.7603779947279192,0.47395026054942524,1.0,0.0,0.0,0.0,0.0,9.0,4.6183355638878885
30.0,0.0,1.0,0.0,0.5860238029487086,0.5189400394274188,0.0,1.0,0.0,0.0,0.0,9.0,11.880649626599388
9.0,0.0,0.0,2.0,0.5260813423728962,0.5063545815942678,1.0,0.0,0.0,0.0,0.0,12.0,8.959978938430172
7.0,1.0,0.0,2.0,0.546482114155851,0.5297491174062505,1.0,0.0,0.0,0.0,0.0,14.0,0.7609563959146464
2.0,1.0,0.0,1.0,0.9647274175063087,0.46203919485610623,1.0,0.0,0.0,0.0,0.0,9.0,8.29897602758059
18.0,0.0,1.0,1.0,0.7272400515676279,0.8084327749722346,1.0,1.0,0.0,0.0,0.0,12.0,3.784073906964051
34.0,0.0,0.0,2.0,0.4618454062128689,0.6360035465602507,1.0,0.0,0.0,0.0,0.0,11.0,8.615902232084563
4.0,1.0,0.0,1.0,0.9285805014530452,0.6725426130579877,1.0,0.0,0.0,0.0,0.0,10.0,4.851653385549499
29.0,0.0,0.0,1.0,0.7327877639495939,0.5512391250479821,1.0,0.0,0.0,0.0,0.0,8.0,3.85298467812492
17.0,0.0,1.0,1.0,0.6740720832935587,0.7049403204405083,0.0,1.0,0.0,0.0,0.0,8.0,5.292372604123713
29.0,1.0,0.0,1.0,0.6791236810048511,0.8669997288778013,1.0,0.0,0.0,0.0,0.0,17.0,6.973493338930953
24.0,0.0,0.0,1.0,0.8019749405484458,0.8418402765040348,1.0,0.0,0.0,0.0,0.0,8.0,11.508147969021858
32.0,0.0,0.0,2.0,0.7171284935251879,0.37066413841616813,0.0,0.0,0.0,0.0,0.0,14.0,3.0206884590363177
8.0,1.0,0.0,2.0,0.5151800485211507,0.5213175112236023,0.0,0.0,0.0,0.0,0.0,14.0,3.8648555850391837
20.0,0.0,0.0,2.0,0.6697451377819411,0.3942320207851179,0.0,0.0,0.0,0.0,0.0,17.0,6.336379923053508
23.0,0.0,0.0,2.0,0.8597947238438017,0.6265471125844556,0.0,0.0,0.0,0.0,0.0,16.0,11.396181451365393
29.0,0.0,1.0,1.0,0.6314428470686146,0.5029304703495984,1.0,1.0,0.0,0.0,0.0,17.0,11.766196902161495
32.0,0.0,0.0,2.0,0.9344195700304125,0.461028859945707,1.0,0.0,0.0,0.0,0.0,10.0,11.10544684309358
34.0,0.0,0.0,2.0,0.8553886689997178,0.5578468556425289,1.0,0.0,0.0,0.0,0.0,13.0,10.742636851495892
15.0,0.0,1.0,2.0,0.7452268607242666,0.5073432956355689,0.0,1.0,0.0,0.0,0.0,9.0,4.036803587257928
31.0,1.0,0.0,2.0,0.44479660732311715,0.7729256775342445,1.0,0.0,0.0,0.0,0.0,14.0,8.98135182481544
13.0,0.0,0.0,1.0,0.7717638465408004,0.50442712918387,0.0,0.0,0.0,0.0,0.0,10.0,7.273222132357719
18.0,1.0,0.0,0.0,0.4759276409458154,0.6976069642033711,1.0,0.0,0.0,0.0,0.0,9.0,6.07621030372759
5.0,1.0,0.0,1.0,0.8336430324403294,0.8999370072758442,0.0,0.0,0.0,0.0,0.0,16.0,8.381724068165532
13.0,0.0,0.0,2.0,0.8381348520060999,0.6977452938602127,0.0,0.0,0.0,0.0,0.0,13.0,3.8792511740957534
19.0,0.0,0.0,0.0,0.6390084420849784,0.8902721096160868,1.0,0.0,0.0,0.0,0.0,12.0,1.5404309403125416
6.0,0.0,0.0,1.0,0.5708635400421113,0.492013772358316,1.0,0.0,0.0,0.0,0.0,15.0,6.82115231883839
29.0,0.0,0.0,1.0,1.0067416809261205,0.7322789974835431,1.0,0.0,0.0,0.0,0.0,12.0,6.253610227817324
25.0,0.0,0.0,2.0,0.9111891073138967,0.36434631565901077,0.0,0.0,0.0,0.0,0.0,17.0,4.162376434145801
23.0,0.0,0.0,0.0,0.9620646110122593,0.5089372183242153,1.0,0.0,0.0,0.0,0.0,8.0,5.430479771320624
7.0,0.0,0.0,2.0,0.7079211897552482,0.3653803754915119,0.0,0.0,0.0,0.0,0.0,16.0,4.076661591360599
6.0,0.0,0.0,1.0,0.5617422205785984,0.36514191987833766,1.0,0.0,0.0,0.0,0.0,12.0,11.005700610984187
3.0,0.0,0.0,2.0,0.9551911187084116,0.9195230081742753,1.0,0.0,0.0,0.0,0.0,9.0,5.137315031124476
29.0,0.0,1.0,1.0,1.0294605801046408,0.5689731946621387,0.0,1.0,0.0,0.0,0.0,14.0,6.015112107699734
23.0,1.0,0.0,1.0,0.5297203814580693,0.8484396361289003,1.0,0.0,0.0,0.0,0.0,9.0,4.2675652620584
27.0,0.0,0.0,1.0,0.5751940404928972,0.7911600909313822,0.0,0.0,0.0,0.0,0.0,16.0,0.722258910343628
15.0,1.0,0.0,1.0,0.49299932798182755,0.8413921758826821,1.0,0.0,0.0,0.0,0.0,12.0,10.762146281618957
8.0,0.0,1.0,2.0,0.5159830800443381,0.38375545708130304,0.0,1.0,0.0,0.0,0.0,17.0,3.0779720699793782
33.0,0.0,0.0,2.0,1.048896594080373,0.40135572885843995,1.0,0.0,0.0,0.0,0.0,10.0,1.4255206769474733
16.0,0.0,0.0,1.0,0.7476014544861953,0.39111876899419484,1.0,0.0,0.0,0.0,0.0,15.0,4.362868819875339
34.0,1.0,0.0,1.0,1.0635219093630677,0.7092453310581518,0.0,0.0,0.0,0.0,0.0,13.0,10.302131288419956
17.0,0.0,0.0,0.0,0.8734712046709115,0.3574183170947709,1.0,0.0,0.0,0.0,0.0,11.0,10.102963417704556
24.0,0.0,0.0,2.0,0.94009494929031,0.48661555455274197,1.0,0.0,0.0,0.0,0.0,12.0,1.1020542488725964
4.0,0.0,0.0,2.0,0.7707405284584476,0.49643889278676445,1.0,0.0,0.0,0.0,0.0,8.0,4.518060958009259
22.0,0.0,0.0,2.0,0.7483607620306442,0.7067467587367062,1.0,0.0,0.0,0.0,0.0,12.0,6.192514552664389
5.0,0.0,0.0,1.0,0.5980257034798511,0.5303270323297982,1.0,0.0,0.0,0.0,0.0,12.0,9.377106219043542
7.0,0.0,0.0,1.0,1.0034773412832456,0.7909889701285794,0.0,0.0,0.0,0.0,0.0,9.0,8.180110958397712
15.0,0.0,0.0,1.0,0.6310642543271564,0.8495454532014195,1.0,0.0,0.0,0.0,0.0,8.0,7.58759781184937
25.0,1.0,0.0,2.0,0.9025927420260013,0.49119942318375726,0.0,0.0,0.0,0.0,0.0,16.0,5.452307713472437
3.0,0.0,1.0,0.0,0.8003610081586404,0.6868041475931017,1.0,1.0,0.0,0.0,0.0,16.0,10.599777404761245
4.0,0.0,0.0,2.0,0.9144396715975759,0.923319391915805,0.0,0.0,0.0,0.0,0.0,8.0,10.063380571850157
11.0,0.0,1.0,2.0,0.9562754792126751,0.6363846290594983,0.0,1.0,0.0,0.0,0.0,13.0,2.994904817769098
10.0,0.0,0.0,2.0,0.5242658414376584,0.44396395428314467,0.0,0.0,0.0,0.0,0.0,17.0,5.218599628485329
18.0,0.0,0.0,2.0,0.8180263292443912,0.5333522524595674,1.0,0.0,0.0,0.0,0.0,17.0,1.413475534119236
18.0,0.0,1.0,2.0,0.6114621978560931,0.7310528093248596,1.0,1.0,0.0,0.0,0.0,8.0,11.520754291431718
34.0,0.0,0.0,2.0,1.0914078040719493,0.735886954102153,0.0,0.0,0.0,0.0,0.0,9.0,10.107976125431444
5.0,1.0,0.0,0.0,0.966022057079222,0.8504043581843741,0.0,0.0,0.0,0.0,0.0,16.0,0.4855786768159014
8.0,0.0,1.0,2.0,1.0076567257529498,0.8352918554099841,0.0,1.0,0.0,0.0,0.0,13.0,8.752682786638605
21.0,0.0,0.0,2.0,0.9241076817466082,0.6454099760840213,1.0,0.0,0.0,0.0,0.0,12.0,8.77893788704379
31.0,0.0,0.0,2.0,1.0606547200807488,0.4846081346256356,1.0,0.0,0.0,0.0,0.0,8.0,2.8922189003804535
13.0,0.0,0.0,2.0,0.8475142264412528,0.5116241167619597,0.0,0.0,0.0,0.0,0.0,17.0,5.787845427819309
34.0,0.0,0.0,1.0,1.0867238908676988,0.4556777362496331,1.0,0.0,0.0,0.0,0.0,10.0,1.7028012332677191
2.0,0.0,0.0,0.0,0.6362275341049759,0.42741700096778534,1.0,0.0,0.0,0.0,0.0,8.0,3.4414002777356596
29.0,0.0,0.0,1.0,1.038991206639739,0.6813877419811276,0.0,0.0,0.0,0.0,0.0,9.0,4.33787955455416
13.0,0.0,0.0,2.0,0.48639572271878845,0.764999781621746,0.0,0.0,0.0,0.0,0.0,8.0,5.776025246746678
19.0,0.0,0.0,2.0,0.922576537212967,0.48898564979114456,1.0,0.0,0.0,0.0,0.0,8.0,7.038000402247772
4.0,1.0,0.0,0.0,0.8107789171217138,0.7732907104330161,1.0,0.0,0.0,0.0,0.0,16.0,0.7164812127138701
25.0,0.0,0.0,1.0,0.7466102698459164,0.4053387027083091,0.0,0.0,0.0,0.0,0.0,14.0,5.568122016152768
32.0,0.0,1.0,2.0,0.576155832081345,0.8135156276437785,1.0,1.0,0.0,0.0,0.0,9.0,9.78662264900082
28.0,0.0,0.0,1.0,0.8808877677317318,0.3507649881084367,0.0,0.0,0.0,0.0,0.0,11.0,1.3723795779646035
12.0,0.0,0.0,2.0,0.909645696370625,0.572028330554884,1.0,0.0,0.0,0.0,0.0,8.0,10.739531011289401
12.0,1.0,0.0,1.0,0.8441416719447737,0.8888990002360473,1.0,0.0,0.0,0.0,0.0,13.0,11.8028058164025
5.0,1.0,0.0,1.0,0.495101976443356,0.5213620962741491,1.0,0.0,0.0,0.0,0.0,10.0,2.3237303580238615
29.0,0.0,0.0,1.0,0.9563980110272722,0.9290300748692865,1.0,0.0,0.0,0.0,0.0,8.0,8.275954065721939
14.0,0.0,0.0,2.0,0.5096083408263251,0.8313611839426868,1.0,0.0,0.0,0.0,0.0,17.0,11.825359777155644
24.0,0.0,0.0,2.0,0.9508738973276724,0.7900529840951761,1.0,0.0,0.0,0.0,0.0,12.0,1.6546368493107415
9.0,0.0,1.0,1.0,0.6245836645826569,0.5875557442016773,1.0,1.0,0.0,0.0,0.0,15.0,5.8632523229209035
8.0,0.0,1.0,2.0,0.778497448694339,0.3686008272821776,1.0,1.0,0.0,0.0,0.0,13.0,8.940626349630932
4.0,0.0,0.0,2.0,0.43790476676541673,0.49296234446504417,0.0,0.0,0.0,0.0,0.0,13.0,6.921074714704076
33.0,0.0,0.0,2.0,0.8408602078267432,0.5656945846582514,0.0,0.0,0.0,0.0,0.0,17.0,6.8357684338403155
9.0,0.0,0.0,2.0,0.526528270967034,0.45704058500695555,0.0,0.0,0.0,0.0,0.0,8.0,8.754732436853002
10.0,0.0,0.0,1.0,0.9790239041473349,0.804980364382318,0.0,0.0,0.0,0.0,0.0,9.0,6.069305798179897
20.0,0.0,0.0,1.0,1.0886312340834046,0.706141553711937,0.0,0.0,0.0,0.0,0.0,11.0,2.197634666251249
14.0,1.0,0.0,2.0,0.7924415540087354,0.609183106307856,1.0,0.0,0.0,0.0,0.0,13.0,5.615116030946021
27.0,0.0,0.0,0.0,0.6878881775346077,0.5416254474690323,1.0,0.0,0.0,0.0,0.0,10.0,10.481407686835617
3.0,0.0,0.0,2.0,0.7604470509537031,0.3726535202035705,0.0,0.0,0.0,0.0,0.0,12.0,8.290544672222671
28.0,0.0,1.0,2.0,0.9710695310601529,0.7296385789601947,1.0,1.0,0.0,0.0,0.0,13.0,3.66818959103905
8.0,0.0,0.0,1.0,0.4821457082610028,0.46956909877367564,1.0,0.0,0.0,0.0,0.0,8.0,4.96168634921373
6.0,1.0,0.0,0.0,0.8316548859867562,0.7424486712303692,1.0,0.0,0.0,0.0,0.0,9.0,0.23461102837882744
33.0,0.0,0.0,1.0,0.513727940007576,0.4019495175274151,1.0,0.0,0.0,0.0,0.0,9.0,0.6137793761798406
4.0,0.0,0.0,2.0,0.9450131536484915,0.39756619117823755,0.0,0.0,0.0,0.0,0.0,15.0,1.4609203564989046
10.0,0.0,0.0,1.0,1.0167237007101788,0.7193516989770702,1.0,0.0,0.0,0.0,0.0,12.0,6.550055129184948
34.0,0.0,0.0,2.0,0.6173433588148275,0.9442713392705747,1.0,0.0,0.0,0.0,0.0,10.0,7.674086897023946
12.0,0.0,0.0,1.0,0.5375124574337107,0.35241195393630015,1.0,0.0,0.0,0.0,0.0,14.0,0.6512656845365784
33.0,0.0,0.0,1.0,0.5819087890238555,0.38680134750587114,0.0,0.0,0.0,0.0,0.0,17.0,3.0754790478416787
11.0,0.0,0.0,0.0,0.6267702728630049,0.8134583418752658,0.0,0.0,0.0,0.0,0.0,12.0,5.254150802312508
23.0,0.0,0.0,1.0,0.9221520790211398,0.6807969916541253,1.0,0.0,0.0,0.0,0.0,11.0,5.567607428789975
31.0,0.0,0.0,2.0,0.7236691256062935,0.5628851895819725,0.0,0.0,0.0,0.0,0.0,16.0,11.455588243208792
18.0,0.0,0.0,1.0,0.8804546757004192,0.3579426360837711,0.0,0.0,0.0,0.0,0.0,8.0,9.807388694737911
6.0,0.0,0.0,2.0,0.979125056384233,0.4794829651586333,0.0,0.0,0.0,0.0,0.0,11.0,11.345985725874387
21.0,1.0,0.0,2.0,1.0457279836716586,0.9338599085163776,1.0,0.0,0.0,0.0,0.0,13.0,8.633029815454488
30.0,0.0,0.0,0.0,0.8729198552279014,0.5961034387329807,0.0,0.0,0.0,0.0,0.0,10.0,10.718166192485644
6.0,0.0,0.0,1.0,0.5708685745210759,0.8922952864177861,0.0,0.0,0.0,0.0,0.0,10.0,6.828158839290498
2.0,1.0,0.0,2.0,0.4793554526649651,0.6339429303916734,0.0,0.0,0.0,0.0,0.0,12.0,0.3462831601581401
11.0,0.0,0.0,1.0,0.8883336075736666,0.4591038937382835,1.0,0.0,0.0,0.0,0.0,9.0,8.896884442172253
6.0,0.0,0.0,0.0,0.9937612301975082,0.7993666403156425,1.0,0.0,0.0,0.0,0.0,11.0,10.434896333262804
31.0,1.0,0.0,2.0,0.8017830166799149,0.759658720144773,1.0,0.0,0.0,0.0,0.0,16.0,10.243796010486248
4.0,0.0,0.0,0.0,0.7566535600129751,0.7306366894966096,0.0,0.0,0.0,0.0,0.0,17.0,10.645668602319565
7.0,0.0,0.0,0.0,0.5323121910908337,0.6340747600344383,0.0,0.0,0.0,0.0,0.0,17.0,3.5052139648841747
30.0,1.0,0.0,2.0,0.5853376614185473,0.8576687732168696,1.0,0.0,0.0,0.0,0.0,12.0,4.827325563467631
20.0,0.0,0.0,1.0,0.5302076041926038,0.5294968561785286,0.0,0.0,0.0,0.0,0.0,12.0,2.4452047427880643
23.0,1.0,0.0,2.0,0.6875209749416106,0.8833137268651204,0.0,0.0,0.0,0.0,0.0,17.0,10.730207641390809
32.0,1.0,0.0,0.0,0.7357247161581668,0.8753262072302225,1.0,0.0,0.0,0.0,0.0,10.0,1.6115335255343675
31.0,1.0,0.0,2.0,1.0643899990438614,0.43694279724729146,0.0,0.0,0.0,0.0,0.0,12.0,4.397144232030808
22.0,0.0,0.0,2.0,0.5830875015720111,0.7182358780791974,1.0,0.0,0.0,0.0,0.0,15.0,1.2632367947674068
8.0,0.0,0.0,1.0,0.6680129334586883,0.5170974082240617,1.0,0.0,0.0,0.0,0.0,17.0,11.791569544989624
12.0,1.0,0.0,0.0,0.7457941337326907,0.7494179474104696,1.0,0.0,0.0,0.0,0.0,17.0,0.9769193346334794
12.0,1.0,0.0,0.0,0.889928483825794,0.7963005236780029,1.0,0.0,0.0,0.0,0.0,14.0,10.974519414209315
19.0,0.0,0.0,1.0,0.7927237440902491,0.5205347396882638,1.0,0.0,0.0,0.0,0.0,17.0,9.681844555282881
34.0,0.0,0.0,0.0,1.0774755388505233,0.7421070792970426,0.0,0.0,0.0,0.0,0.0,10.0,1.1782818219396436
33.0,0.0,0.0,0.0,0.4414237558816231,0.8822444124034713,1.0,0.0,0.0,0.0,0.0,14.0,9.06558306239406
3.0,0.0,0.0,1.0,0.8393835254004098,0.9392864260122624,1.0,0.0,0.0,0.0,0.0,17.0,10.249911174112965
10.0,0.0,0.0,0.0,0.4973906254166484,0.7272942700049257,1.0,0.0,0.0,0.0,0.0,16.0,7.302558092755094
29.0,0.0,0.0,0.0,0.8433427561291115,0.450431721757822,1.0,0.0,0.0,0.0,0.0,13.0,9.709144296194472
15.0,0.0,0.0,1.0,0.6116748711607081,0.5786275689152387,0.0,0.0,0.0,0.0,0.0,11.0,4.808584112209032
33.0,0.0,1.0,1.0,0.5080595159690728,0.8596094865704809,1.0,1.0,0.0,0.0,0.0,9.0,9.684024204444539
7.0,0.0,0.0,1.0,1.0436890963071233,0.7938020488963099,1.0,0.0,0.0,0.0,0.0,12.0,5.911640854979777
24.0,0.0,0.0,1.0,1.0126018970551598,0.5548521635585146,1.0,0.0,0.0,0.0,0.0,12.0,10.952406581245931
25.0,1.0,0.0,2.0,0.546695140143446,0.5975198593124087,0.0,0.0,0.0,0.0,0.0,10.0,2.1880876064851
16.0,0.0,0.0,2.0,0.6474131849732709,0.9213969349947813,0.0,0.0,0.0,0.0,0.0,9.0,0.24563036597753207
16.0,0.0,1.0,1.0,0.7697190283294294,0.6615788974722724,1.0,1.0,0.0,0.0,0.0,13.0,11.452420258977618
24.0,0.0,0.0,0.0,0.9193294878511853,0.9481473260596213,0.0,0.0,0.0,0.0,0.0,8.0,7.4795645575613925
5.0,0.0,0.0,1.0,0.5382529199096896,0.39968099552049746,1.0,0.0,0.0,0.0,0.0,10.0,8.129369072423657
15.0,0.0,0.0,2.0,0.9039777155684686,0.9170227978339144,0.0,0.0,0.0,0.0,0.0,10.0,2.233390417559084
11.0,0.0,0.0,2.0,0.9480632692481284,0.6562453689774365,0.0,0.0,0.0,0.0,0.0,9.0,5.385203070103143
31.0,0.0,0.0,2.0,0.4533927586335409,0.48026315291985544,0.0,0.0,0.0,0.0,0.0,9.0,8.835040206923544
34.0,0.0,0.0,2.0,0.6878702595410436,0.7646313698616812,1.0,0.0,0.0,0.0,0.0,13.0,1.3144385864767225
31.0,0.0,1.0,2.0,0.42732349227745814,0.4371624880184821,1.0,1.0,0.0,0.0,0.0,13.0,7.160099770715558
16.0,0.0,0.0,1.0,0.7415509758459056,0.9324226833876493,0.0,0.0,0.0,0.0,0.0,11.0,11.115420121839698
6.0,0.0,0.0,2.0,0.8950163112559038,0.3664982854198894,1.0,0.0,0.0,0.0,0.0,14.0,3.0300789315018486
12.0,1.0,0.0,2.0,0.8760511389051074,0.7613447026646102,1.0,0.0,0.0,0.0,0.0,13.0,0.3557931584568991
2.0,1.0,0.0,1.0,0.8678794165811589,0.8055454461666227,0.0,0.0,0.0,0.0,0.0,16.0,0.23618378035541862
31.0,0.0,1.0,0.0,0.40717331431708736,0.7221383890252067,0.0,1.0,0.0,0.0,0.0,14.0,0.7399125683914605
23.0,0.0,0.0,2.0,0.5670103983398467,0.6857459076543826,0.0,0.0,0.0,0.0,0.0,17.0,2.1450066324865666
32.0,0.0,0.0,2.0,0.48030605365841983,0.6627621305955865,0.0,0.0,0.0,0.0,0.0,10.0,9.00045223054618
31.0,0.0,0.0,2.0,0.6503521455975553,0.6593678747634653,1.0,0.0,0.0,0.0,0.0,9.0,9.129051243203993
13.0,0.0,1.0,0.0,0.4162316576195889,0.6697493539846792,0.0,1.0,0.0,0.0,0.0,8.0,8.684167503081909
13.0,0.0,0.0,2.0,0.9807216735346921,0.4537874107070774,1.0,0.0,0.0,0.0,0.0,9.0,1.2488103324189885
29.0,0.0,0.0,1.0,0.7144514057834652,0.3652760435223819,1.0,0.0,0.0,0.0,0.0,9.0,5.493244718229922
26.0,0.0,0.0,0.0,0.7051941939693124,0.6829279290656414,0.0,0.0,0.0,0.0,0.0,10.0,2.6888222403881774
29.0,0.0,1.0,2.0,0.8016189672382166,0.5273252843337145,1.0,1.0,0.0,0.0,0.0,15.0,11.108741038152237
5.0,0.0,0.0,2.0,0.9824361209225715,0.4910433869437679,0.0,0.0,0.0,0.0,0.0,9.0,2.190376741351837
2.0,0.0,1.0,0.0,0.8369957782128246,0.44112824124933697,1.0,1.0,0.0,0.0,0.0,9.0,10.904581911338484
19.0,0.0,0.0,0.0,0.9749527301825972,0.7816729067637316,1.0,0.0,0.0,0.0,0.0,12.0,5.283729864747637
2.0,1.0,0.0,2.0,0.7176354661500425,0.5335599249673213,0.0,0.0,0.0,0.0,0.0,8.0,3.958381004958694
27.0,0.0,0.0,0.0,0.5676798618554451,0.8695622248730618,1.0,0.0,0.0,0.0,0.0,16.0,5.045907985118693
25.0,1.0,0.0,1.0,0.9517855460278482,0.5657970050623305,1.0,0.0,0.0,0.0,0.0,17.0,10.891347378909947
12.0,0.0,0.0,1.0,0.7411983199346961,0.40053763440250806,0.0,0.0,0.0,0.0,0.0,11.0,11.53894852101512
3.0,1.0,0.0,1.0,0.4432364151174279,0.7719935540814719,1.0,0.0,0.0,0.0,0.0,14.0,11.514539730500324
10.0,0.0,0.0,0.0,0.4965071105155518,0.8006190327085972,0.0,0.0,0.0,0.0,0.0,8.0,9.838055795602452
13.0,0.0,0.0,2.0,0.9449121577825911,0.37145999199881863,1.0,0.0,0.0,0.0,0.0,15.0,11.606358854524501
13.0,0.0,1.0,1.0,0.4029357358217473,0.8147545729121485,0.0,1.0,0.0,0.0,0.0,11.0,7.24795173940166
32.0,0.0,0.0,2.0,1.019818616846674,0.7181473199423776,1.0,0.0,0.0,0.0,0.0,14.0,8.81825816698808
19.0,0.0,1.0,2.0,0.869885348913354,0.49322867220600825,1.0,1.0,0.0,0.0,0.0,16.0,10.269898590480468
10.0,0.0,0.0,1.0,0.8772983259695879,0.5042133770712124,0.0,0.0,0.0,0.0,0.0,12.0,5.33811875652535
12.0,0.0,0.0,0.0,0.504931211864327,0.8252754246880957,0.0,0.0,0.0,0.0,0.0,8.0,11.086752474647554
14.0,0.0,0.0,1.0,0.7990815540613246,0.694948503861548,1.0,0.0,0.0,0.0,0.0,14.0,6.683702953580718
18.0,0.0,1.0,2.0,0.8403344453191809,0.5347077005487382,1.0,1.0,0.0,0.0,0.0,10.0,9.707658717368675
26.0,0.0,0.0,2.0,0.549609732004562,0.35851625119199104,0.0,0.0,0.0,0.0,0.0,11.0,7.579453627249619
18.0,0.0,0.0,1.0,0.7568306257841544,0.6464097857378168,1.0,0.0,0.0,0.0,0.0,10.0,9.403468364928143
20.0,0.0,0.0,1.0,0.7268943207264899,0.467006021949579,1.0,0.0,0.0,0.0,0.0,17.0,3.9485864719672246
15.0,0.0,0.0,0.0,1.0551905504665517,0.4990258909696593,0.0,0.0,0.0,0.0,0.0,14.0,9.05089740194171
20.0,0.0,0.0,0.0,0.4239215383619939,0.7374747566269771,0.0,0.0,0.0,0.0,0.0,13.0,8.129817384552295
21.0,0.0,1.0,1.0,0.5743531712920388,0.8736285683986741,1.0,1.0,0.0,0.0,0.0,10.0,1.355632802314042
13.0,0.0,0.0,1.0,1.0510766158836464,0.3540453148524536,0.0,0.0,0.0,0.0,0.0,12.0,7.082220124308271
2.0,0.0,0.0,1.0,0.834625018831257,0.3767781147454493,0.0,0.0,0.0,0.0,0.0,8.0,6.614235290528753
2.0,0.0,0.0,0.0,0.8372824335154172,0.3824289274754149,0.0,0.0,0.0,0.0,0.0,12.0,6.534063295370109
28.0,1.0,0.0,2.0,0.6231549266939577,0.5980936778497132,0.0,0.0,0.0,0.0,0.0,16.0,3.7880547205585913
16.0,0.0,0.0,0.0,0.6563506005632799,0.4465442647474829,0.0,0.0,0.0,0.0,0.0,8.0,5.580460209211897
20.0,0.0,1.0,2.0,0.7112490628814468,0.4137762603159161,0.0,1.0,0.0,0.0,0.0,11.0,0.3508825472578694
12.0,0.0,0.0,2.0,1.045749155063767,0.4203501530915019,1.0,0.0,0.0,0.0,0.0,14.0,1.207469101341256
9.0,0.0,0.0,2.0,0.5946338269386511,0.7717079836140925,1.0,0.0,0.0,0.0,0.0,10.0,11.916718359915762
13.0,0.0,0.0,1.0,0.42203757647786727,0.38138714001649465,0.0,0.0,0.0,0.0,0.0,12.0,6.69823051765351
19.0,0.0,0.0,2.0,0.7406930626952126,0.6859795252109347,0.0,0.0,0.0,0.0,0.0,11.0,2.8378035901993695
20.0,1.0,0.0,1.0,0.5943669093916186,0.7279128093888892,1.0,0.0,0.0,0.0,0.0,9.0,2.076034023526814
19.0,0.0,1.0,0.0,0.7453937654828637,0.8984203985222718,0.0,1.0,0.0,0.0,0.0,8.0,5.533236900427728
13.0,0.0,1.0,0.0,0.5104275857929165,0.5906616781195726,0.0,1.0,0.0,0.0,0.0,12.0,3.096850191829079
9.0,0.0,0.0,2.0,0.5944819495260438,0.854012783781577,1.0,0.0,0.0,0.0,0.0,11.0,2.219562186157396
13.0,0.0,0.0,1.0,0.6493656930586498,0.5073511087787366,0.0,0.0,0.0,0.0,0.0,10.0,11.887199893054333
31.0,0.0,0.0,0.0,0.9782065446329024,0.4399440091280838,0.0,0.0,0.0,0.0,0.0,9.0,6.261512822194583
17.0,0.0,0.0,0.0,0.6317079775540404,0.8585729541127978,1.0,0.0,0.0,0.0,0.0,14.0,1.2044680713303997
9.0,0.0,0.0,0.0,0.8815484172528442,0.9366913607729952,1.0,0.0,0.0,0.0,0.0,12.0,4.3158347501497385
9.0,0.0,0.0,2.0,0.6776602964172301,0.39281530610993576,0.0,0.0,0.0,0.0,0.0,12.0,10.975086305266005
14.0,0.0,0.0,0.0,0.5034644413490929,0.7206505794011068,1.0,0.0,0.0,0.0,0.0,10.0,1.7773648767573544
25.0,1.0,0.0,2.0,0.6542756673293372,0.47224173094024163,1.0,0.0,0.0,0.0,0.0,13.0,9.285409599793836
33.0,0.0,0.0,1.0,0.5608024644898969,0.9041065649690015,1.0,0.0,0.0,0.0,0.0,17.0,10.357239620094646
22.0,0.0,0.0,0.0,0.40244730111619087,0.44222034667192134,1.0,0.0,0.0,0.0,0.0,16.0,0.9600117469561164
16.0,1.0,0.0,2.0,0.5672815915893554,0.5181206320145412,1.0,0.0,0.0,0.0,0.0,9.0,8.00574177199446
18.0,1.0,0.0,1.0,0.9110040926408081,0.6402597661247548,1.0,0.0,0.0,0.0,0.0,14.0,4.630251701653265
8.0,0.0,0.0,1.0,0.6019512515252695,0.9381955650754235,0.0,0.0,0.0,0.0,0.0,14.0,4.022507300418245
21.0,1.0,0.0,2.0,0.6916429945993234,0.6596152435780833,0.0,0.0,0.0,0.0,0.0,15.0,4.433093996807916
14.0,0.0,0.0,1.0,0.5221203672586114,0.5904601029503556,0.0,0.0,0.0,0.0,0.0,17.0,9.59487164309256
25.0,0.0,0.0,1.0,0.9863419683689152,0.9461971147937808,0.0,0.0,0.0,0.0,0.0,16.0,5.8490476790502575
33.0,1.0,0.0,2.0,0.5323542650380249,0.4647138148226584,0.0,0.0,0.0,0.0,0.0,16.0,11.782460629687492
27.0,0.0,1.0,1.0,1.0969499757552175,0.657344558577419,1.0,1.0,0.0,0.0,0.0,15.0,6.565336743689661
17.0,0.0,0.0,0.0,0.9229725266840546,0.6630971316498241,1.0,0.0,0.0,0.0,0.0,11.0,6.918246525663952
14.0,0.0,0.0,0.0,0.5967055942262868,0.8357445777205518,0.0,0.0,0.0,0.0,0.0,9.0,6.800721657526726
6.0,0.0,0.0,0.0,0.9278141220857318,0.40337895117227035,1.0,0.0,0.0,0.0,0.0,14.0,5.021749165494585
33.0,0.0,0.0,2.0,0.5033971588887352,0.5050474177806207,0.0,0.0,0.0,0.0,0.0,17.0,0.59623789868139
13.0,0.0,0.0,1.0,0.6977294513202447,0.600975231175675,0.0,0.0,0.0,0.0,0.0,17.0,7.256940629970289
31.0,0.0,1.0,1.0,0.7766008836720879,0.4158637697718682,1.0,1.0,0.0,0.0,0.0,9.0,3.7009336982648557
28.0,0.0,0.0,1.0,0.6334927490245792,0.867649658259418,0.0,0.0,0.0,0.0,0.0,14.0,8.722676997754128
34.0,0.0,0.0,2.0,0.962599653984983,0.6789136913734284,0.0,0.0,0.0,0.0,0.0,9.0,10.52572386925191
13.0,0.0,0.0,1.0,0.6320157561748585,0.6343938001765533,1.0,0.0,0.0,0.0,0.0,11.0,7.538314538267761
11.0,0.0,1.0,0.0,0.8233575830951826,0.507322954937549,1.0,1.0,0.0,0.0,0.0,10.0,4.84633879865969
34.0,0.0,0.0,1.0,1.0504272952622387,0.6698817055278263,0.0,0.0,0.0,0.0,0.0,17.0,7.908977640635947
5.0,0.0,0.0,2.0,1.0658024180139118,0.40941552190780345,1.0,0.0,0.0,0.0,0.0,8.0,3.537860484741682
14.0,0.0,0.0,2.0,0.5479729201345185,0.5328462042454655,1.0,0.0,0.0,0.0,0.0,17.0,11.798927142939116
29.0,0.0,1.0,0.0,0.9087451161496434,0.7634255470825669,0.0,1.0,0.0,0.0,0.0,12.0,3.553508467851015
32.0,0.0,0.0,1.0,0.6969274479564223,0.8693204299888629,0.0,0.0,0.0,0.0,0.0,17.0,10.913944660776053
22.0,1.0,0.0,2.0,1.080421427705309,0.7725894824505217,0.0,0.0,0.0,0.0,0.0,15.0,4.7412589193348165
30.0,0.0,1.0,2.0,0.5099859765055483,0.6399031823714904,0.0,1.0,0.0,0.0,0.0,11.0,9.674335370461034
29.0,0.0,0.0,1.0,0.62987681445826,0.6889201727475353,0.0,0.0,0.0,0.0,0.0,10.0,3.628106156758748
14.0,0.0,0.0,0.0,0.9005215345638531,0.7994987724055833,1.0,0.0,0.0,0.0,0.0,11.0,6.762286431377946
30.0,0.0,0.0,1.0,1.0998332752365698,0.7680996785894523,1.0,0.0,0.0,0.0,0.0,10.0,5.64032465427437
29.0,0.0,0.0,0.0,1.0613792390223262,0.8825687962251147,0.0,0.0,0.0,0.0,0.0,16.0,4.230473189067616
16.0,0.0,0.0,1.0,0.8982623654335719,0.928592535975438,0.0,0.0,0.0,0.0,0.0,14.0,11.766632007285635
34.0,0.0,0.0,2.0,0.48742494637113787,0.9494038291906446,0.0,0.0,0.0,0.0,0.0,12.0,9.136150504803364
15.0,0.0,0.0,0.0,1.0634447297740106,0.5707462977516979,0.0,0.0,0.0,0.0,0.0,13.0,11.41257715705657
13.0,0.0,1.0,2.0,1.0197130019089267,0.7082606041734328,0.0,1.0,0.0,0.0,0.0,17.0,9.819878795024213
32.0,0.0,1.0,0.0,0.5782796436817399,0.8113131028468595,0.0,1.0,0.0,0.0,0.0,11.0,9.822510342574251
9.0,0.0,0.0,1.0,0.9454630150161637,0.4365742433363243,0.0,0.0,0.0,0.0,0.0,8.0,4.812794324561861
5.0,0.0,0.0,2.0,1.0835228534278114,0.5101612735875525,0.0,0.0,0.0,0.0,0.0,16.0,3.283909744420444
6.0,0.0,0.0,2.0,0.7361566830706701,0.6208841806842783,0.0,0.0,0.0,0.0,0.0,11.0,3.2733047928758863
3.0,0.0,0.0,1.0,0.7863122674471529,0.4948471062902225,1.0,0.0,0.0,0.0,0.0,15.0,9.519856188526944
4.0,0.0,1.0,0.0,0.4122462650870351,0.8675697927935666,1.0,1.0,0.0,0.0,0.0,16.0,8.387414665616738
25.0,0.0,0.0,0.0,0.7858398376496771,0.6034358432100785,1.0,0.0,0.0,0.0,0.0,12.0,0.4661707612556374
16.0,0.0,0.0,2.0,1.0123926068960636,0.8114435063162214,0.0,0.0,0.0,0.0,0.0,10.0,3.4324494485933053
10.0,1.0,0.0,2.0,0.765721444528979,0.7478051116338279,1.0,0.0,0.0,0.0,0.0,9.0,5.860840761012296
22.0,0.0,0.0,0.0,0.7061254340042472,0.4671986297193505,0.0,0.0,0.0,0.0,0.0,13.0,8.878615427668736
19.0,1.0,0.0,2.0,0.5820924106090423,0.73736375474137,1.0,0.0,0.0,0.0,0.0,8.0,1.1708440104450257
26.0,0.0,0.0,1.0,0.7280288824445285,0.5229570863620969,0.0,0.0,0.0,0.0,0.0,11.0,9.337673720134958
2.0,1.0,0.0,0.0,0.7910037601382358,0.8893542456890897,1.0,0.0,0.0,0.0,0.0,15.0,8.671322700741483
10.0,0.0,1.0,0.0,0.9561753745936489,0.5160767758046638,0.0,1.0,0.0,0.0,0.0,16.0,10.316634235054584
22.0,0.0,0.0,0.0,0.9368834864333153,0.9226249776612558,0.0,0.0,0.0,0.0,0.0,9.0,8.942519256652936
7.0,0.0,1.0,1.0,1.0147469502834816,0.5105480126754118,1.0,1.0,0.0,0.0,0.0,13.0,5.057847001984271
19.0,0.0,0.0,1.0,0.9487502287015313,0.803570783426684,0.0,0.0,0.0,0.0,0.0,16.0,0.9497918418301503
7.0,0.0,0.0,1.0,0.5532488545204679,0.7691123006404268,0.0,0.0,0.0,0.0,0.0,9.0,8.506076547687185
32.0,0.0,0.0,1.0,0.963875940969276,0.6002774097431084,0.0,0.0,0.0,0.0,0.0,11.0,8.910776048844735
20.0,0.0,1.0,1.0,0.611711494661421,0.706712135701889,0.0,1.0,0.0,0.0,0.0,12.0,2.481840175511683
17.0,0.0,1.0,2.0,0.9916450783930733,0.8259206791045931,1.0,1.0,0.0,0.0,0.0,10.0,10.58361453269402
15.0,0.0,0.0,0.0,0.6951913745838585,0.3620592524069578,0.0,0.0,0.0,0.0,0.0,12.0,9.371492613242806
9.0,0.0,0.0,2.0,0.7938878601089556,0.4585518835671676,0.0,0.0,0.0,0.0,0.0,13.0,0.7489636743496255
2.0,0.0,0.0,1.0,0.8825088597020849,0.5591913521026095,1.0,0.0,0.0,0.0,0.0,13.0,9.608958177721247
19.0,0.0,0.0,2.0,0.5292501949575513,0.5793024434503858,0.0,0.0,0.0,0.0,0.0,16.0,2.1932985550755184
33.0,1.0,0.0,2.0,0.49873090548504867,0.7671780491398957,0.0,0.0,0.0,0.0,0.0,8.0,5.9845234208098494
25.0,0.0,0.0,1.0,0.9711615995012384,0.3850633836405396,0.0,0.0,0.0,0.0,0.0,13.0,2.360730514144747
18.0,0.0,0.0,0.0,0.9786538848603759,0.8263729728753512,1.0,0.0,0.0,0.0,0.0,17.0,5.449601689519186
3.0,0.0,0.0,1.0,0.6002882823212154,0.7495503109787389,0.0,0.0,0.0,0.0,0.0,17.0,10.911975052132522
11.0,0.0,0.0,1.0,0.6618295077062879,0.7523409898624842,0.0,0.0,0.0,0.0,0.0,8.0,8.590096657696412
6.0,1.0,0.0,0.0,0.9737171279158855,0.86463523159023,0.0,0.0,0.0,0.0,0.0,10.0,3.344282576209781
20.0,0.0,0.0,1.0,0.8620326058753351,0.4975654098741773,1.0,0.0,0.0,0.0,0.0,10.0,10.771956370438437
20.0,0.0,0.0,1.0,0.4837602091169735,0.5991657520066868,1.0,0.0,0.0,0.0,0.0,13.0,11.594699387401892
10.0,0.0,0.0,2.0,0.8311133405268292,0.8144183419986543,1.0,0.0,0.0,0.0,0.0,13.0,11.524805096151418
16.0,1.0,0.0,1.0,0.6059759506655227,0.834189131343015,0.0,0.0,0.0,0.0,0.0,11.0,0.29853988073593823
34.0,0.0,0.0,0.0,0.4400482906052678,0.4993540797822156,1.0,0.0,0.0,0.0,0.0,15.0,8.731455706777416
28.0,1.0,0.0,0.0,0.41496429842255056,0.6928751699784876,1.0,0.0,0.0,0.0,0.0,16.0,8.645512128228484
19.0,0.0,0.0,2.0,1.0525248684179573,0.6276432577962732,0.0,0.0,0.0,0.0,0.0,8.0,1.1499699189318124
23.0,0.0,1.0,1.0,1.0756017967441471,0.6934796370893562,1.0,1.0,0.0,0.0,0.0,10.0,7.6118192535953115
4.0,0.0,0.0,0.0,0.7758341553534905,0.7805511993194826,0.0,0.0,0.0,0.0,0.0,11.0,11.122232451695337
13.0,1.0,0.0,2.0,0.88263891155557,0.481456741116544,1.0,0.0,0.0,0.0,0.0,17.0,9.805426948300058
14.0,0.0,1.0,1.0,0.6335757453150612,0.6046582162779036,0.0,1.0,0.0,0.0,0.0,16.0,11.124187286126244
3.0,0.0,0.0,1.0,0.9127243784886325,0.6921657004778148,0.0,0.0,0.0,0.0,0.0,13.0,4.174551379283637
11.0,0.0,1.0,2.0,0.5706777964248997,0.5034770856779269,0.0,1.0,0.0,0.0,0.0,16.0,9.60612888618627
8.0,0.0,0.0,1.0,0.6089228694991665,0.6695096958431248,0.0,0.0,0.0,0.0,0.0,9.0,2.3157432077303772
3.0,0.0,0.0,1.0,1.0483887687981874,0.38423191594408285,1.0,0.0,0.0,0.0,0.0,9.0,1.8862508782403138
30.0,0.0,0.0,0.0,1.0472021195239785,0.6404819474680157,0.0,0.0,0.0,0.0,0.0,14.0,4.681259164595495
8.0,0.0,1.0,0.0,1.0954552129773,0.8907062258331849,1.0,1.0,0.0,0.0,0.0,14.0,10.740080562134663
28.0,0.0,0.0,2.0,0.8973253193201401,0.8841348010205363,1.0,0.0,0.0,0.0,0.0,12.0,6.830900880865608
16.0,0.0,0.0,1.0,0.4014556940076306,0.9264538253549128,1.0,0.0,0.0,0.0,0.0,9.0,6.128597185496625
25.0,0.0,0.0,1.0,0.7898059248291348,0.37438460017588243,0.0,0.0,0.0,0.0,0.0,14.0,7.758693613473749
21.0,0.0,0.0,1.0,0.6635259861715522,0.7543043439283351,1.0,0.0,0.0,0.0,0.0,12.0,6.328561899810417
4.0,0.0,0.0,1.0,1.0223996884970492,0.5317298487954251,0.0,0.0,0.0,0.0,0.0,9.0,9.845692440377535
21.0,1.0,0.0,2.0,1.0149823750514488,0.8139597794408113,0.0,0.0,0.0,0.0,0.0,13.0,4.751975574201913
18.0,0.0,0.0,0.0,0.7421759127676038,0.5987826975092406,1.0,0.0,0.0,0.0,0.0,8.0,6.361424754618326
32.0,1.0,0.0,1.0,0.72304334438072,0.4929050245888916,1.0,0.0,0.0,0.0,0.0,14.0,1.7601845062639827
3.0,0.0,0.0,0.0,0.40058217736850743,0.4473788530719639,1.0,0.0,0.0,0.0,0.0,17.0,10.11740263181969
28.0,0.0,1.0,2.0,0.5012471519900624,0.6872804749154469,0.0,1.0,0.0,0.0,0.0,16.0,8.548217084495208
22.0,0.0,0.0,2.0,0.7217124104181277,0.8531573757666776,1.0,0.0,0.0,0.0,0.0,15.0,10.885085286236295
11.0,0.0,1.0,1.0,0.4113166819243825,0.4755142567044318,1.0,1.0,0.0,0.0,0.0,8.0,5.6887287175442705
20.0,1.0,0.0,0.0,0.9251758450466192,0.829238227582329,1.0,0.0,0.0,0.0,0.0,9.0,3.4702358462417697
27.0,0.0,0.0,2.0,0.7358908796213226,0.7505823498181861,1.0,0.0,0.0,0.0,0.0,16.0,0.8891499618269246
8.0,1.0,0.0,1.0,0.9475263373865472,0.8852739753536857,0.0,0.0,0.0,0.0,0.0,13.0,4.723174498117055
27.0,0.0,0.0,2.0,0.42421592125529695,0.6792774043388106,0.0,0.0,0.0,0.0,0.0,16.0,1.9719041002118685
5.0,0.0,0.0,1.0,0.6790155448090481,0.5514153822707947,1.0,0.0,0.0,0.0,0.0,12.0,4.284834305526166
22.0,0.0,0.0,0.0,0.691124197698639,0.7507716846734683,0.0,0.0,0.0,0.0,0.0,11.0,7.843405559417947
17.0,0.0,0.0,0.0,0.4496392698035882,0.3634774041799531,0.0,0.0,0.0,0.0,0.0,17.0,7.153884885360064
4.0,0.0,1.0,0.0,0.6474022729670091,0.7600195814667741,0.0,1.0,0.0,0.0,0.0,9.0,0.9287582223121229
21.0,0.0,1.0,0.0,0.4059220064170757,0.38505686170791176,1.0,1.0,0.0,0.0,0.0,13.0,1.1911067043036372
6.0,0.0,0.0,2.0,0.9560901125540305,0.5359659682995669,0.0,0.0,0.0,0.0,0.0,16.0,10.697876745719798
7.0,1.0,0.0,1.0,0.5318100298801656,0.3989505763122454,1.0,0.0,0.0,0.0,0.0,9.0,6.046763921943486
16.0,0.0,0.0,0.0,0.8722594592577195,0.928058512631061,1.0,0.0,0.0,0.0,0.0,15.0,5.04372161956617
5.0,0.0,0.0,0.0,0.5096881708691644,0.428371421052717,1.0,0.0,0.0,0.0,0.0,17.0,7.689376911796172
17.0,0.0,0.0,1.0,0.6996069414373595,0.845527207602523,0.0,0.0,0.0,0.0,0.0,8.0,3.503036346022458
16.0,0.0,0.0,1.0,1.0931228625795795,0.39283534344514015,0.0,0.0,0.0,0.0,0.0,14.0,1.2605127064914383
22.0,0.0,0.0,0.0,0.516233258990374,0.8111045918967406,0.0,0.0,0.0,0.0,0.0,16.0,7.300347318185339
2.0,0.0,0.0,1.0,0.43838554400489205,0.35765918326843615,0.0,0.0,0.0,0.0,0.0,8.0,2.7826680890415414
31.0,0.0,0.0,2.0,1.019108329869733,0.37186472635508,1.0,0.0,0.0,0.0,0.0,15.0,0.24120724364910426
13.0,0.0,0.0,0.0,0.9051785113434881,0.4441084823266766,1.0,0.0,0.0,0.0,0.0,17.0,9.739244219628624
3.0,1.0,0.0,2.0,0.5354406330430371,0.7994185720326539,0.0,0.0,0.0,0.0,0.0,17.0,10.432980030363304
29.0,1.0,0.0,0.0,1.0996056451709872,0.8515249400882795,0.0,0.0,0.0,0.0,0.0,9.0,8.974165875052636
8.0,0.0,0.0,1.0,0.6476506552869111,0.927376036258656,0.0,0.0,0.0,0.0,0.0,13.0,7.860760067404694
2.0,0.0,0.0,1.0,0.7908921882049644,0.4193911283512514,1.0,0.0,0.0,0.0,0.0,13.0,8.605441348754995
6.0,0.0,1.0,2.0,0.42703789487572125,0.4975856237894541,1.0,1.0,0.0,0.0,0.0,9.0,1.777541174754613
8.0,0.0,0.0,1.0,0.6667096082279014,0.8410456316573512,0.0,0.0,0.0,0.0,0.0,16.0,7.947965703685399
5.0,0.0,0.0,0.0,1.0619747201078313,0.838283972865473,0.0,0.0,0.0,0.0,0.0,14.0,11.782555877927429
15.0,0.0,0.0,1.0,0.6979880629234138,0.3687559989743059,1.0,0.0,0.0,0.0,0.0,14.0,11.82388487343305
19.0,1.0,0.0,0.0,0.8065669684130791,0.7247217781097216,0.0,0.0,0.0,0.0,0.0,8.0,10.850610125755566
30.0,0.0,0.0,2.0,0.9816915090550791,0.9434453611630707,1.0,0.0,0.0,0.0,0.0,13.0,8.986531520014232
6.0,0.0,0.0,1.0,0.7295985397836926,0.8958717955982033,0.0,0.0,0.0,0.0,0.0,14.0,7.059438665151971
14.0,0.0,0.0,0.0,0.6869099579735491,0.44207104032298206,1.0,0.0,0.0,0.0,0.0,12.0,4.790886474761256
4.0,0.0,0.0,2.0,0.9538286105455495,0.5873723989641688,0.0,0.0,0.0,0.0,0.0,14.0,11.376471456580008
10.0,0.0,0.0,2.0,0.49127889727809143,0.7274416023143707,0.0,0.0,0.0,0.0,0.0,17.0,11.505955246348606
9.0,0.0,0.0,0.0,0.41602447107714197,0.7890485180566732,1.0,0.0,0.0,0.0,0.0,14.0,5.811905938789053
19.0,0.0,0.0,1.0,0.5890967193802734,0.8168082133326078,1.0,0.0,0.0,0.0,0.0,9.0,11.073417370776783
25.0,0.0,0.0,0.0,0.8377897209932622,0.6656982547895479,1.0,0.0,0.0,0.0,0.0,13.0,7.073246079709121
20.0,0.0,0.0,0.0,0.7308977215836764,0.44752720379542416,1.0,0.0,0.0,0.0,0.0,13.0,5.371379197178063
9.0,0.0,0.0,1.0,0.4317964248824325,0.9250536670268217,0.0,0.0,0.0,0.0,0.0,17.0,1.4052059191645687
23.0,1.0,0.0,1.0,0.9277844304988054,0.9350798209341591,1.0,0.0,0.0,0.0,0.0,16.0,1.330914266740083
15.0,0.0,0.0,1.0,1.0067171978409706,0.5618757230064921,1.0,0.0,0.0,0.0,0.0,17.0,5.277576377670745
4.0,0.0,0.0,2.0,1.050674620984802,0.6277937262078608,0.0,0.0,0.0,0.0,0.0,9.0,9.849035326789172
10.0,1.0,0.0,1.0,0.4392535736477138,0.6177082904577559,0.0,0.0,0.0,0.0,0.0,15.0,5.115231588577717
23.0,0.0,0.0,1.0,0.7196121535991274,0.4659481131474769,0.0,0.0,0.0,0.0,0.0,15.0,6.477478616201325
15.0,1.0,0.0,2.0,0.6337045038866955,0.8479337807393843,1.0,0.0,0.0,0.0,0.0,14.0,7.0103747006955945
29.0,0.0,1.0,2.0,0.7457897865276567,0.6531899637749501,1.0,1.0,0.0,0.0,0.0,12.0,0.7754963749764247
4.0,0.0,0.0,1.0,0.4138102333364593,0.7653031268215592,0.0,0.0,0.0,0.0,0.0,13.0,8.730350798833214
19.0,0.0,0.0,2.0,0.4243662528175376,0.45611254961758013,0.0,0.0,0.0,0.0,0.0,11.0,6.932226353050336
26.0,0.0,0.0,1.0,0.9638495325513184,0.3879646891135632,1.0,0.0,0.0,0.0,0.0,9.0,5.674858141471918
9.0,0.0,1.0,1.0,0.46422800393925895,0.6396659734924016,0.0,1.0,0.0,0.0,0.0,14.0,8.996528564461
16.0,0.0,0.0,1.0,0.4195035094729342,0.8196538980138576,0.0,0.0,0.0,0.0,0.0,12.0,11.771618919954587
25.0,1.0,0.0,1.0,0.863264419198169,0.5920859434012957,1.0,0.0,0.0,0.0,0.0,10.0,9.168264371630395
17.0,0.0,0.0,2.0,0.40229757027405083,0.39191040197301236,1.0,0.0,0.0,0.0,0.0,12.0,4.1406059833856
28.0,0.0,1.0,2.0,1.0236320972928752,0.528131119953509,1.0,1.0,0.0,0.0,0.0,10.0,8.980667841177194
33.0,1.0,0.0,0.0,0.5177120681525565,0.5084184147680018,1.0,0.0,0.0,0.0,0.0,16.0,5.165868028968298
29.0,1.0,0.0,0.0,0.782553165568335,0.6070178781777527,0.0,0.0,0.0,0.0,0.0,14.0,0.5479493377021775
30.0,0.0,1.0,1.0,0.9644515663756612,0.6026311095983097,1.0,1.0,0.0,0.0,0.0,15.0,8.568721667592675
6.0,1.0,0.0,1.0,0.9638998944463466,0.4545630992610486,0.0,0.0,0.0,0.0,0.0,16.0,1.8466218596169701
34.0,0.0,0.0,2.0,0.6066490125969186,0.8821301728506847,1.0,0.0,0.0,0.0,0.0,17.0,7.281805656458162
13.0,1.0,0.0,2.0,0.5606883236963376,0.5894866976062472,1.0,0.0,0.0,0.0,0.0,11.0,10.137672244241816
2.0,0.0,0.0,1.0,0.5216641085656532,0.7961058557675946,0.0,0.0,0.0,0.0,0.0,9.0,2.4651456936973832
33.0,0.0,0.0,0.0,1.051275254198825,0.37769272688330247,0.0,0.0,0.0,0.0,0.0,8.0,3.619889875645472
17.0,0.0,1.0,0.0,0.7688148359182542,0.8626480527026164,1.0,1.0,0.0,0.0,0.0,16.0,10.94523950568445
2.0,1.0,0.0,0.0,1.029081828770606,0.37549662134751344,0.0,0.0,0.0,0.0,0.0,15.0,1.1492731516860502
13.0,0.0,1.0,1.0,0.9747655173488275,0.7678192788188274,0.0,1.0,0.0,0.0,0.0,8.0,9.087232200174446
15.0,1.0,0.0,2.0,0.9946739157402666,0.781575213840279,0.0,0.0,0.0,0.0,0.0,14.0,8.034338234931663
25.0,0.0,0.0,1.0,0.4889009162453783,0.3867055306152534,1.0,0.0,0.0,0.0,0.0,16.0,1.381868573448724
12.0,0.0,0.0,0.0,0.9878175673260364,0.8010590884986766,0.0,0.0,0.0,0.0,0.0,16.0,4.239844528178515
16.0,1.0,0.0,2.0,1.0122940624326215,0.7562394683615525,1.0,0.0,0.0,0.0,0.0,12.0,5.4145639683263775
5.0,0.0,1.0,2.0,0.626176870710739,0.559611471847404,0.0,1.0,0.0,0.0,0.0,13.0,6.9067283561852
23.0,0.0,0.0,1.0,0.6947077896096963,0.771746892997274,1.0,0.0,0.0,0.0,0.0,17.0,2.603970273191837
10.0,0.0,0.0,2.0,0.9485314353846285,0.4782267562545944,1.0,0.0,0.0,0.0,0.0,17.0,9.51613031101841
9.0,0.0,0.0,0.0,0.47896099899226763,0.3836025742986136,0.0,0.0,0.0,0.0,0.0,8.0,5.047896557715507
21.0,0.0,1.0,1.0,0.4677559592217144,0.6566012323918003,0.0,1.0,0.0,0.0,0.0,11.0,11.435547550978193
19.0,0.0,1.0,1.0,0.4127022830975939,0.9473951068190333,1.0,1.0,0.0,0.0,0.0,11.0,2.600167864184898
11.0,0.0,0.0,1.0,0.7302612613659072,0.504540751418819,1.0,0.0,0.0,0.0,0.0,16.0,6.043820265268295
11.0,1.0,0.0,2.0,1.0941459670808296,0.4597836475328282,1.0,0.0,0.0,0.0,0.0,15.0,1.1755872582300166
16.0,0.0,0.0,0.0,0.9753917285272418,0.9478558925802983,0.0,0.0,0.0,0.0,0.0,15.0,2.9219049435862905
29.0,0.0,0.0,0.0,0.8960034731921713,0.4423806164573666,0.0,0.0,0.0,0.0,0.0,10.0,8.311169990876369
33.0,1.0,0.0,0.0,0.6359778195165215,0.5714719030150192,0.0,0.0,0.0,0.0,0.0,13.0,2.3226197022142805
17.0,0.0,0.0,2.0,0.7281657744156318,0.7413389715329651,1.0,0.0,0.0,0.0,0.0,9.0,6.041602584597781
27.0,0.0,0.0,1.0,1.0379567423399303,0.6870724513093031,0.0,0.0,0.0,0.0,0.0,9.0,4.393667131062183
3.0,0.0,1.0,1.0,0.976218406449375,0.7172660037466755,1.0,1.0,0.0,0.0,0.0,14.0,8.522839814555631
33.0,0.0,0.0,1.0,1.0210677650324629,0.8653591585578146,1.0,0.0,0.0,0.0,0.0,16.0,11.29935402881032
10.0,1.0,0.0,2.0,0.6122345485541991,0.5873527644628006,1.0,0.0,0.0,0.0,0.0,14.0,0.45706726750959803
28.0,1.0,0.0,1.0,0.9288196143103992,0.9318131907709426,0.0,0.0,0.0,0.0,0.0,13.0,6.880311726517413
16.0,0.0,1.0,1.0,1.028160381245485,0.921372609201723,1.0,1.0,0.0,0.0,0.0,13.0,4.1693980007495615
21.0,0.0,0.0,2.0,0.7890388637724145,0.4252660183072163,0.0,0.0,0.0,0.0,0.0,17.0,11.671834241649293
17.0,0.0,0.0,1.0,0.6048200965516871,0.7555723215257057,0.0,0.0,0.0,0.0,0.0,10.0,3.5544316532735034
25.0,0.0,0.0,0.0,0.9254550370627788,0.6119910772481053,0.0,0.0,0.0,0.0,0.0,11.0,0.254591657420156
9.0,0.0,0.0,0.0,0.8858301181929885,0.6809971758101991,0.0,0.0,0.0,0.0,0.0,12.0,5.436689027494222
5.0,0.0,0.0,1.0,0.778451105755116,0.6834317925994883,1.0,0.0,0.0,0.0,0.0,9.0,10.028020260260304
13.0,0.0,0.0,1.0,1.0982463076265498,0.9004761901106135,1.0,0.0,0.0,0.0,0.0,8.0,10.966440637526214
8.0,0.0,0.0,0.0,0.6619339145147294,0.8744853888266162,1.0,0.0,0.0,0.0,0.0,13.0,11.089797250235186
32.0,0.0,0.0,2.0,0.9855370974645576,0.7341917716266669,0.0,0.0,0.0,0.0,0.0,15.0,3.4446897501342195
19.0,0.0,0.0,0.0,1.0768884578347597,0.3596445632487739,0.0,0.0,0.0,0.0,0.0,11.0,10.131671579000106
5.0,1.0,0.0,0.0,0.5882805091005554,0.4068219178492113,1.0,0.0,0.0,0.0,0.0,14.0,9.500479079053823
28.0,1.0,0.0,2.0,0.4090462969992504,0.7379521851057959,1.0,0.0,0.0,0.0,0.0,9.0,6.6607775037948596
8.0,0.0,0.0,1.0,0.6888727099807206,0.7714077657867514,0.0,0.0,0.0,0.0,0.0,17.0,8.806050275175036
11.0,0.0,0.0,1.0,0.8969466046269045,0.617801398948437,1.0,0.0,0.0,0.0,0.0,11.0,9.108802058812614
23.0,0.0,0.0,0.0,1.0326871594329465,0.6434797916895607,0.0,0.0,0.0,0.0,0.0,13.0,4.153546517992344
10.0,0.0,0.0,1.0,0.8304277317478975,0.49706690678847365,1.0,0.0,0.0,0.0,0.0,11.0,7.141229715843141
8.0,0.0,0.0,2.0,0.7930448740605692,0.6480046452152204,1.0,0.0,0.0,0.0,0.0,14.0,9.629406354305678
21.0,0.0,0.0,1.0,0.6564312678281061,0.7675189396452136,0.0,0.0,0.0,0.0,0.0,9.0,6.732792905449919
30.0,0.0,0.0,0.0,0.7088381852072936,0.9112740850429689,0.0,0.0,0.0,0.0,0.0,11.0,5.743250523693916
12.0,1.0,0.0,1.0,0.7913779156440065,0.7973628707417209,0.0,0.0,0.0,0.0,0.0,14.0,11.946757262743136
26.0,0.0,0.0,1.0,0.9727623080828325,0.3895586825222681,1.0,0.0,0.0,0.0,0.0,8.0,3.3392172927019868
4.0,0.0,0.0,2.0,0.43368856107864934,0.7723301500072625,1.0,0.0,0.0,0.0,0.0,8.0,11.627888470970163
11.0,0.0,1.0,1.0,0.7452494987834439,0.6779577028947171,0.0,1.0,0.0,0.0,0.0,10.0,4.504565086496319
27.0,0.0,1.0,2.0,0.5462593933812804,0.5693304975534759,0.0,1.0,0.0,0.0,0.0,15.0,11.764836393748247
27.0,1.0,0.0,0.0,0.4056491912557852,0.8598658869641549,0.0,0.0,0.0,0.0,0.0,16.0,10.258293529502092
29.0,0.0,0.0,2.0,0.41150670913930265,0.8441254294643075,1.0,0.0,0.0,0.0,0.0,12.0,9.142197024711088
11.0,0.0,0.0,2.0,0.937495127619036,0.5540488904564059,1.0,0.0,0.0,0.0,0.0,16.0,9.484679037879639
25.0,0.0,0.0,2.0,0.680966349747484,0.6203920013818753,1.0,0.0,0.0,0.0,0.0,13.0,2.8532344496293245
16.0,0.0,0.0,0.0,1.0012048754309415,0.45514857224868566,0.0,0.0,0.0,0.0,0.0,11.0,10.022339266454296
19.0,0.0,0.0,0.0,0.87339083202853,0.5942130161381957,0.0,0.0,0.0,0.0,0.0,10.0,10.2699321078967
17.0,1.0,0.0,0.0,0.422068576310541,0.4673758093766612,0.0,0.0,0.0,0.0,0.0,12.0,7.545836219221962
23.0,0.0,0.0,2.0,0.848537128771191,0.779314871090477,1.0,0.0,0.0,0.0,0.0,14.0,9.45399135961109
24.0,0.0,0.0,1.0,0.8183091618457774,0.8188361558291662,1.0,0.0,0.0,0.0,0.0,17.0,8.421526080027318
33.0,1.0,0.0,1.0,0.9957574620970513,0.4501507275062408,1.0,0.0,0.0,0.0,0.0,8.0,1.464585395297023
18.0,0.0,0.0,1.0,0.9402670185359221,0.6160649690872018,1.0,0.0,0.0,0.0,0.0,13.0,7.689327485296688
26.0,1.0,0.0,2.0,0.5665788704513093,0.6365089238642812,0.0,0.0,0.0,0.0,0.0,13.0,10.189987170518894
31.0,0.0,0.0,2.0,0.9732903616514647,0.8289705552227152,0.0,0.0,0.0,0.0,0.0,12.0,8.918379366332314
22.0,0.0,1.0,2.0,0.7998279077953929,0.48718376736816915,1.0,1.0,0.0,0.0,0.0,9.0,7.353082999833292
31.0,1.0,0.0,1.0,0.6192109421214959,0.8369837097918875,1.0,0.0,0.0,0.0,0.0,9.0,8.76337009180165
25.0,0.0,0.0,0.0,0.5263375404310684,0.617917843074347,0.0,0.0,0.0,0.0,0.0,16.0,0.9297774956461761
12.0,1.0,0.0,2.0,0.7264164636160939,0.7856904569872345,1.0,0.0,0.0,0.0,0.0,10.0,4.772063177525997
2.0,1.0,0.0,0.0,0.7289270734625533,0.8334274884195559,1.0,0.0,0.0,0.0,0.0,8.0,4.78328838577406
17.0,0.0,0.0,1.0,0.6769405390559248,0.6215891684020123,0.0,0.0,0.0,0.0,0.0,10.0,4.546470625138138
9.0,0.0,0.0,1.0,0.580724637831539,0.6867995590031588,0.0,0.0,0.0,0.0,0.0,16.0,1.0852688421657082
26.0,0.0,1.0,0.0,0.717691160895034,0.6847653663121454,0.0,1.0,0.0,0.0,0.0,13.0,1.418226742520347
15.0,0.0,0.0,2.0,0.6127764558209728,0.3676953310294155,0.0,0.0,0.0,0.0,0.0,12.0,2.868956920552693
15.0,0.0,1.0,1.0,0.7418151036091765,0.8135829915767836,0.0,1.0,0.0,0.0,0.0,9.0,11.929035478864353
3.0,0.0,0.0,2.0,0.9169446132154907,0.5704503394884148,1.0,0.0,0.0,0.0,0.0,11.0,2.254500989913024
14.0,0.0,0.0,2.0,0.8306771325908153,0.3898075396015797,0.0,0.0,0.0,0.0,0.0,17.0,0.32888860091230077
11.0,1.0,0.0,1.0,0.5505649801399449,0.8971334558905402,1.0,0.0,0.0,0.0,0.0,11.0,0.8103111551509669
9.0,1.0,0.0,0.0,0.5924758504561881,0.8623487238515872,1.0,0.0,0.0,0.0,0.0,16.0,6.946857345969625
17.0,1.0,0.0,2.0,0.9606889226540268,0.8765554099575638,1.0,0.0,0.0,0.0,0.0,14.0,9.94339660733069
11.0,0.0,0.0,0.0,0.9817526124067452,0.5470107121312486,0.0,0.0,0.0,0.0,0.0,16.0,4.607872522739945
29.0,0.0,0.0,1.0,0.7731331499499361,0.4997448618182597,1.0,0.0,0.0,0.0,0.0,11.0,8.107845086879436
26.0,0.0,0.0,2.0,0.6605583936988648,0.4538013538478081,0.0,0.0,0.0,0.0,0.0,17.0,8.219142745179802
2.0,1.0,0.0,2.0,0.9752755445188475,0.8992825946234868,1.0,0.0,0.0,0.0,0.0,11.0,2.0184087811238065
23.0,0.0,0.0,0.0,0.5999184101305519,0.6875519380598535,1.0,0.0,0.0,0.0,0.0,10.0,9.984537402999115
13.0,0.0,1.0,2.0,0.5932528354185287,0.39627313215331306,0.0,1.0,0.0,0.0,0.0,8.0,2.120955188663889
4.0,0.0,0.0,0.0,0.47524239026684295,0.693340007148626,0.0,0.0,0.0,0.0,0.0,15.0,2.945043254410385
17.0,1.0,0.0,1.0,0.7691569951856464,0.8440158824282594,0.0,0.0,0.0,0.0,0.0,9.0,5.026822404020609
26.0,0.0,0.0,0.0,0.5484600535057073,0.7769593393951542,1.0,0.0,0.0,0.0,0.0,16.0,9.611947205093461
27.0,0.0,0.0,0.0,0.8244309740324292,0.35024298681770877,0.0,0.0,0.0,0.0,0.0,10.0,11.901479169292996
28.0,0.0,0.0,1.0,0.7580742810754632,0.8884497832198919,1.0,0.0,0.0,0.0,0.0,15.0,0.82020967434188
21.0,0.0,0.0,1.0,0.5767900205644828,0.675406966583712,0.0,0.0,0.0,0.0,0.0,9.0,2.8789371287388246
16.0,1.0,0.0,1.0,0.678101913707345,0.4148060919794175,0.0,0.0,0.0,0.0,0.0,16.0,8.110201734265026
29.0,1.0,0.0,0.0,0.8166559359525419,0.7631344139657464,1.0,0.0,0.0,0.0,0.0,16.0,0.5509348355659537
10.0,0.0,0.0,2.0,1.0583901428432319,0.6455415161515934,1.0,0.0,0.0,0.0,0.0,17.0,6.7961097747347345
12.0,1.0,0.0,1.0,0.765909819492224,0.7667304485591471,1.0,0.0,0.0,0.0,0.0,10.0,8.128545927753208
24.0,0.0,0.0,1.0,0.865818549474441,0.6622363665707953,0.0,0.0,0.0,0.0,0.0,12.0,11.199619670802134
7.0,0.0,0.0,2.0,0.8507065809452116,0.8757666314549039,1.0,0.0,0.0,0.0,0.0,9.0,10.73607766544717
24.0,0.0,0.0,2.0,1.0335015408625214,0.37197205393956345,0.0,0.0,0.0,0.0,0.0,17.0,11.775455342725916
32.0,0.0,0.0,1.0,0.6158224278004553,0.678537475990418,1.0,0.0,0.0,0.0,0.0,9.0,3.7422973720052677
4.0,0.0,1.0,0.0,0.7107490370418963,0.5749604585120274,1.0,1.0,0.0,0.0,0.0,17.0,10.149404207385352
13.0,0.0,0.0,2.0,0.774343535363758,0.49454866741092984,0.0,0.0,0.0,0.0,0.0,16.0,0.7108096149212378
8.0,0.0,0.0,0.0,0.6461001787053123,0.7815282645125228,1.0,0.0,0.0,0.0,0.0,8.0,1.4936799294849854
32.0,0.0,0.0,0.0,0.7212723167028526,0.548373181965359,0.0,0.0,0.0,0.0,0.0,13.0,4.995324867677882
25.0,0.0,0.0,2.0,0.40225930971950324,0.89903950046847,0.0,0.0,0.0,0.0,0.0,15.0,8.474159290409252
22.0,0.0,0.0,0.0,0.8335156396129084,0.395721387917931,0.0,0.0,0.0,0.0,0.0,14.0,7.844205986795437
29.0,0.0,0.0,1.0,0.4198327830746213,0.45151300715387277,0.0,0.0,0.0,0.0,0.0,14.0,8.325636501147388
31.0,0.0,0.0,0.0,0.48649879303941074,0.8237857482097218,1.0,0.0,0.0,0.0,0.0,10.0,6.273805159514718
11.0,0.0,0.0,2.0,0.5772410723310178,0.8479260008228814,0.0,0.0,0.0,0.0,0.0,8.0,8.758991638574038
33.0,0.0,0.0,1.0,0.42436639803278725,0.5931732978558786,0.0,0.0,0.0,0.0,0.0,8.0,4.2242729874991785
29.0,0.0,0.0,2.0,0.8564955088556219,0.9109511744918741,0.0,0.0,0.0,0.0,0.0,17.0,8.95236639505376
16.0,0.0,1.0,1.0,0.8932864577928453,0.5765625758577527,1.0,1.0,0.0,0.0,0.0,16.0,8.334067584148281
21.0,0.0,0.0,1.0,0.5726469195032176,0.738104104780622,1.0,0.0,0.0,0.0,0.0,16.0,10.096854327599571
30.0,0.0,0.0,1.0,0.5179683676345801,0.8496162101529349,1.0,0.0,0.0,0.0,0.0,8.0,10.31313945252655
19.0,0.0,1.0,0.0,0.9471036858654379,0.6796367428654496,1.0,1.0,0.0,0.0,0.0,10.0,2.5674216832383654
30.0,0.0,0.0,2.0,1.0808365112312455,0.5772139470423244,1.0,0.0,0.0,0.0,0.0,15.0,0.6309085023036692
20.0,0.0,0.0,2.0,0.9662809042180817,0.4189814126833426,0.0,0.0,0.0,0.0,0.0,14.0,6.215763429720092
15.0,1.0,0.0,1.0,0.8318540749595832,0.8144478591946217,0.0,0.0,0.0,0.0,0.0,16.0,3.6396450859142084
17.0,0.0,0.0,2.0,0.5081442018913829,0.4067859723562096,0.0,0.0,0.0,0.0,0.0,12.0,4.196393110032106
26.0,0.0,0.0,0.0,0.7356469708285289,0.7088010122950401,1.0,0.0,0.0,0.0,0.0,11.0,8.237714180196823
11.0,1.0,0.0,1.0,0.9094043818790437,0.6952974005749032,0.0,0.0,0.0,0.0,0.0,11.0,9.285471239395521
31.0,0.0,1.0,0.0,1.0937842736284897,0.8895832959688204,1.0,1.0,0.0,0.0,0.0,15.0,9.158776299634978
27.0,0.0,0.0,0.0,1.054938952424475,0.7965984549135402,1.0,0.0,0.0,0.0,0.0,16.0,10.342804357584548
10.0,0.0,0.0,1.0,0.8418329806892839,0.5778159144809258,1.0,0.0,0.0,0.0,0.0,9.0,9.883802104868218
26.0,1.0,0.0,0.0,1.062287041815148,0.4637371711215279,0.0,0.0,0.0,0.0,0.0,14.0,10.015028301249815
23.0,0.0,0.0,0.0,0.920276287938661,0.37222714372288557,0.0,0.0,0.0,0.0,0.0,9.0,9.715719238331774
26.0,1.0,0.0,1.0,0.941697744517241,0.3595284121069786,1.0,0.0,0.0,0.0,0.0,14.0,6.4937860815603505
29.0,0.0,1.0,1.0,0.8467347839153518,0.8285873510755607,0.0,1.0,0.0,0.0,0.0,16.0,0.2967558551591119
3.0,0.0,1.0,2.0,0.8374038936530241,0.856652029189827,0.0,1.0,0.0,0.0,0.0,12.0,2.7516774986725894
17.0,0.0,0.0,2.0,0.6384202967013193,0.7574118279714412,0.0,0.0,0.0,0.0,0.0,11.0,2.8988767679019767
19.0,1.0,0.0,2.0,1.0831287443845088,0.4451064121616712,0.0,0.0,0.0,0.0,0.0,16.0,4.117003384544711
2.0,0.0,0.0,0.0,0.8569837909493199,0.6930985243959962,0.0,0.0,0.0,0.0,0.0,15.0,3.082319698561147
26.0,0.0,0.0,1.0,0.9151506486466673,0.6171622124029948,0.0,0.0,0.0,0.0,0.0,11.0,1.4246073489994797
22.0,0.0,0.0,1.0,0.45264688524828883,0.8976872225871677,1.0,0.0,0.0,0.0,0.0,12.0,4.499492849735309
26.0,0.0,0.0,2.0,0.40235910054385304,0.403945533515198,0.0,0.0,0.0,0.0,0.0,13.0,6.682000072911855
28.0,1.0,0.0,1.0,0.5637757651573078,0.48567803717158814,0.0,0.0,0.0,0.0,0.0,15.0,3.72793376773473
18.0,0.0,0.0,2.0,0.48324473259179496,0.585372014597661,0.0,0.0,0.0,0.0,0.0,13.0,11.83892551327154
27.0,0.0,0.0,2.0,1.066536647286632,0.6638799265653568,0.0,0.0,0.0,0.0,0.0,8.0,10.959546069569255
34.0,0.0,0.0,0.0,0.7763425270311302,0.7689319425956,0.0,0.0,0.0,0.0,0.0,17.0,8.6414986754295
27.0,1.0,0.0,1.0,0.6525591505540533,0.8794059589782741,0.0,0.0,0.0,0.0,0.0,17.0,3.694644429764144
10.0,1.0,0.0,2.0,0.9955409726984158,0.6413013451721221,1.0,0.0,0.0,0.0,0.0,8.0,6.5146249264156175
10.0,0.0,0.0,1.0,0.9859393151046482,0.5582246139105238,1.0,0.0,0.0,0.0,0.0,11.0,8.814095643498673
8.0,0.0,0.0,0.0,0.8084068165148859,0.7880687631473962,1.0,0.0,0.0,0.0,0.0,11.0,3.9759777419568785
7.0,0.0,0.0,1.0,0.8492930964547895,0.6195164904662335,1.0,0.0,0.0,0.0,0.0,10.0,7.96765364547868
20.0,1.0,0.0,0.0,0.4432719517101148,0.5214854117919122,1.0,0.0,0.0,0.0,0.0,14.0,0.6204018169407076
28.0,0.0,0.0,2.0,1.0263200923625866,0.37522237063165736,0.0,0.0,0.0,0.0,0.0,15.0,11.608646075074871
30.0,0.0,0.0,1.0,0.679766826249149,0.8988774660453082,0.0,0.0,0.0,0.0,0.0,10.0,8.491773258388179
29.0,0.0,1.0,0.0,0.6034350214379327,0.8906438808854439,0.0,1.0,0.0,0.0,0.0,8.0,3.7110255863571577
4.0,0.0,0.0,2.0,0.9751401463944728,0.5213604964602279,1.0,0.0,0.0,0.0,0.0,12.0,1.4771462105043154
21.0,0.0,0.0,0.0,0.8670334683250156,0.4071173835164719,1.0,0.0,0.0,0.0,0.0,16.0,11.453093647018832
2.0,1.0,0.0,2.0,0.9155762419052398,0.5510295358369235,1.0,0.0,0.0,0.0,0.0,13.0,2.9304593617413794
16.0,0.0,0.0,1.0,0.5420092392742333,0.5073952790518351,1.0,0.0,0.0,0.0,0.0,16.0,6.552408043552631
13.0,0.0,1.0,1.0,0.8145322224629101,0.40207274601955767,1.0,1.0,0.0,0.0,0.0,11.0,11.844683470221124
22.0,0.0,0.0,0.0,0.8884507324548564,0.7149731012445397,1.0,0.0,0.0,0.0,0.0,11.0,1.1877778756340311
28.0,1.0,0.0,1.0,0.4549786716411222,0.7997973218285419,0.0,0.0,0.0,0.0,0.0,8.0,9.615966334795116
29.0,0.0,0.0,0.0,0.632225283690007,0.5769442339255348,0.0,0.0,0.0,0.0,0.0,12.0,5.615691391411263
10.0,0.0,0.0,2.0,1.0586622659080407,0.5719923227825612,0.0,0.0,0.0,0.0,0.0,8.0,9.258269325745985
8.0,0.0,0.0,2.0,1.0455310979096872,0.9403732138635723,1.0,0.0,0.0,0.0,0.0,11.0,10.294487930991316
2.0,1.0,0.0,1.0,0.8641917566384268,0.8871940528011826,0.0,0.0,0.0,0.0,0.0,11.0,2.9415611120392287
3.0,0.0,0.0,1.0,0.4013088253742441,0.3677890944938758,0.0,0.0,0.0,0.0,0.0,8.0,10.691430871742075
2.0,0.0,0.0,1.0,0.7588897225524894,0.5112282415958246,0.0,0.0,0.0,0.0,0.0,15.0,2.919313726271784
2.0,0.0,0.0,0.0,0.9176705690027546,0.5800343712465453,0.0,0.0,0.0,0.0,0.0,12.0,4.001990333322057
11.0,0.0,0.0,0.0,0.6957616822191969,0.6707224132762132,0.0,0.0,0.0,0.0,0.0,10.0,4.697685343826994
19.0,0.0,0.0,2.0,0.7053864761182206,0.66172532828026,0.0,0.0,0.0,0.0,0.0,10.0,11.88758041137547
6.0,1.0,0.0,0.0,0.738097977887411,0.5393896800817453,0.0,0.0,0.0,0.0,0.0,10.0,0.9076836075547359
5.0,0.0,0.0,0.0,0.45221046219563793,0.48299903285584866,0.0,0.0,0.0,0.0,0.0,13.0,9.893556857607738
27.0,0.0,0.0,0.0,0.5954974924863202,0.5369310576919393,0.0,0.0,0.0,0.0,0.0,8.0,11.202809096489258
29.0,0.0,0.0,1.0,0.6114298241922994,0.4060908323887378,0.0,0.0,0.0,0.0,0.0,9.0,9.150250640344455
33.0,0.0,0.0,1.0,0.6048659904539124,0.8748769673068991,1.0,0.0,0.0,0.0,0.0,12.0,3.192360252765399
11.0,0.0,1.0,0.0,0.5901624127120431,0.7579803093201745,0.0,1.0,0.0,0.0,0.0,11.0,8.471214777528216
7.0,0.0,0.0,1.0,0.5267416538332184,0.5784632101260343,1.0,0.0,0.0,0.0,0.0,12.0,9.785638543471277
33.0,1.0,0.0,0.0,0.7851159589885738,0.612163113178433,0.0,0.0,0.0,0.0,0.0,10.0,9.047736139842616
31.0,0.0,0.0,1.0,1.0886723546101649,0.947081512188202,1.0,0.0,0.0,0.0,0.0,12.0,2.590696441491917
6.0,0.0,1.0,1.0,0.6762226063816239,0.41045797210012275,0.0,1.0,0.0,0.0,0.0,8.0,8.333043925381004
34.0,0.0,0.0,1.0,0.9527873668513039,0.5231711766998705,0.0,0.0,0.0,0.0,0.0,12.0,3.128358204548756
11.0,0.0,0.0,2.0,1.073972256623136,0.38507190528562657,1.0,0.0,0.0,0.0,0.0,14.0,9.501106973754672
25.0,0.0,0.0,0.0,1.0662883072715046,0.8848105045367554,0.0,0.0,0.0,0.0,0.0,14.0,3.7891025783509824
28.0,0.0,1.0,0.0,0.7266108964175291,0.600051624716955,0.0,1.0,0.0,0.0,0.0,16.0,6.156342254958771
9.0,1.0,0.0,2.0,0.42658341068242056,0.7278604648265296,1.0,0.0,0.0,0.0,0.0,14.0,9.223953408666102
21.0,1.0,0.0,1.0,0.7873817706580442,0.7435560184689504,0.0,0.0,0.0,0.0,0.0,15.0,3.172686010486476
11.0,0.0,0.0,1.0,0.8733838521717636,0.6149795829967695,0.0,0.0,0.0,0.0,0.0,10.0,4.129040703733638
33.0,0.0,0.0,2.0,0.887891432014161,0.4325228478074939,0.0,0.0,0.0,0.0,0.0,17.0,3.430297999555742
4.0,0.0,0.0,2.0,0.8065630358157946,0.3814501900900685,1.0,0.0,0.0,0.0,0.0,11.0,1.1820810110957158
20.0,0.0,0.0,0.0,0.9729822071753826,0.39170474529502175,0.0,0.0,0.0,0.0,0.0,10.0,9.784856819827281
10.0,0.0,0.0,2.0,1.0594238274170167,0.4157224901228738,1.0,0.0,0.0,0.0,0.0,12.0,11.106553311669048
2.0,0.0,1.0,1.0,0.922167447522014,0.6277175002038125,1.0,1.0,0.0,0.0,0.0,17.0,6.668130952645073
16.0,0.0,1.0,1.0,1.0321674128630263,0.5124879650092885,1.0,1.0,0.0,0.0,0.0,8.0,11.645548182200892
15.0,1.0,0.0,0.0,0.60665007598373,0.7821294885511589,0.0,0.0,0.0,0.0,0.0,17.0,0.9246116219170546
18.0,0.0,0.0,2.0,0.7312434250396926,0.9489797235975286,0.0,0.0,0.0,0.0,0.0,12.0,3.985227555574566
24.0,0.0,0.0,2.0,0.9514310812595165,0.4955173249357696,0.0,0.0,0.0,0.0,0.0,8.0,11.414814275521305
25.0,0.0,0.0,1.0,0.947358796057699,0.4254947989199219,1.0,0.0,0.0,0.0,0.0,15.0,7.194616822179446
24.0,0.0,0.0,1.0,0.5613866811821197,0.35608369139984797,0.0,0.0,0.0,0.0,0.0,14.0,5.455979358551811
25.0,1.0,0.0,0.0,0.6286009189499403,0.545864501710196,1.0,0.0,0.0,0.0,0.0,11.0,7.261831928025219
21.0,0.0,1.0,0.0,0.7202819309455802,0.6013061214431624,0.0,1.0,0.0,0.0,0.0,15.0,4.839450424339256
20.0,0.0,0.0,2.0,0.698908091447019,0.4783351444261468,1.0,0.0,0.0,0.0,0.0,13.0,4.608260378619142
20.0,0.0,0.0,0.0,0.6780572136771394,0.38159932316003514,1.0,0.0,0.0,0.0,0.0,15.0,4.012029790541038
3.0,0.0,0.0,0.0,0.5400646474801262,0.8037787063659725,1.0,0.0,0.0,0.0,0.0,17.0,11.394902978275535
8.0,0.0,0.0,1.0,0.894009674029549,0.8934784315535438,1.0,0.0,0.0,0.0,0.0,17.0,6.2031322232270725
28.0,0.0,0.0,1.0,0.46479210364399864,0.7448155313619542,0.0,0.0,0.0,0.0,0.0,15.0,5.871037962482949
10.0,0.0,0.0,1.0,1.0620713270042696,0.3746498043988341,0.0,0.0,0.0,0.0,0.0,8.0,11.647077933113623
5.0,0.0,0.0,2.0,0.4897013090200687,0.577916156076685,1.0,0.0,0.0,0.0,0.0,11.0,10.846813160721023
22.0,0.0,0.0,0.0,0.9354137588240286,0.42232498788756445,1.0,0.0,0.0,0.0,0.0,15.0,4.168491074428286
14.0,0.0,1.0,0.0,0.8980421749863902,0.5610690125349546,1.0,1.0,0.0,0.0,0.0,12.0,4.778753875199882
14.0,1.0,0.0,2.0,0.8309391577556912,0.7237127733525999,1.0,0.0,0.0,0.0,0.0,13.0,6.389544875311889
32.0,0.0,0.0,0.0,0.9551161351223412,0.8160576864720956,0.0,0.0,0.0,0.0,0.0,17.0,9.750823255309587
18.0,0.0,0.0,2.0,1.0884213784571823,0.7653546235948404,1.0,0.0,0.0,0.0,0.0,11.0,1.1079173771366404
23.0,0.0,0.0,0.0,0.41100864329201,0.3735505667394517,0.0,0.0,0.0,0.0,0.0,10.0,6.584666543868538
11.0,0.0,1.0,1.0,0.8399113587519721,0.5655200523216306,0.0,1.0,0.0,0.0,0.0,16.0,7.67489109090894
8.0,0.0,1.0,2.0,0.8647271033318967,0.8045023652181811,1.0,1.0,0.0,0.0,0.0,13.0,2.987055987885606
26.0,0.0,0.0,0.0,0.919466307229867,0.429649661970226,0.0,0.0,0.0,0.0,0.0,13.0,8.346182084904955
31.0,1.0,0.0,1.0,0.9502399310280604,0.9114527078305418,1.0,0.0,0.0,0.0,0.0,12.0,6.2511591549060785
11.0,0.0,0.0,0.0,0.7709749671812288,0.7428663215282505,0.0,0.0,0.0,0.0,0.0,11.0,4.686291034477518
17.0,0.0,1.0,1.0,0.6149183437404657,0.9006865858847598,1.0,1.0,0.0,0.0,0.0,14.0,3.4727793361812638
5.0,0.0,0.0,2.0,0.4204388266288929,0.7422909778108373,0.0,0.0,0.0,0.0,0.0,10.0,0.9314966362651439
19.0,0.0,0.0,1.0,0.7641087246946181,0.9375750716949088,1.0,0.0,0.0,0.0,0.0,12.0,3.2635532922229515
32.0,0.0,0.0,2.0,0.8402684145780368,0.39981474680018414,0.0,0.0,0.0,0.0,0.0,15.0,9.310306212862658
10.0,0.0,0.0,0.0,0.48037675953630554,0.545161911961218,1.0,0.0,0.0,0.0,0.0,8.0,2.296833091163689
32.0,0.0,0.0,2.0,0.7711058141495144,0.6962891246150229,0.0,0.0,0.0,0.0,0.0,9.0,7.2282085055829866
14.0,0.0,0.0,0.0,0.4260562456513367,0.4724624090866058,1.0,0.0,0.0,0.0,0.0,13.0,1.7705335112546472
12.0,0.0,0.0,0.0,0.46778529793214435,0.8616430749626176,1.0,0.0,0.0,0.0,0.0,13.0,1.0449607309215825
19.0,0.0,1.0,1.0,0.8497030343402653,0.8230016464382898,1.0,1.0,0.0,0.0,0.0,13.0,9.491378803359932
21.0,0.0,0.0,0.0,0.8846363453604476,0.49331589341346554,1.0,0.0,0.0,0.0,0.0,13.0,2.3978314200379036
22.0,1.0,0.0,0.0,0.5450742326258919,0.3929460866530984,1.0,0.0,0.0,0.0,0.0,13.0,1.7242807962486297
5.0,0.0,0.0,2.0,0.6202428526428851,0.6859610086521691,0.0,0.0,0.0,0.0,0.0,16.0,11.138641236084473
6.0,0.0,0.0,2.0,1.073241436558088,0.6974691859460527,0.0,0.0,0.0,0.0,0.0,16.0,11.48476815795239
17.0,1.0,0.0,2.0,0.8397433299039464,0.9454640149623745,1.0,0.0,0.0,0.0,0.0,8.0,5.897692258002954
30.0,1.0,0.0,2.0,0.43450257126427033,0.638592120595948,1.0,0.0,0.0,0.0,0.0,8.0,11.989093609341047
10.0,0.0,0.0,2.0,0.43996023531944933,0.5338939756099862,1.0,0.0,0.0,0.0,0.0,17.0,7.518146769950142
2.0,0.0,1.0,1.0,0.523883841344099,0.6976105073948708,0.0,1.0,0.0,0.0,0.0,16.0,1.5353399527279241
18.0,0.0,0.0,0.0,0.7257776854553806,0.7688810837154214,0.0,0.0,0.0,0.0,0.0,13.0,0.8535694090788343
2.0,1.0,0.0,0.0,0.7171442645536458,0.6281287443236808,0.0,0.0,0.0,0.0,0.0,11.0,10.56193939915532
14.0,0.0,0.0,2.0,0.7753624146652756,0.7356148942548626,1.0,0.0,0.0,0.0,0.0,12.0,6.162008446572499
4.0,0.0,0.0,1.0,0.7758764686512708,0.7370329567969667,0.0,0.0,0.0,0.0,0.0,12.0,2.5897093032895886
6.0,0.0,0.0,0.0,0.8600021160274353,0.924845169475736,0.0,0.0,0.0,0.0,0.0,11.0,5.465488588055727
15.0,0.0,0.0,1.0,0.676284208912039,0.6830705510133896,1.0,0.0,0.0,0.0,0.0,9.0,9.924167381344
13.0,1.0,0.0,0.0,0.6440914225012285,0.662640070482794,1.0,0.0,0.0,0.0,0.0,16.0,11.155450631926797
21.0,0.0,0.0,0.0,0.7033494193691681,0.38205551886116224,1.0,0.0,0.0,0.0,0.0,8.0,4.030372975731165
34.0,0.0,0.0,2.0,0.8467571371417467,0.922586478462728,0.0,0.0,0.0,0.0,0.0,15.0,6.465499782763604
4.0,0.0,0.0,2.0,0.4579441579760318,0.4942296280811049,1.0,0.0,0.0,0.0,0.0,12.0,0.6243597250136301
2.0,0.0,1.0,0.0,0.493674684665139,0.7770361960280336,1.0,1.0,0.0,0.0,0.0,15.0,8.23889901367315
14.0,0.0,0.0,0.0,0.900229507252466,0.8854390132413792,1.0,0.0,0.0,0.0,0.0,13.0,4.989713599266446
14.0,0.0,1.0,0.0,0.7406063281657206,0.7417600211954845,1.0,1.0,0.0,0.0,0.0,9.0,6.47003374898646
28.0,0.0,1.0,2.0,0.7275116876300497,0.4127973375800528,0.0,1.0,0.0,0.0,0.0,14.0,10.683035761409396
24.0,0.0,0.0,1.0,1.0625024370552105,0.7774721190528088,0.0,0.0,0.0,0.0,0.0,8.0,5.24200538998776
29.0,1.0,0.0,2.0,0.7336955448896574,0.3769034140354823,1.0,0.0,0.0,0.0,0.0,11.0,6.230259334815801
34.0,1.0,0.0,2.0,0.6265409817858473,0.5354635456500798,1.0,0.0,0.0,0.0,0.0,17.0,3.3744668468773154
5.0,0.0,0.0,2.0,0.474305500473865,0.47626964938716354,1.0,0.0,0.0,0.0,0.0,14.0,11.052724041748325
30.0,1.0,0.0,1.0,0.7579584343159909,0.6202565332008719,1.0,0.0,0.0,0.0,0.0,15.0,4.214222686933715
31.0,0.0,1.0,0.0,0.7705444629131394,0.4131924235804596,1.0,1.0,0.0,0.0,0.0,16.0,10.91693139293489
30.0,0.0,0.0,1.0,0.5831486012322867,0.8833365828677547,1.0,0.0,0.0,0.0,0.0,12.0,0.5314558104704024
28.0,0.0,0.0,2.0,0.5648011196348656,0.42297376325012115,1.0,0.0,0.0,0.0,0.0,17.0,10.303122228274798
28.0,1.0,0.0,1.0,0.9135237710115542,0.6881605803164703,1.0,0.0,0.0,0.0,0.0,17.0,11.060080736800913
23.0,1.0,0.0,1.0,1.0577671770278296,0.6237344880533598,0.0,0.0,0.0,0.0,0.0,12.0,9.125773161283345
12.0,1.0,0.0,2.0,0.9399116867079403,0.8680599855895335,1.0,0.0,0.0,0.0,0.0,14.0,6.3452660218041155
16.0,0.0,0.0,1.0,1.0065016084824074,0.5568706458329613,1.0,0.0,0.0,0.0,0.0,8.0,9.52777215107779
29.0,0.0,1.0,2.0,0.9307682168161296,0.6120444434629218,1.0,1.0,0.0,0.0,0.0,14.0,6.536155638891142
10.0,0.0,1.0,1.0,0.4177987671941576,0.8189090385276708,1.0,1.0,0.0,0.0,0.0,12.0,3.8131498705080205
14.0,0.0,0.0,1.0,0.7848174293827984,0.7954218919081985,1.0,0.0,0.0,0.0,0.0,12.0,6.844883861597599
26.0,1.0,0.0,2.0,0.5710806698298466,0.5472222594316445,0.0,0.0,0.0,0.0,0.0,9.0,1.0690874147435612
3.0,0.0,0.0,0.0,0.7409961272919666,0.58920923865703,0.0,0.0,0.0,0.0,0.0,12.0,10.948951195075077
19.0,0.0,0.0,2.0,1.0744501230867796,0.49284457537526016,1.0,0.0,0.0,0.0,0.0,14.0,10.927809961454619
32.0,1.0,0.0,1.0,0.8256347197346117,0.947410344078356,1.0,0.0,0.0,0.0,0.0,8.0,5.1312414468493746
8.0,0.0,0.0,0.0,1.0109630484400038,0.6015183919002939,1.0,0.0,0.0,0.0,0.0,8.0,2.2137522369980913
7.0,1.0,0.0,0.0,1.007542478890736,0.600085065141213,0.0,0.0,0.0,0.0,0.0,15.0,3.649605377232582
25.0,0.0,0.0,1.0,0.4681604069465412,0.3542486279938952,1.0,0.0,0.0,0.0,0.0,11.0,8.522105069196499
29.0,0.0,0.0,1.0,0.9529358606935162,0.7633250470817471,1.0,0.0,0.0,0.0,0.0,10.0,8.500292626442215
21.0,1.0,0.0,2.0,0.562098713009673,0.44572146256000345,0.0,0.0,0.0,0.0,0.0,9.0,7.411330653947756
10.0,0.0,0.0,0.0,0.7509564800437227,0.8906221508939044,1.0,0.0,0.0,0.0,0.0,13.0,6.288404324394066
2.0,0.0,0.0,2.0,0.7411135329888892,0.6646567752709798,1.0,0.0,0.0,0.0,0.0,11.0,11.907898375316398
24.0,0.0,0.0,2.0,0.9264279316945543,0.7338024442578193,1.0,0.0,0.0,0.0,0.0,16.0,11.989969711854522
4.0,1.0,0.0,2.0,0.7211086419184408,0.6367431333974418,0.0,0.0,0.0,0.0,0.0,16.0,11.595245812329775
32.0,1.0,0.0,0.0,0.6582995798376936,0.9450189592271183,0.0,0.0,0.0,0.0,0.0,16.0,10.116852495924858
16.0,1.0,0.0,2.0,0.7989648551002194,0.8064423519929114,0.0,0.0,0.0,0.0,0.0,8.0,4.890490193733533
3.0,1.0,0.0,2.0,0.4424078446373186,0.9438553692920105,1.0,0.0,0.0,0.0,0.0,12.0,2.560970474820939
7.0,0.0,0.0,1.0,0.7993804558363823,0.8587456640775931,1.0,0.0,0.0,0.0,0.0,14.0,10.168536680750831
4.0,0.0,1.0,1.0,0.6104730204372915,0.9238111117875439,0.0,1.0,0.0,0.0,0.0,11.0,5.627805668285681
21.0,1.0,0.0,1.0,1.0294809368602684,0.3878801512805231,1.0,0.0,0.0,0.0,0.0,15.0,8.069282246467948
8.0,0.0,0.0,0.0,0.7549929704180697,0.9410144790321117,1.0,0.0,0.0,0.0,0.0,8.0,2.5649560682840655
29.0,0.0,0.0,1.0,0.4571175812545872,0.7891557099018368,1.0,0.0,0.0,0.0,0.0,15.0,2.7308570589574375
7.0,0.0,1.0,0.0,0.5623062285271946,0.8601822203891545,1.0,1.0,0.0,0.0,0.0,11.0,8.93943069706453
4.0,1.0,0.0,0.0,0.8458959420869802,0.5267001078100645,0.0,0.0,0.0,0.0,0.0,17.0,7.552737093957045
17.0,0.0,0.0,2.0,0.4296325151234268,0.6206805745780821,1.0,0.0,0.0,0.0,0.0,10.0,9.046530321829708
11.0,1.0,0.0,2.0,0.6946193923490573,0.6050665535604379,1.0,0.0,0.0,0.0,0.0,11.0,10.900806796599275
34.0,0.0,0.0,1.0,0.8740167894182203,0.8834095306798255,1.0,0.0,0.0,0.0,0.0,12.0,9.435143879216144
4.0,0.0,0.0,0.0,0.6044401736817818,0.5034852270467369,1.0,0.0,0.0,0.0,0.0,17.0,11.313953162557164
29.0,0.0,0.0,2.0,0.4144292297237123,0.6366301400573761,1.0,0.0,0.0,0.0,0.0,14.0,10.3041092283868
7.0,0.0,0.0,0.0,0.6866539086161753,0.46122469951312717,1.0,0.0,0.0,0.0,0.0,16.0,5.918881839474806
32.0,0.0,0.0,0.0,0.5761517091299198,0.44991455874234054,1.0,0.0,0.0,0.0,0.0,12.0,4.916714950554782
30.0,0.0,0.0,1.0,0.48338724034617764,0.8111021156812882,0.0,0.0,0.0,0.0,0.0,11.0,3.8500319504201483
7.0,0.0,0.0,2.0,0.8970254074878762,0.8437152056263569,1.0,0.0,0.0,0.0,0.0,11.0,5.354166906775208
32.0,0.0,0.0,1.0,0.6152702022076185,0.7993552701374512,0.0,0.0,0.0,0.0,0.0,15.0,9.621752071904329
22.0,0.0,0.0,2.0,0.5276718988559569,0.8628402083202934,0.0,0.0,0.0,0.0,0.0,8.0,9.832133970475796
16.0,0.0,1.0,0.0,0.6330364679964673,0.8755150021935951,0.0,1.0,0.0,0.0,0.0,13.0,0.9615617103124322
27.0,1.0,0.0,0.0,0.5264664418137478,0.655992083296129,0.0,0.0,0.0,0.0,0.0,11.0,3.0629018859585493
12.0,0.0,0.0,0.0,0.6780032175644835,0.4521706835770729,0.0,0.0,0.0,0.0,0.0,13.0,3.54602864497526
12.0,0.0,1.0,1.0,0.7256542013997648,0.6892646661439724,1.0,1.0,0.0,0.0,0.0,16.0,9.50203469416736
8.0,1.0,0.0,1.0,0.8783428825593098,0.5522635903560656,0.0,0.0,0.0,0.0,0.0,12.0,4.497173569510958
3.0,1.0,0.0,1.0,0.5670092598921015,0.46853242211280266,1.0,0.0,0.0,0.0,0.0,10.0,7.3947111491961754
5.0,0.0,0.0,2.0,0.5286427121541414,0.3805231966676366,1.0,0.0,0.0,0.0,0.0,13.0,1.4970673051774441
21.0,0.0,1.0,0.0,0.778412796206676,0.5437538124575544,0.0,1.0,0.0,0.0,0.0,11.0,2.40557593202928
6.0,1.0,0.0,2.0,0.7256883061671584,0.8754623269676555,0.0,0.0,0.0,0.0,0.0,14.0,11.50433871613341
17.0,0.0,0.0,1.0,0.9220933987761435,0.8269164533172829,0.0,0.0,0.0,0.0,0.0,11.0,3.975570241467706
3.0,0.0,0.0,0.0,0.5889752797007135,0.7784775148352187,1.0,0.0,0.0,0.0,0.0,9.0,8.070935888471517
4.0,0.0,0.0,1.0,0.8856222286640807,0.6416512656698737,1.0,0.0,0.0,0.0,0.0,10.0,9.462798239475536
3.0,0.0,0.0,2.0,0.9297297273573251,0.5509158338381627,0.0,0.0,0.0,0.0,0.0,17.0,10.096854433224719
26.0,1.0,0.0,1.0,0.6711557720751733,0.5454526609493382,1.0,0.0,0.0,0.0,0.0,9.0,0.490374763928154
8.0,0.0,0.0,1.0,0.5556660509247732,0.6754082739432535,1.0,0.0,0.0,0.0,0.0,13.0,6.266562571513188
16.0,1.0,0.0,1.0,0.5022149313190123,0.46386784853180457,1.0,0.0,0.0,0.0,0.0,15.0,0.2200367804589779
14.0,0.0,1.0,1.0,0.4207464836891654,0.9015019457077139,1.0,1.0,0.0,0.0,0.0,16.0,8.371138727084997
14.0,0.0,0.0,0.0,1.0992603028767651,0.5451484124667527,1.0,0.0,0.0,0.0,0.0,15.0,2.6024006096134755
30.0,0.0,0.0,1.0,1.0482805262458301,0.8179628714703413,0.0,0.0,0.0,0.0,0.0,11.0,1.3099771382413166
29.0,0.0,0.0,0.0,1.046746420455247,0.3781609560901583,0.0,0.0,0.0,0.0,0.0,16.0,5.408727703990074
25.0,0.0,0.0,0.0,0.8059327754527572,0.542465150711425,0.0,0.0,0.0,0.0,0.0,8.0,4.4973480568084065
30.0,0.0,1.0,2.0,1.0262076447605482,0.5219280972492394,1.0,1.0,0.0,0.0,0.0,9.0,10.527569190511345
13.0,0.0,1.0,0.0,0.7968615995339253,0.5112085372143381,1.0,1.0,0.0,0.0,0.0,8.0,1.29486816832269
13.0,0.0,0.0,0.0,0.7934067170782582,0.48361759035278795,1.0,0.0,0.0,0.0,0.0,11.0,8.310251782218389
32.0,0.0,1.0,0.0,0.7222442096709906,0.5106611287336377,1.0,1.0,0.0,0.0,0.0,11.0,10.095781644563198
10.0,1.0,0.0,1.0,0.6086575800577037,0.7425816647738438,0.0,0.0,0.0,0.0,0.0,14.0,10.19297212352419
12.0,0.0,0.0,0.0,0.5632998303133536,0.6589861948910033,1.0,0.0,0.0,0.0,0.0,8.0,5.739200251461491
33.0,1.0,0.0,0.0,0.6604817661497956,0.6679509807999764,1.0,0.0,0.0,0.0,0.0,14.0,7.517330718752264
29.0,0.0,1.0,1.0,0.9968356966687185,0.38613903607718725,1.0,1.0,0.0,0.0,0.0,8.0,3.470172621109164
26.0,1.0,0.0,1.0,1.065456580410144,0.7300823000532309,0.0,0.0,0.0,0.0,0.0,11.0,7.1172657122572165
4.0,0.0,1.0,1.0,0.614665584164791,0.4053540983784657,1.0,1.0,0.0,0.0,0.0,9.0,8.426653012743719
16.0,0.0,0.0,0.0,1.0135536805394507,0.7355596821461672,1.0,0.0,0.0,0.0,0.0,8.0,2.3926028997110524
23.0,1.0,0.0,0.0,0.9980475659323875,0.6209831702758464,1.0,0.0,0.0,0.0,0.0,9.0,2.182151749410943
4.0,0.0,1.0,2.0,0.7948326070210553,0.5366931549479627,0.0,1.0,0.0,0.0,0.0,9.0,1.1118131406284735
18.0,0.0,0.0,1.0,0.5236966834039376,0.6914128870428269,0.0,0.0,0.0,0.0,0.0,8.0,7.261356566241038
25.0,0.0,1.0,0.0,0.8306268247754277,0.5347801286182629,0.0,1.0,0.0,0.0,0.0,11.0,5.285471635380233
28.0,0.0,0.0,1.0,1.045996960026677,0.8248182911276141,1.0,0.0,0.0,0.0,0.0,15.0,6.882090695186952
34.0,0.0,0.0,0.0,0.9008853299430861,0.7588097462960317,1.0,0.0,0.0,0.0,0.0,12.0,7.83213226144404
27.0,1.0,0.0,2.0,0.7947921005166789,0.8771456843728084,0.0,0.0,0.0,0.0,0.0,8.0,0.45235154502605446
25.0,0.0,0.0,2.0,0.7103455179046556,0.5645166585126306,0.0,0.0,0.0,0.0,0.0,16.0,5.221024899095008
34.0,0.0,0.0,2.0,0.9791578329577445,0.7122729092552694,1.0,0.0,0.0,0.0,0.0,11.0,9.455009575945839
17.0,0.0,0.0,2.0,0.5210552964626536,0.576752408862517,1.0,0.0,0.0,0.0,0.0,11.0,0.720936484171957
10.0,0.0,0.0,1.0,0.5302163740839654,0.7052975126521042,1.0,0.0,0.0,0.0,0.0,8.0,3.2408509048586223
3.0,0.0,0.0,2.0,0.5056890692231913,0.883159491265987,1.0,0.0,0.0,0.0,0.0,12.0,9.241574044258813
5.0,0.0,0.0,1.0,0.7189964080266616,0.7629098246076822,1.0,0.0,0.0,0.0,0.0,10.0,6.236686260735797
4.0,0.0,0.0,2.0,0.6668389519200343,0.6324571450665013,1.0,0.0,0.0,0.0,0.0,8.0,6.744975604614222
6.0,0.0,0.0,0.0,0.616854489187971,0.9435821162923334,1.0,0.0,0.0,0.0,0.0,9.0,0.24203016983950384
13.0,0.0,0.0,2.0,0.4214795415415068,0.7031705568985626,1.0,0.0,0.0,0.0,0.0,10.0,6.619655875206235
13.0,0.0,0.0,1.0,1.075748569040782,0.9296154394616015,0.0,0.0,0.0,0.0,0.0,11.0,1.6905949189573974
18.0,0.0,1.0,2.0,0.926597165057325,0.6121904275695643,0.0,1.0,0.0,0.0,0.0,15.0,3.8146184359571285
24.0,1.0,0.0,0.0,0.5556876676733326,0.9351561335021036,1.0,0.0,0.0,0.0,0.0,12.0,8.294171756319782
5.0,0.0,0.0,2.0,0.6185882332680999,0.7300698760508865,1.0,0.0,0.0,0.0,0.0,11.0,1.7481962323362854
32.0,1.0,0.0,0.0,0.5778896877826478,0.9238610097295994,1.0,0.0,0.0,0.0,0.0,12.0,1.6250823206227356
18.0,0.0,0.0,0.0,0.8178132828117406,0.7880096260993029,1.0,0.0,0.0,0.0,0.0,17.0,9.097373668953892
9.0,0.0,1.0,2.0,0.574992537283565,0.7349839999652873,0.0,1.0,0.0,0.0,0.0,8.0,5.57534460416604
14.0,0.0,0.0,2.0,1.0324576137892896,0.8429743108385119,0.0,0.0,0.0,0.0,0.0,12.0,5.28422896802373
19.0,0.0,0.0,1.0,0.42856536169418874,0.7759500720739319,1.0,0.0,0.0,0.0,0.0,9.0,0.9184528642037454
6.0,0.0,0.0,1.0,0.7612320041104663,0.7687516689009152,1.0,0.0,0.0,0.0,0.0,10.0,7.826674449794962
2.0,1.0,0.0,2.0,0.7177203307168791,0.8432055277609541,0.0,0.0,0.0,0.0,0.0,13.0,9.540197468143088
16.0,0.0,0.0,0.0,0.8333591672561365,0.9258964900681459,0.0,0.0,0.0,0.0,0.0,8.0,1.2848168869643237
2.0,0.0,0.0,1.0,0.4907081010872331,0.6179972035790035,0.0,0.0,0.0,0.0,0.0,17.0,1.5125728228575668
22.0,1.0,0.0,1.0,0.7157834810897218,0.4964235312584576,1.0,0.0,0.0,0.0,0.0,14.0,11.827399968422545
2.0,0.0,0.0,2.0,0.8724672680172735,0.8104795676397235,1.0,0.0,0.0,0.0,0.0,12.0,10.493678345157301
6.0,1.0,0.0,0.0,0.5047559774766002,0.6633964633658047,0.0,0.0,0.0,0.0,0.0,15.0,4.6060983375976745
5.0,0.0,0.0,0.0,0.7670277390586596,0.6562147752284349,1.0,0.0,0.0,0.0,0.0,15.0,4.687581332604238
17.0,1.0,0.0,2.0,0.5155918927573037,0.8453144790530686,0.0,0.0,0.0,0.0,0.0,15.0,6.756880772727227
6.0,0.0,0.0,0.0,0.5046952411002578,0.6789950285469848,1.0,0.0,0.0,0.0,0.0,9.0,6.501468914929848
17.0,0.0,0.0,0.0,1.0495874114844774,0.46833115643894885,0.0,0.0,0.0,0.0,0.0,12.0,3.836427615845871
27.0,0.0,0.0,1.0,0.5827248332997382,0.635298313816028,1.0,0.0,0.0,0.0,0.0,9.0,9.471352656859956
17.0,0.0,1.0,0.0,0.6095589106544972,0.8412788838936601,0.0,1.0,0.0,0.0,0.0,16.0,8.007922561359713
17.0,0.0,1.0,1.0,0.9599411410834692,0.8618310167127609,0.0,1.0,0.0,0.0,0.0,16.0,9.736533675904463
14.0,1.0,0.0,1.0,0.7149676239288454,0.6709029994348397,0.0,0.0,0.0,0.0,0.0,15.0,9.609506906178101
19.0,0.0,0.0,1.0,0.5127094814593417,0.8004191191656219,0.0,0.0,0.0,0.0,0.0,8.0,8.388433983761901
24.0,1.0,0.0,2.0,0.9162101888253954,0.44852570797170876,1.0,0.0,0.0,0.0,0.0,14.0,8.804400316383752
30.0,0.0,0.0,1.0,0.7382470741671469,0.3801478126079113,1.0,0.0,0.0,0.0,0.0,13.0,0.6942550759107204
2.0,0.0,0.0,0.0,0.6747554320023613,0.8798655949198722,1.0,0.0,0.0,0.0,0.0,11.0,4.282530336883405
23.0,0.0,0.0,1.0,0.6343784003540843,0.7234446014254476,1.0,0.0,0.0,0.0,0.0,15.0,6.089601675870979
25.0,0.0,1.0,2.0,0.948473649897818,0.36454554931788047,0.0,1.0,0.0,0.0,0.0,13.0,0.23792701862808574
18.0,0.0,0.0,2.0,0.9240302422547941,0.8841825713584621,0.0,0.0,0.0,0.0,0.0,15.0,11.912202498712562
20.0,1.0,0.0,2.0,0.812163820979474,0.7730663163579221,0.0,0.0,0.0,0.0,0.0,12.0,10.683669646204766
11.0,0.0,0.0,2.0,0.9550731377345917,0.47773830222347874,0.0,0.0,0.0,0.0,0.0,10.0,8.289851539481564
3.0,0.0,0.0,2.0,0.4715435441495914,0.7469115480656981,0.0,0.0,0.0,0.0,0.0,15.0,6.357854221139747
18.0,0.0,0.0,0.0,0.6370101477624686,0.7855061152247766,1.0,0.0,0.0,0.0,0.0,17.0,7.968520963371583
2.0,0.0,0.0,1.0,1.0230375135274992,0.5377067604743068,1.0,0.0,0.0,0.0,0.0,10.0,10.523235782838874
12.0,0.0,0.0,1.0,0.9815886647923133,0.5517578173195219,0.0,0.0,0.0,0.0,0.0,13.0,11.495964688095185
7.0,0.0,1.0,1.0,0.6991781797423695,0.39791198338728695,0.0,1.0,0.0,0.0,0.0,14.0,2.703648993596157
26.0,0.0,0.0,2.0,0.5373930642753522,0.7514000091261268,1.0,0.0,0.0,0.0,0.0,15.0,5.921764053618387
12.0,0.0,0.0,1.0,0.5821881476872015,0.8443087835753622,1.0,0.0,0.0,0.0,0.0,15.0,0.8666132602884328
21.0,0.0,1.0,0.0,0.9372031664538311,0.8529056339858113,0.0,1.0,0.0,0.0,0.0,13.0,11.302655694677831
6.0,0.0,0.0,1.0,0.7842614816276723,0.45747502829058345,1.0,0.0,0.0,0.0,0.0,16.0,1.5384953902943728
6.0,0.0,1.0,0.0,1.0123278598155463,0.7331111931727412,0.0,1.0,0.0,0.0,0.0,8.0,9.00378081528804
8.0,0.0,0.0,1.0,0.47920526205275155,0.6589982429102972,1.0,0.0,0.0,0.0,0.0,17.0,1.9903917642506934
24.0,1.0,0.0,1.0,0.6114174227095521,0.522651806845284,1.0,0.0,0.0,0.0,0.0,13.0,5.619683332618748
29.0,0.0,0.0,1.0,0.626055536207073,0.4846772229368263,1.0,0.0,0.0,0.0,0.0,9.0,7.002289617702814
9.0,0.0,1.0,1.0,0.7620107621722018,0.5724001228933874,1.0,1.0,0.0,0.0,0.0,15.0,4.424388192005563
3.0,1.0,0.0,1.0,0.7259676973320189,0.8144556045616518,0.0,0.0,0.0,0.0,0.0,15.0,5.0515601635558385
17.0,0.0,0.0,1.0,0.5801507118464855,0.3544046391398431,1.0,0.0,0.0,0.0,0.0,14.0,5.770101262968719
32.0,0.0,1.0,0.0,1.020740501237869,0.8619312628565149,1.0,1.0,0.0,0.0,0.0,10.0,7.4316221357099534
13.0,0.0,0.0,2.0,0.6795694947915523,0.6581465408236182,0.0,0.0,0.0,0.0,0.0,17.0,2.4610362810275412
18.0,0.0,0.0,0.0,0.7406689851535265,0.8327863579229113,0.0,0.0,0.0,0.0,0.0,13.0,0.5675200673301216
11.0,0.0,1.0,0.0,1.0610431977392858,0.845395545638298,0.0,1.0,0.0,0.0,0.0,14.0,1.6733987877074863
7.0,0.0,0.0,1.0,0.6268250704147037,0.3675092990400496,0.0,0.0,0.0,0.0,0.0,14.0,9.064738170796685
24.0,0.0,1.0,0.0,0.4998397547955958,0.796475116431192,0.0,1.0,0.0,0.0,0.0,13.0,4.032660515481576
19.0,1.0,0.0,1.0,0.5804749447890674,0.6210598302995871,0.0,0.0,0.0,0.0,0.0,8.0,3.5478587329363958
18.0,0.0,1.0,1.0,1.031323254869631,0.5489119503605463,1.0,1.0,0.0,0.0,0.0,16.0,0.32726221044596554
31.0,0.0,1.0,2.0,0.4149460039478135,0.4984368811091082,0.0,1.0,0.0,0.0,0.0,17.0,9.78619152964171
19.0,0.0,0.0,1.0,0.4423204337488687,0.4705436665929189,1.0,0.0,0.0,0.0,0.0,17.0,1.2108343090516749
5.0,0.0,0.0,2.0,0.5296023681419545,0.46937328490505564,0.0,0.0,0.0,0.0,0.0,13.0,5.776734918258346
20.0,0.0,0.0,1.0,0.4558373864783155,0.42197647623666,0.0,0.0,0.0,0.0,0.0,11.0,3.4666687493697044
5.0,1.0,0.0,1.0,1.0799637323818019,0.5702966853204938,0.0,0.0,0.0,0.0,0.0,14.0,7.173606388505082
20.0,0.0,0.0,1.0,0.4623832769987765,0.7031054041950785,1.0,0.0,0.0,0.0,0.0,11.0,6.052467258799748
15.0,0.0,0.0,1.0,0.9564437521075461,0.5717380538617407,0.0,0.0,0.0,0.0,0.0,17.0,8.268001308028179
10.0,0.0,1.0,0.0,0.7151596266912238,0.8410776811536103,0.0,1.0,0.0,0.0,0.0,11.0,6.98534087687577
23.0,0.0,1.0,2.0,1.0688461022084705,0.8904427470298325,0.0,1.0,0.0,0.0,0.0,13.0,6.881852974084005
26.0,0.0,0.0,0.0,0.6260361235049056,0.5134102644097814,1.0,0.0,0.0,0.0,0.0,16.0,3.5852577895571964
14.0,0.0,0.0,2.0,0.4196396978563268,0.6844750908563827,1.0,0.0,0.0,0.0,0.0,12.0,10.848967697357903
6.0,0.0,0.0,2.0,0.529191323730619,0.8136148424494173,0.0,0.0,0.0,0.0,0.0,12.0,2.0827952032397796
21.0,0.0,0.0,0.0,0.7144747223901305,0.5239098187195557,1.0,0.0,0.0,0.0,0.0,15.0,6.811741464295171
2.0,0.0,0.0,0.0,0.5478757737445126,0.6881620473969041,1.0,0.0,0.0,0.0,0.0,9.0,8.078626059749265
10.0,1.0,0.0,1.0,0.9453992014755693,0.41491747482091434,0.0,0.0,0.0,0.0,0.0,14.0,5.274828844552645
29.0,0.0,0.0,0.0,0.766432428872299,0.5164201768017959,0.0,0.0,0.0,0.0,0.0,14.0,7.613392644938704
19.0,0.0,0.0,2.0,0.9490369473946014,0.46782104056633195,0.0,0.0,0.0,0.0,0.0,13.0,5.6438283861506555
21.0,1.0,0.0,2.0,0.6999150791529861,0.50495476934928,0.0,0.0,0.0,0.0,0.0,10.0,10.799629026563075
30.0,0.0,1.0,2.0,0.4774362127121135,0.4949135038053009,1.0,1.0,0.0,0.0,0.0,12.0,3.9638369676193688
13.0,0.0,0.0,1.0,0.40818077813535036,0.4319507369404833,0.0,0.0,0.0,0.0,0.0,11.0,7.366361745597758
2.0,0.0,0.0,0.0,0.4425324028615457,0.6230075810605614,0.0,0.0,0.0,0.0,0.0,13.0,1.5693344408063208
13.0,0.0,0.0,2.0,0.664830056421812,0.8892637597998267,1.0,0.0,0.0,0.0,0.0,15.0,9.326014039785424
20.0,0.0,0.0,1.0,1.0404655990577187,0.5263031648900961,0.0,0.0,0.0,0.0,0.0,9.0,3.95844400098428
5.0,0.0,1.0,1.0,0.5037521037416373,0.927957943815257,0.0,1.0,0.0,0.0,0.0,9.0,9.011152032583698
29.0,0.0,0.0,0.0,0.4441034252196875,0.8838105070393766,1.0,0.0,0.0,0.0,0.0,9.0,7.122323805076486
34.0,0.0,0.0,1.0,0.7371564844911995,0.8601489840485279,1.0,0.0,0.0,0.0,0.0,13.0,3.407125346562102
17.0,0.0,0.0,1.0,0.5331470920288098,0.5600111678569683,1.0,0.0,0.0,0.0,0.0,17.0,9.746612140886684
9.0,0.0,1.0,0.0,0.5385945858801012,0.4226373809963486,0.0,1.0,0.0,0.0,0.0,12.0,2.862975718591723
7.0,0.0,1.0,1.0,0.5786594765863657,0.4324411628254822,1.0,1.0,0.0,0.0,0.0,11.0,1.5389622935273508
9.0,0.0,0.0,0.0,0.40294009025941185,0.8345146387589609,0.0,0.0,0.0,0.0,0.0,11.0,5.491289322140015
24.0,0.0,0.0,2.0,1.08672048844674,0.5778367916545081,0.0,0.0,0.0,0.0,0.0,14.0,2.9748162733875674
22.0,0.0,0.0,0.0,0.5251339763309688,0.5527736552077255,0.0,0.0,0.0,0.0,0.0,9.0,7.122637813453112
27.0,0.0,0.0,0.0,0.48766133452539756,0.6552838810903844,0.0,0.0,0.0,0.0,0.0,10.0,6.357939575473978
6.0,0.0,0.0,1.0,0.8535453745313628,0.7287721100563771,0.0,0.0,0.0,0.0,0.0,14.0,0.9511598475405894
20.0,0.0,0.0,1.0,0.7998731243411404,0.5274277634131455,1.0,0.0,0.0,0.0,0.0,10.0,7.979494495597359
13.0,0.0,0.0,1.0,0.7736793219228653,0.6740699148669,0.0,0.0,0.0,0.0,0.0,13.0,5.882800856356537
5.0,1.0,0.0,2.0,0.9471725368384936,0.6022143741822331,0.0,0.0,0.0,0.0,0.0,17.0,9.977862164619124
14.0,1.0,0.0,0.0,0.906105769430442,0.47515362954143164,0.0,0.0,0.0,0.0,0.0,15.0,6.454691047319616
21.0,0.0,0.0,2.0,0.5732395546504854,0.6973159263979367,0.0,0.0,0.0,0.0,0.0,17.0,5.6621028861774105
21.0,1.0,0.0,2.0,0.9641037970186358,0.37365602572965917,0.0,0.0,0.0,0.0,0.0,8.0,5.086419097107347
24.0,0.0,0.0,1.0,0.8409603926030608,0.8219684374289403,1.0,0.0,0.0,0.0,0.0,12.0,0.31784428667496556
30.0,1.0,0.0,0.0,0.9735604962950738,0.8525586426941131,0.0,0.0,0.0,0.0,0.0,9.0,1.761084500498919
20.0,0.0,1.0,1.0,0.944349762661155,0.5137694772244152,0.0,1.0,0.0,0.0,0.0,12.0,7.533723037449575
20.0,1.0,0.0,1.0,0.8181110264571723,0.5001044864961677,1.0,0.0,0.0,0.0,0.0,14.0,11.785470169814182
6.0,0.0,1.0,1.0,0.9663988937641619,0.6213309941784254,1.0,1.0,0.0,0.0,0.0,11.0,5.7047126081513655
23.0,0.0,0.0,0.0,0.7797734629049342,0.6126469984547198,0.0,0.0,0.0,0.0,0.0,8.0,6.762738396422867
5.0,1.0,0.0,1.0,0.4874800616401809,0.8261783796665343,0.0,0.0,0.0,0.0,0.0,8.0,1.4721222548461643
24.0,0.0,0.0,1.0,0.5227709651844764,0.6788610842072368,1.0,0.0,0.0,0.0,0.0,14.0,7.218276096297738
32.0,0.0,0.0,2.0,1.0740971183959216,0.834872353020244,0.0,0.0,0.0,0.0,0.0,11.0,3.830184607713739
9.0,0.0,0.0,0.0,0.5973217280070511,0.5684097603748607,0.0,0.0,0.0,0.0,0.0,12.0,4.056913253500428
13.0,0.0,0.0,2.0,0.8674371464289098,0.38433638715917,1.0,0.0,0.0,0.0,0.0,13.0,5.020015477780228
8.0,0.0,0.0,0.0,0.4864884048805466,0.9119004086326127,0.0,0.0,0.0,0.0,0.0,9.0,4.337081217292378
22.0,0.0,0.0,1.0,0.6814627629192175,0.5737496509591355,0.0,0.0,0.0,0.0,0.0,8.0,0.7648929969310928
30.0,1.0,0.0,1.0,0.8813412993560521,0.5156950092266663,0.0,0.0,0.0,0.0,0.0,15.0,6.611989646730721
30.0,0.0,0.0,0.0,0.42953598838553136,0.6921779768860319,0.0,0.0,0.0,0.0,0.0,17.0,3.071124748716208
32.0,0.0,1.0,2.0,0.9030362389624134,0.6650189169706692,0.0,1.0,0.0,0.0,0.0,16.0,0.7574739903641218
10.0,0.0,0.0,2.0,0.8568254551771375,0.8433124554016341,1.0,0.0,0.0,0.0,0.0,10.0,11.174265706762583
34.0,0.0,1.0,1.0,0.7423098581863021,0.8817026460198683,1.0,1.0,0.0,0.0,0.0,8.0,5.490333128687078
11.0,0.0,0.0,1.0,0.4630833855479501,0.4611750199411167,1.0,0.0,0.0,0.0,0.0,17.0,5.831686140507902
24.0,0.0,1.0,1.0,0.6187181726194946,0.7027525558550449,1.0,1.0,0.0,0.0,0.0,12.0,8.01393939038216
7.0,1.0,0.0,2.0,0.9443018678432447,0.552814826125076,1.0,0.0,0.0,0.0,0.0,9.0,10.868259824525014
5.0,0.0,0.0,2.0,0.8955634805256331,0.8082519282144239,0.0,0.0,0.0,0.0,0.0,13.0,9.049876751644605
19.0,0.0,0.0,1.0,0.5108189535361677,0.7836323160123838,0.0,0.0,0.0,0.0,0.0,8.0,10.991003066908066
21.0,0.0,0.0,1.0,0.941672428100988,0.701167874204101,0.0,0.0,0.0,0.0,0.0,15.0,4.74879859697402
11.0,0.0,0.0,2.0,0.8013847425748811,0.6907022292486937,1.0,0.0,0.0,0.0,0.0,10.0,9.387010089250346
34.0,0.0,0.0,1.0,1.0989594790609627,0.6891106715069005,0.0,0.0,0.0,0.0,0.0,14.0,10.211326835593683
31.0,1.0,0.0,2.0,0.969949114063569,0.5505512783976492,0.0,0.0,0.0,0.0,0.0,15.0,4.615153508926745
16.0,1.0,0.0,1.0,0.8415508462485153,0.4041417952335644,1.0,0.0,0.0,0.0,0.0,15.0,3.615673820889168
12.0,0.0,0.0,1.0,0.9075530803724909,0.4642409349802015,0.0,0.0,0.0,0.0,0.0,16.0,11.398203935534537
10.0,0.0,0.0,1.0,0.9046654874892947,0.825471356402965,0.0,0.0,0.0,0.0,0.0,9.0,8.145830129922022
8.0,0.0,0.0,1.0,1.0608576904987195,0.7286134641121911,0.0,0.0,0.0,0.0,0.0,8.0,3.4315845631920747
5.0,0.0,1.0,2.0,0.8232953718334307,0.3962928316795373,1.0,1.0,0.0,0.0,0.0,15.0,1.671362605645321
33.0,1.0,0.0,2.0,0.5386287664298605,0.9282864179051773,1.0,0.0,0.0,0.0,0.0,9.0,4.437469922631644
4.0,0.0,0.0,2.0,0.9162942708029436,0.41371655799375195,0.0,0.0,0.0,0.0,0.0,12.0,2.7278829696316382
32.0,0.0,0.0,0.0,0.42255124454164555,0.8780385659359022,1.0,0.0,0.0,0.0,0.0,17.0,3.9496570577428667
26.0,0.0,0.0,0.0,0.9734045829381646,0.6544592797617783,1.0,0.0,0.0,0.0,0.0,17.0,1.858817623222768
22.0,0.0,0.0,1.0,1.0494650013755755,0.38124045889639036,1.0,0.0,0.0,0.0,0.0,16.0,6.106628402727769
31.0,0.0,0.0,2.0,0.536162254175652,0.37414716882799326,1.0,0.0,0.0,0.0,0.0,13.0,3.3163140079188644
14.0,0.0,0.0,0.0,0.5854249007376047,0.5157861648447554,1.0,0.0,0.0,0.0,0.0,16.0,7.7992071693092955
27.0,0.0,0.0,0.0,1.0113541849845864,0.9494797968677117,0.0,0.0,0.0,0.0,0.0,11.0,3.250881575690038
19.0,0.0,0.0,0.0,0.9981847809948446,0.5250562480601336,0.0,0.0,0.0,0.0,0.0,8.0,7.507107050731
31.0,0.0,0.0,1.0,0.8211439939217726,0.8502417270590452,0.0,0.0,0.0,0.0,0.0,13.0,10.425644019263734
28.0,0.0,0.0,1.0,0.9859530746312264,0.6118328984914582,1.0,0.0,0.0,0.0,0.0,11.0,9.22825118247486
34.0,0.0,0.0,1.0,0.45104812004963923,0.37085489470846095,0.0,0.0,0.0,0.0,0.0,8.0,5.756137148920297
25.0,0.0,0.0,0.0,0.5534440000235193,0.5660327620205258,1.0,0.0,0.0,0.0,0.0,13.0,5.407979239652699
3.0,0.0,0.0,2.0,1.0899874459254006,0.6378981832937138,0.0,0.0,0.0,0.0,0.0,8.0,2.9371450817940703
5.0,0.0,0.0,1.0,0.7298441653824682,0.552997070642265,0.0,0.0,0.0,0.0,0.0,16.0,7.106632380627741
20.0,0.0,1.0,2.0,0.8614797069836807,0.5064896557315652,0.0,1.0,0.0,0.0,0.0,12.0,1.3664474256020656
33.0,0.0,0.0,0.0,1.0261324545121822,0.8532418044647845,1.0,0.0,0.0,0.0,0.0,15.0,2.064667103159742
12.0,0.0,1.0,1.0,0.9916127593657421,0.7158062453947432,1.0,1.0,0.0,0.0,0.0,12.0,5.180560282335833
4.0,0.0,1.0,0.0,0.4417278907062403,0.7073666327458439,1.0,1.0,0.0,0.0,0.0,17.0,4.642392031117903
18.0,0.0,0.0,1.0,0.9458676214779691,0.8563841551719259,1.0,0.0,0.0,0.0,0.0,11.0,2.053016105466898
23.0,0.0,0.0,0.0,0.4477314301652515,0.41896660173016637,0.0,0.0,0.0,0.0,0.0,8.0,3.421679703911511
5.0,0.0,0.0,0.0,1.0638794315519118,0.4556855266564991,1.0,0.0,0.0,0.0,0.0,16.0,5.849444627110372
15.0,0.0,0.0,0.0,0.4699658601508465,0.5596110569649883,0.0,0.0,0.0,0.0,0.0,13.0,4.207032894114615
6.0,0.0,1.0,0.0,0.9998154872066181,0.7339197249756884,0.0,1.0,0.0,0.0,0.0,15.0,1.1208417783811533
34.0,0.0,0.0,2.0,0.8458301776269096,0.48654952575110844,1.0,0.0,0.0,0.0,0.0,13.0,7.905571034792722
15.0,0.0,1.0,0.0,0.9532329211052014,0.407743186302196,0.0,1.0,0.0,0.0,0.0,9.0,6.7289103703141695
22.0,0.0,1.0,1.0,0.44479060611946625,0.7899546533863058,1.0,1.0,0.0,0.0,0.0,10.0,9.744639030256732
10.0,0.0,0.0,1.0,0.4232408487749508,0.6964235388674667,1.0,0.0,0.0,0.0,0.0,15.0,10.615739008020133
17.0,0.0,0.0,0.0,0.7046095451049765,0.6674273345442521,1.0,0.0,0.0,0.0,0.0,15.0,1.1582670482689228
31.0,0.0,1.0,1.0,0.7752861823805228,0.40314211406232814,0.0,1.0,0.0,0.0,0.0,17.0,9.94354724643988
3.0,0.0,1.0,2.0,0.6619987993180014,0.3653988565183213,1.0,1.0,0.0,0.0,0.0,9.0,3.443828184404625
21.0,0.0,0.0,1.0,0.5248904673092668,0.9354105098294426,0.0,0.0,0.0,0.0,0.0,12.0,10.397397069157343
14.0,0.0,0.0,1.0,0.44716534077841774,0.9413106539778853,0.0,0.0,0.0,0.0,0.0,9.0,7.7677173434290365
3.0,0.0,0.0,1.0,0.5041157599424437,0.43497563801284306,1.0,0.0,0.0,0.0,0.0,11.0,3.6839622813500537
18.0,0.0,0.0,1.0,0.6041195750171281,0.8120589591735491,0.0,0.0,0.0,0.0,0.0,15.0,5.12242889793325
20.0,0.0,0.0,2.0,0.40448719701825286,0.5301866383040816,0.0,0.0,0.0,0.0,0.0,11.0,5.481329513704139
8.0,1.0,0.0,1.0,0.5243509302683673,0.8199919043995997,1.0,0.0,0.0,0.0,0.0,12.0,3.5784745229537407
34.0,0.0,0.0,2.0,0.626852826190428,0.5271489374764416,1.0,0.0,0.0,0.0,0.0,14.0,8.808498669931192
33.0,0.0,0.0,2.0,0.8664321994222419,0.3900041873898573,1.0,0.0,0.0,0.0,0.0,9.0,11.207739322337387
5.0,1.0,0.0,2.0,0.8154248107436148,0.6745703749486711,0.0,0.0,0.0,0.0,0.0,13.0,1.7147428437521222
31.0,1.0,0.0,1.0,0.5805223477513266,0.5483940656546326,1.0,0.0,0.0,0.0,0.0,9.0,2.45424988250919
23.0,0.0,0.0,2.0,1.0825152969117446,0.45572530797758115,1.0,0.0,0.0,0.0,0.0,14.0,9.339666201423972
23.0,0.0,1.0,0.0,0.984298422308288,0.789235977057108,0.0,1.0,0.0,0.0,0.0,9.0,11.598470107800516
10.0,0.0,0.0,1.0,0.78592561236924,0.9422170716151546,1.0,0.0,0.0,0.0,0.0,10.0,6.929179729222673
29.0,1.0,0.0,2.0,0.8697506572081559,0.7639694768631412,0.0,0.0,0.0,0.0,0.0,12.0,3.590316836769871
4.0,0.0,0.0,0.0,0.5996069068453931,0.5065498917305098,1.0,0.0,0.0,0.0,0.0,12.0,10.409549451747164
22.0,1.0,0.0,1.0,0.8654054676655577,0.48081068045411957,1.0,0.0,0.0,0.0,0.0,17.0,9.964391454660415
34.0,0.0,0.0,2.0,0.521163362939373,0.7521145095198725,1.0,0.0,0.0,0.0,0.0,13.0,11.948550372644188
2.0,0.0,0.0,0.0,0.4827505053995495,0.41891191533599886,1.0,0.0,0.0,0.0,0.0,10.0,8.143157239007618
6.0,1.0,0.0,0.0,0.5930674783969581,0.6265756218317629,1.0,0.0,0.0,0.0,0.0,15.0,10.001066513721186
27.0,0.0,0.0,0.0,1.0809184885273373,0.41675640026781025,0.0,0.0,0.0,0.0,0.0,10.0,1.4666801935150766
19.0,0.0,1.0,0.0,1.0105370388898145,0.7675825029669238,1.0,1.0,0.0,0.0,0.0,11.0,9.846672994434703
6.0,0.0,0.0,0.0,0.8584087901026035,0.6884277071154083,0.0,0.0,0.0,0.0,0.0,10.0,0.5287319794151619
13.0,0.0,0.0,1.0,1.0111925605630916,0.7612972656125595,1.0,0.0,0.0,0.0,0.0,12.0,7.775890260961717
5.0,0.0,0.0,0.0,0.882265772461407,0.7558497014980997,1.0,0.0,0.0,0.0,0.0,10.0,5.854812235748904
13.0,1.0,0.0,0.0,0.7426287525486334,0.9071848548028942,0.0,0.0,0.0,0.0,0.0,8.0,7.533357935162802
13.0,1.0,0.0,2.0,0.599576225059933,0.6030033878554018,1.0,0.0,0.0,0.0,0.0,11.0,10.350565586196563
17.0,0.0,0.0,2.0,0.4780307858885167,0.8453863509798716,1.0,0.0,0.0,0.0,0.0,14.0,5.382172664284604
28.0,0.0,1.0,2.0,1.0889184028972638,0.9365575666633877,0.0,1.0,0.0,0.0,0.0,13.0,6.7020473224494825
13.0,0.0,1.0,2.0,0.5931156385179172,0.7055746399644102,1.0,1.0,0.0,0.0,0.0,14.0,5.0310300689378105
33.0,1.0,0.0,2.0,1.0163156685426926,0.6559115524784116,1.0,0.0,0.0,0.0,0.0,10.0,10.640996254293723
28.0,0.0,0.0,2.0,0.7345461764009522,0.5642647532909634,1.0,0.0,0.0,0.0,0.0,10.0,3.6178796923096534
28.0,0.0,0.0,0.0,0.5689583039733653,0.6687569378569568,0.0,0.0,0.0,0.0,0.0,17.0,7.362226624221085
12.0,0.0,0.0,1.0,0.6099320537041442,0.5265814172974926,1.0,0.0,0.0,0.0,0.0,9.0,6.460534818056812
9.0,0.0,0.0,1.0,0.6211709141317249,0.6276954913425628,1.0,0.0,0.0,0.0,0.0,13.0,9.20638387649049
34.0,0.0,0.0,1.0,0.7429544626387291,0.8591331143415463,0.0,0.0,0.0,0.0,0.0,10.0,8.097507948616085
2.0,0.0,1.0,0.0,1.0593077560511635,0.8639622131751865,1.0,1.0,0.0,0.0,0.0,16.0,4.953752188978926
31.0,0.0,1.0,0.0,0.592322375355617,0.8056685252090905,1.0,1.0,0.0,0.0,0.0,10.0,9.063905335580289
15.0,1.0,0.0,1.0,0.8049789709956794,0.5989156982314174,1.0,0.0,0.0,0.0,0.0,8.0,3.1535636613001237
19.0,0.0,0.0,0.0,0.4700417295133359,0.4498022036943243,1.0,0.0,0.0,0.0,0.0,8.0,8.80405232527472
32.0,0.0,0.0,0.0,0.9744856907317069,0.8992663650742578,1.0,0.0,0.0,0.0,0.0,17.0,7.234214132355807
23.0,0.0,1.0,2.0,0.7750493531392975,0.8932517078346079,0.0,1.0,0.0,0.0,0.0,9.0,1.3575596673308352
21.0,0.0,1.0,1.0,0.7374210195604487,0.9381610465392889,0.0,1.0,0.0,0.0,0.0,15.0,10.423657438788581
11.0,0.0,0.0,0.0,0.592450918197236,0.5652081707811125,1.0,0.0,0.0,0.0,0.0,13.0,11.49001160038447
2.0,0.0,0.0,1.0,0.703398594516472,0.5917614481343992,1.0,0.0,0.0,0.0,0.0,14.0,3.0545195905756404
20.0,0.0,0.0,0.0,1.000479834644877,0.815511943575172,0.0,0.0,0.0,0.0,0.0,12.0,5.239038095340334
2.0,0.0,0.0,2.0,0.4039831260126501,0.899985597716077,0.0,0.0,0.0,0.0,0.0,13.0,10.658933338160884
7.0,0.0,0.0,0.0,0.9126019660755068,0.5133054812588438,1.0,0.0,0.0,0.0,0.0,11.0,0.2674369494876484
27.0,0.0,0.0,1.0,0.4587230465671709,0.5755936953611759,0.0,0.0,0.0,0.0,0.0,13.0,7.707533279438421
22.0,1.0,0.0,2.0,1.0508979519391621,0.44562778199420017,0.0,0.0,0.0,0.0,0.0,16.0,5.486044251207712
3.0,0.0,0.0,1.0,0.7961348347406327,0.5851560825259607,0.0,0.0,0.0,0.0,0.0,12.0,4.494487976315745
34.0,1.0,0.0,0.0,0.6498833546096661,0.6880236714327376,0.0,0.0,0.0,0.0,0.0,10.0,11.8308026625835
15.0,0.0,0.0,0.0,0.6815997743006551,0.8694604004696354,1.0,0.0,0.0,0.0,0.0,12.0,4.890439984280151
7.0,0.0,0.0,1.0,0.6298408515950333,0.4997987237600141,1.0,0.0,0.0,0.0,0.0,10.0,1.042343566870094
30.0,0.0,0.0,2.0,1.0113915332365995,0.443400773752313,0.0,0.0,0.0,0.0,0.0,8.0,0.48604946168034235
18.0,0.0,1.0,1.0,0.4133953942984307,0.7831835502617969,0.0,1.0,0.0,0.0,0.0,15.0,1.210307437335414
13.0,0.0,0.0,1.0,0.5989156569842917,0.7637023005469669,1.0,0.0,0.0,0.0,0.0,12.0,0.48103707947165786
23.0,0.0,0.0,1.0,0.5709340713337153,0.6437291063555477,1.0,0.0,0.0,0.0,0.0,13.0,5.059312527488672
28.0,0.0,0.0,0.0,0.9224263655998415,0.4023954574910365,1.0,0.0,0.0,0.0,0.0,9.0,4.025398551474402
21.0,0.0,1.0,2.0,0.8096741059409793,0.5268071954814982,0.0,1.0,0.0,0.0,0.0,9.0,10.960037981204541
33.0,0.0,0.0,0.0,1.0073495673441613,0.4153998928938146,1.0,0.0,0.0,0.0,0.0,10.0,4.216652643048732
34.0,0.0,0.0,2.0,0.47431077569930113,0.3732630615957713,0.0,0.0,0.0,0.0,0.0,11.0,9.686378982150348
18.0,0.0,1.0,1.0,0.7862538432045892,0.5662725833918599,1.0,1.0,0.0,0.0,0.0,12.0,6.829684231116013
23.0,0.0,0.0,2.0,0.8572630423098777,0.366019791753888,1.0,0.0,0.0,0.0,0.0,8.0,8.056384782470515
30.0,0.0,0.0,1.0,0.6479395171483925,0.35060658169918946,0.0,0.0,0.0,0.0,0.0,8.0,5.50736856123232
29.0,0.0,0.0,1.0,0.9969186895243279,0.3595042562417061,0.0,0.0,0.0,0.0,0.0,13.0,0.9870315057453423
11.0,0.0,0.0,1.0,0.5812226623734956,0.702499096654221,0.0,0.0,0.0,0.0,0.0,9.0,1.150755522193786
28.0,0.0,0.0,2.0,0.5765722736849401,0.5941183537342276,0.0,0.0,0.0,0.0,0.0,15.0,8.75709497495799
6.0,0.0,1.0,1.0,0.6575592886000855,0.858547788864081,1.0,1.0,0.0,0.0,0.0,17.0,10.130018054071341
13.0,0.0,0.0,1.0,0.7336925328623158,0.5511814865592988,1.0,0.0,0.0,0.0,0.0,16.0,8.963102852607006
13.0,0.0,0.0,0.0,0.7193518292406659,0.7764278392317495,0.0,0.0,0.0,0.0,0.0,13.0,7.050577898217085
4.0,0.0,0.0,2.0,0.5161532112890171,0.8780089420979423,0.0,0.0,0.0,0.0,0.0,16.0,4.0847068092655405
13.0,0.0,0.0,2.0,0.6936377101416249,0.8086685697089482,0.0,0.0,0.0,0.0,0.0,14.0,2.745389261690633
15.0,0.0,1.0,1.0,0.5082246027578573,0.5863143580842506,0.0,1.0,0.0,0.0,0.0,14.0,1.2916707572947597
29.0,0.0,0.0,2.0,0.8789524141915918,0.6667386560041502,0.0,0.0,0.0,0.0,0.0,16.0,2.986094359265412
3.0,1.0,0.0,0.0,0.4185745886044116,0.7506591250315812,1.0,0.0,0.0,0.0,0.0,13.0,9.994196008111008
7.0,0.0,0.0,1.0,1.0529517635566388,0.721352343740521,0.0,0.0,0.0,0.0,0.0,12.0,4.026375814192584
33.0,0.0,0.0,2.0,0.7573859824922639,0.6005070873997918,0.0,0.0,0.0,0.0,0.0,9.0,2.0831125880789974
19.0,0.0,0.0,1.0,0.48237754722578136,0.4261759751478033,0.0,0.0,0.0,0.0,0.0,11.0,0.5075004842422632
28.0,0.0,0.0,0.0,0.6642943314370179,0.7205840900964745,1.0,0.0,0.0,0.0,0.0,16.0,3.8650200875744787
17.0,0.0,0.0,2.0,0.639226527178963,0.38312085299021753,1.0,0.0,0.0,0.0,0.0,16.0,0.7857108791019727
15.0,0.0,0.0,2.0,0.9919445595247425,0.5642041592686091,1.0,0.0,0.0,0.0,0.0,17.0,2.308048396922173
13.0,0.0,1.0,1.0,0.5378015742287119,0.860856174011806,1.0,1.0,0.0,0.0,0.0,12.0,4.857762035555082
34.0,1.0,0.0,1.0,0.630724441553975,0.9234694892936609,1.0,0.0,0.0,0.0,0.0,16.0,8.6336599312058
31.0,0.0,0.0,1.0,0.5186248182192521,0.5241441952539676,0.0,0.0,0.0,0.0,0.0,8.0,8.310253550326177
24.0,0.0,1.0,1.0,0.5548576015616381,0.524967708762438,1.0,1.0,0.0,0.0,0.0,11.0,2.069629215813707
33.0,0.0,0.0,0.0,1.061551499201635,0.5430086658595745,0.0,0.0,0.0,0.0,0.0,15.0,3.783242266911102
4.0,0.0,0.0,0.0,0.9887298246283329,0.516668448005405,1.0,0.0,0.0,0.0,0.0,11.0,3.918361259463954
24.0,0.0,0.0,0.0,0.8322590194667456,0.7159884512962501,1.0,0.0,0.0,0.0,0.0,13.0,10.662699926132078
27.0,1.0,0.0,0.0,0.6062839714993431,0.7049723428463062,0.0,0.0,0.0,0.0,0.0,16.0,1.962780994986029
34.0,0.0,0.0,0.0,1.0735653840626844,0.6839532905762044,0.0,0.0,0.0,0.0,0.0,12.0,9.38932901995677
11.0,1.0,0.0,2.0,0.4926833658007037,0.7748092642811806,1.0,0.0,0.0,0.0,0.0,8.0,6.140293078348414
34.0,1.0,0.0,2.0,1.0386000127418364,0.403750557226202,0.0,0.0,0.0,0.0,0.0,16.0,11.086694446822214
19.0,0.0,0.0,0.0,0.7568163224501953,0.5047128098940658,0.0,0.0,0.0,0.0,0.0,14.0,3.6915205045917063
7.0,0.0,0.0,1.0,0.5111081856246721,0.6288785639570287,1.0,0.0,0.0,0.0,0.0,12.0,8.925277550575267
24.0,0.0,0.0,1.0,1.0325597425855328,0.7384302634711075,0.0,0.0,0.0,0.0,0.0,10.0,9.39689889031203
29.0,1.0,0.0,2.0,0.7362118681267946,0.5028055564214327,1.0,0.0,0.0,0.0,0.0,17.0,7.287657344723288
29.0,1.0,0.0,2.0,0.7333402923912176,0.43563825070449663,1.0,0.0,0.0,0.0,0.0,17.0,10.15639036078479
28.0,0.0,0.0,1.0,0.7121257455024006,0.7868824735182463,1.0,0.0,0.0,0.0,0.0,14.0,3.0144279751657166
15.0,1.0,0.0,1.0,0.5276931285842003,0.8083622538779615,1.0,0.0,0.0,0.0,0.0,15.0,11.918310920448892
5.0,0.0,0.0,1.0,0.7831484816626476,0.6244960412303486,1.0,0.0,0.0,0.0,0.0,10.0,0.4255591800663072
11.0,0.0,0.0,2.0,0.527730852245196,0.5583641981130446,1.0,0.0,0.0,0.0,0.0,8.0,6.389504585485115
22.0,0.0,0.0,0.0,1.033179882578193,0.5946773229841306,1.0,0.0,0.0,0.0,0.0,11.0,9.967205602012717
14.0,0.0,0.0,0.0,0.7097115696705258,0.9140319566728583,0.0,0.0,0.0,0.0,0.0,8.0,7.562218715191544
14.0,1.0,0.0,1.0,0.647663930518263,0.49369273519397117,1.0,0.0,0.0,0.0,0.0,14.0,6.883755321356897
21.0,0.0,0.0,0.0,0.7222218618289231,0.5014349401756191,0.0,0.0,0.0,0.0,0.0,12.0,5.788656459136462
27.0,1.0,0.0,0.0,0.7718246154358124,0.9217375000051489,1.0,0.0,0.0,0.0,0.0,8.0,3.3699877640417575
5.0,1.0,0.0,1.0,0.9662301647656214,0.9414068234498257,0.0,0.0,0.0,0.0,0.0,15.0,6.9272490920746685
23.0,0.0,0.0,1.0,0.7577947898645618,0.690739497228449,1.0,0.0,0.0,0.0,0.0,17.0,9.006927227231685
30.0,0.0,0.0,0.0,0.9480933497585922,0.7700982539155363,1.0,0.0,0.0,0.0,0.0,13.0,8.941071941872456
15.0,0.0,1.0,0.0,0.7428549510616986,0.4797068988502738,1.0,1.0,0.0,0.0,0.0,16.0,3.2379439299654558
4.0,1.0,0.0,2.0,0.6830274200610829,0.8654932483162575,1.0,0.0,0.0,0.0,0.0,17.0,4.717652536927401
6.0,0.0,1.0,2.0,0.8196263628356752,0.4691674786060319,1.0,1.0,0.0,0.0,0.0,9.0,9.726507996703045
31.0,0.0,0.0,1.0,0.6870602388216527,0.9171831838263812,0.0,0.0,0.0,0.0,0.0,11.0,10.023334348851032
8.0,0.0,0.0,2.0,0.5326900859963768,0.9264830310298795,1.0,0.0,0.0,0.0,0.0,13.0,10.215244362668022
25.0,0.0,0.0,0.0,0.9487866761518917,0.42389051734895505,0.0,0.0,0.0,0.0,0.0,15.0,1.5547253363553128
29.0,0.0,0.0,0.0,1.0992271554261037,0.8760287298607231,1.0,0.0,0.0,0.0,0.0,8.0,10.506149212200699
24.0,0.0,0.0,0.0,0.5771219151589871,0.5684213023598491,1.0,0.0,0.0,0.0,0.0,9.0,8.448396006759747
26.0,0.0,0.0,0.0,0.5041203863714092,0.8964643450022455,1.0,0.0,0.0,0.0,0.0,17.0,3.8799583972689553
7.0,0.0,0.0,2.0,0.4839260714693838,0.46134743109343196,1.0,0.0,0.0,0.0,0.0,9.0,3.3226014188728823
15.0,0.0,0.0,2.0,0.9504743529587967,0.9318465027307881,0.0,0.0,0.0,0.0,0.0,13.0,1.0081149563118839
15.0,0.0,0.0,1.0,0.9602933317646527,0.8333920965474524,0.0,0.0,0.0,0.0,0.0,11.0,0.3068225810082669
15.0,0.0,0.0,1.0,1.0271298484417846,0.6903221494254901,0.0,0.0,0.0,0.0,0.0,15.0,11.297682346020952
10.0,0.0,0.0,1.0,1.04929732490049,0.8067774865893433,1.0,0.0,0.0,0.0,0.0,15.0,9.858319633700555
6.0,0.0,1.0,2.0,0.5547653167217963,0.6062094376677258,0.0,1.0,0.0,0.0,0.0,10.0,7.463577306402181
8.0,0.0,0.0,2.0,0.6981088727331214,0.8336922415955437,1.0,0.0,0.0,0.0,0.0,16.0,1.4338105223248416
6.0,0.0,0.0,1.0,1.01835086040233,0.5029955445178593,0.0,0.0,0.0,0.0,0.0,15.0,7.904446809852116
30.0,0.0,0.0,0.0,0.8058465097847979,0.889983973579667,0.0,0.0,0.0,0.0,0.0,16.0,10.06327682839207
17.0,0.0,0.0,0.0,0.904829650580875,0.538016843916768,0.0,0.0,0.0,0.0,0.0,16.0,1.5084453259430584
25.0,0.0,0.0,1.0,0.9447697573549757,0.7982928284957659,0.0,0.0,0.0,0.0,0.0,13.0,0.4975254597136297
12.0,0.0,0.0,0.0,0.5751573486211948,0.4285280409116376,0.0,0.0,0.0,0.0,0.0,15.0,8.627364250227236
3.0,0.0,1.0,1.0,0.9892333587395385,0.455199530797574,0.0,1.0,0.0,0.0,0.0,17.0,8.69601357685237
28.0,0.0,0.0,2.0,0.6073201413455988,0.4693788844213172,1.0,0.0,0.0,0.0,0.0,12.0,4.934272489915824
6.0,0.0,0.0,1.0,0.6691856129051114,0.9458547887965786,0.0,0.0,0.0,0.0,0.0,17.0,8.047927687129949
26.0,0.0,1.0,1.0,0.7312466129255631,0.43083459308723004,1.0,1.0,0.0,0.0,0.0,17.0,7.559260465733045
28.0,0.0,0.0,0.0,0.667428833129889,0.6622844792630249,0.0,0.0,0.0,0.0,0.0,17.0,6.46279734978955
3.0,0.0,0.0,2.0,0.8534042030429623,0.43441795802623545,1.0,0.0,0.0,0.0,0.0,11.0,1.4533887322296963
33.0,1.0,0.0,0.0,0.6259887795098283,0.5223618787339863,1.0,0.0,0.0,0.0,0.0,16.0,10.530401878668878
8.0,0.0,0.0,2.0,0.9031568202699465,0.7049914508980548,0.0,0.0,0.0,0.0,0.0,14.0,2.4937394769425425
11.0,0.0,0.0,0.0,0.7789954534991237,0.5155438657679073,1.0,0.0,0.0,0.0,0.0,17.0,10.417902485175427
14.0,0.0,1.0,0.0,0.4212805329256175,0.6414194478355756,1.0,1.0,0.0,0.0,0.0,11.0,2.5248132635205307
10.0,0.0,1.0,2.0,0.870773424405231,0.6016053015382322,0.0,1.0,0.0,0.0,0.0,10.0,8.04142453307318
16.0,0.0,0.0,0.0,1.0044114151793126,0.697020294248199,0.0,0.0,0.0,0.0,0.0,15.0,2.768263493545273
21.0,0.0,0.0,1.0,0.6802308696346351,0.5934793019757687,0.0,0.0,0.0,0.0,0.0,12.0,7.494012906053652
20.0,0.0,0.0,0.0,0.42171383149052083,0.4900640922463684,1.0,0.0,0.0,0.0,0.0,17.0,7.063288718024295
12.0,1.0,0.0,0.0,0.9458742117349291,0.5099948775083099,1.0,0.0,0.0,0.0,0.0,17.0,5.023731724451257
28.0,0.0,0.0,2.0,0.5988996967257143,0.8586460284146586,0.0,0.0,0.0,0.0,0.0,10.0,10.973996672707846
28.0,0.0,1.0,2.0,1.0271041073402418,0.6527547284727292,0.0,1.0,0.0,0.0,0.0,8.0,3.610264869465842
31.0,0.0,0.0,1.0,0.9545747269496081,0.9038311128705768,1.0,0.0,0.0,0.0,0.0,12.0,3.6433798506801933
9.0,0.0,0.0,1.0,0.4355588288067682,0.7862072582018668,0.0,0.0,0.0,0.0,0.0,12.0,8.781164618892094
15.0,0.0,0.0,2.0,1.0812088375566031,0.7501792486983985,1.0,0.0,0.0,0.0,0.0,15.0,6.453683242460235
27.0,0.0,0.0,0.0,0.6443418750851865,0.8496328153414487,1.0,0.0,0.0,0.0,0.0,15.0,9.12105640726834
15.0,0.0,1.0,2.0,0.8160941200757371,0.6420633177736759,0.0,1.0,0.0,0.0,0.0,17.0,6.765869262943362
33.0,0.0,0.0,2.0,0.5139461060433357,0.5581572657312576,1.0,0.0,0.0,0.0,0.0,12.0,9.161525688734546
16.0,0.0,0.0,0.0,1.0697086973512797,0.9216388774810327,0.0,0.0,0.0,0.0,0.0,13.0,10.373155785515191
8.0,1.0,0.0,2.0,0.6855422483341624,0.9016537399010874,0.0,0.0,0.0,0.0,0.0,10.0,2.264779755277477
24.0,1.0,0.0,2.0,0.6270335077485193,0.5118073986843348,0.0,0.0,0.0,0.0,0.0,15.0,10.814896118809061
4.0,0.0,0.0,1.0,1.060876058573926,0.7548314503337336,0.0,0.0,0.0,0.0,0.0,8.0,2.2070415840200943
31.0,0.0,0.0,0.0,0.8937889901846869,0.5827025348773062,0.0,0.0,0.0,0.0,0.0,16.0,0.6967452928227993
15.0,0.0,0.0,0.0,0.6360354642483278,0.7076877427016812,0.0,0.0,0.0,0.0,0.0,14.0,9.86192519452683
32.0,1.0,0.0,1.0,0.5268145197119735,0.3676536577965677,1.0,0.0,0.0,0.0,0.0,9.0,4.930295351829199
11.0,0.0,1.0,0.0,0.45448146560671593,0.3506915261819725,1.0,1.0,0.0,0.0,0.0,15.0,5.668896064294747
6.0,1.0,0.0,0.0,0.7060561992004131,0.8681279447002715,0.0,0.0,0.0,0.0,0.0,17.0,4.024146887288221
19.0,0.0,0.0,1.0,1.0279445518275896,0.7548411024597581,0.0,0.0,0.0,0.0,0.0,12.0,8.981748055054188
29.0,0.0,1.0,2.0,0.6540495298797988,0.660590295315032,1.0,1.0,0.0,0.0,0.0,9.0,4.123439239117162
25.0,0.0,1.0,1.0,0.757014393704971,0.7465258606958033,0.0,1.0,0.0,0.0,0.0,16.0,9.20580920880683
21.0,0.0,0.0,2.0,0.8244305725706197,0.8098668238250636,1.0,0.0,0.0,0.0,0.0,9.0,4.070280413413556
33.0,0.0,0.0,1.0,0.6282274699744261,0.9006117269073718,0.0,0.0,0.0,0.0,0.0,9.0,1.745382129700798
19.0,0.0,0.0,0.0,0.5287047099617311,0.4081674413633632,1.0,0.0,0.0,0.0,0.0,15.0,7.829951883694149
3.0,0.0,0.0,2.0,1.0325850367140903,0.7830424414556848,1.0,0.0,0.0,0.0,0.0,9.0,10.652418600474526
5.0,0.0,0.0,0.0,0.8633645859539381,0.8422135133274975,0.0,0.0,0.0,0.0,0.0,16.0,3.202247820599035
7.0,0.0,0.0,0.0,0.9135243257429112,0.6116053595660169,0.0,0.0,0.0,0.0,0.0,16.0,5.389024305232662
6.0,1.0,0.0,1.0,0.7343257970170681,0.6638447143126605,0.0,0.0,0.0,0.0,0.0,8.0,6.387647477017109
9.0,1.0,0.0,0.0,0.7167679340401284,0.9409943301610154,0.0,0.0,0.0,0.0,0.0,9.0,3.676111911079844
22.0,0.0,1.0,2.0,0.6731645369891314,0.7493997253812749,1.0,1.0,0.0,0.0,0.0,10.0,5.206710422934074
29.0,1.0,0.0,0.0,0.42050651335563927,0.5248684850124776,1.0,0.0,0.0,0.0,0.0,16.0,11.096696754063014
17.0,0.0,0.0,0.0,0.53795265786068,0.4842552412666893,0.0,0.0,0.0,0.0,0.0,13.0,7.157995686477865
21.0,1.0,0.0,2.0,0.4824608161389107,0.7824073707708685,0.0,0.0,0.0,0.0,0.0,15.0,8.461111836639208
8.0,0.0,0.0,2.0,0.8942071099687646,0.5793597568835233,0.0,0.0,0.0,0.0,0.0,8.0,4.7910217592604525
8.0,0.0,0.0,2.0,0.8136413782366749,0.7766779216514329,1.0,0.0,0.0,0.0,0.0,9.0,8.593587687373146
26.0,0.0,1.0,1.0,0.6499419025154518,0.5392029773672614,1.0,1.0,0.0,0.0,0.0,13.0,8.880999588560867
34.0,0.0,0.0,2.0,1.00557169970462,0.5164928100691109,0.0,0.0,0.0,0.0,0.0,13.0,5.352929017518673
11.0,1.0,0.0,2.0,0.6038646459485344,0.6753843864761996,1.0,0.0,0.0,0.0,0.0,14.0,3.7216039839647777
34.0,0.0,1.0,1.0,1.030914697449467,0.757702468928623,0.0,1.0,0.0,0.0,0.0,14.0,2.951634941231012
18.0,0.0,0.0,0.0,0.7688222842902722,0.5450905830883341,0.0,0.0,0.0,0.0,0.0,11.0,11.689641374721196
9.0,1.0,0.0,1.0,0.6106651144881298,0.8551888671424408,0.0,0.0,0.0,0.0,0.0,14.0,7.048473888534332
19.0,0.0,0.0,2.0,0.570677996681418,0.7493234654154064,0.0,0.0,0.0,0.0,0.0,8.0,9.416440273686884
16.0,1.0,0.0,1.0,0.6172996541825347,0.8149041204287029,0.0,0.0,0.0,0.0,0.0,9.0,4.366846040380716
23.0,1.0,0.0,2.0,0.40629215290094106,0.6875500751776692,1.0,0.0,0.0,0.0,0.0,14.0,0.8298429695191208
34.0,1.0,0.0,1.0,0.5436008350166925,0.7932721913986859,0.0,0.0,0.0,0.0,0.0,15.0,7.3971985889677905
21.0,1.0,0.0,2.0,0.44216789573091847,0.5395050792717027,1.0,0.0,0.0,0.0,0.0,15.0,3.9870730443653617
11.0,0.0,0.0,2.0,0.7897134363321959,0.4202936258087617,1.0,0.0,0.0,0.0,0.0,16.0,0.5734434038977672
27.0,0.0,1.0,0.0,0.6021121265143825,0.38109692800549655,1.0,1.0,0.0,0.0,0.0,15.0,8.648140099422294
19.0,0.0,0.0,1.0,0.5005499575477786,0.479796421767157,1.0,0.0,0.0,0.0,0.0,13.0,4.6633864204580195
8.0,0.0,0.0,2.0,0.6420756467941435,0.6982931790011664,0.0,0.0,0.0,0.0,0.0,17.0,4.992950639422253
26.0,0.0,0.0,1.0,0.7283146539775706,0.48831871118946335,1.0,0.0,0.0,0.0,0.0,13.0,1.0944359593038253
12.0,0.0,0.0,0.0,0.49054640486110007,0.39433159140889573,0.0,0.0,0.0,0.0,0.0,10.0,0.4928584884491345
34.0,0.0,1.0,2.0,1.0633442088364324,0.4796256995517535,1.0,1.0,0.0,0.0,0.0,13.0,10.332612064973008
16.0,0.0,0.0,2.0,0.8297687233005488,0.46485405198592417,0.0,0.0,0.0,0.0,0.0,16.0,6.346907413244936
18.0,1.0,0.0,1.0,1.0718449443115232,0.5980575340963002,0.0,0.0,0.0,0.0,0.0,10.0,4.6676769811660845
31.0,0.0,0.0,1.0,0.897385268315666,0.5335530146633294,1.0,0.0,0.0,0.0,0.0,9.0,4.779866702725754
11.0,0.0,0.0,0.0,0.4279662592183705,0.6705178332835594,0.0,0.0,0.0,0.0,0.0,14.0,0.7311708112590167
32.0,0.0,1.0,2.0,0.5301642393514094,0.46704896260727763,1.0,1.0,0.0,0.0,0.0,10.0,2.597769285189472
29.0,0.0,0.0,2.0,0.7802305717472732,0.47382839199883797,0.0,0.0,0.0,0.0,0.0,16.0,8.352296666182808
8.0,0.0,0.0,2.0,0.7453019518400663,0.8097690111300022,0.0,0.0,0.0,0.0,0.0,11.0,4.179622871630531
19.0,0.0,0.0,1.0,0.6779223490761445,0.7536422414089112,0.0,0.0,0.0,0.0,0.0,9.0,1.3141528897149637
17.0,0.0,1.0,0.0,0.9909078116802196,0.809411931380986,0.0,1.0,0.0,0.0,0.0,9.0,5.981713670907322
26.0,0.0,0.0,2.0,0.7243430048625099,0.7260752880680685,1.0,0.0,0.0,0.0,0.0,8.0,5.728317473103635
14.0,0.0,0.0,0.0,0.570006552869234,0.47904950195207924,0.0,0.0,0.0,0.0,0.0,16.0,9.91001455523739
13.0,0.0,0.0,0.0,0.4671840769584363,0.9485831669569313,1.0,0.0,0.0,0.0,0.0,10.0,1.1957193433910083
7.0,0.0,0.0,1.0,0.8672855788660055,0.49062980406254575,0.0,0.0,0.0,0.0,0.0,14.0,2.7831931504858307
21.0,1.0,0.0,2.0,0.6296791148718724,0.6277204563111078,0.0,0.0,0.0,0.0,0.0,13.0,1.4006050678471123
13.0,0.0,0.0,0.0,0.8048216234859014,0.9355350434238362,1.0,0.0,0.0,0.0,0.0,11.0,1.275029834836344
11.0,0.0,0.0,0.0,0.603106317360273,0.5584594391382839,1.0,0.0,0.0,0.0,0.0,10.0,2.5067740679303787
3.0,0.0,0.0,2.0,0.553558108374941,0.7765571447281414,1.0,0.0,0.0,0.0,0.0,11.0,8.609008329372696
19.0,1.0,0.0,1.0,0.5770199431598545,0.5787700285132353,0.0,0.0,0.0,0.0,0.0,15.0,4.911626369292654
9.0,0.0,0.0,0.0,0.49611406569668287,0.41501113716091376,0.0,0.0,0.0,0.0,0.0,17.0,2.9953811142892914
31.0,0.0,0.0,1.0,0.5041153797750761,0.5945578383805479,0.0,0.0,0.0,0.0,0.0,13.0,5.7375016418530835
19.0,1.0,0.0,0.0,0.655530492527086,0.9256188837037882,0.0,0.0,0.0,0.0,0.0,17.0,7.529631056301069
23.0,0.0,0.0,2.0,0.9960517756935936,0.9037733956073597,0.0,0.0,0.0,0.0,0.0,8.0,0.38107235166070286
19.0,0.0,0.0,2.0,0.5771151485554034,0.9432146664323344,0.0,0.0,0.0,0.0,0.0,13.0,9.945920384726506
20.0,1.0,0.0,0.0,1.0701325301681939,0.7457314358804664,1.0,0.0,0.0,0.0,0.0,17.0,7.001231931966467
12.0,0.0,1.0,0.0,0.6969924137466422,0.5521730613164963,1.0,1.0,0.0,0.0,0.0,14.0,4.172717926790072
21.0,1.0,0.0,2.0,1.0291301229158762,0.6418583406636138,0.0,0.0,0.0,0.0,0.0,16.0,5.815682564518833
23.0,1.0,0.0,0.0,0.854745440036081,0.7273582030340533,0.0,0.0,0.0,0.0,0.0,17.0,8.959691593388877
13.0,0.0,0.0,1.0,0.823760859741937,0.6372084679251989,1.0,0.0,0.0,0.0,0.0,14.0,1.1008115116928117
20.0,0.0,0.0,1.0,1.0634867343641472,0.6595070539538125,0.0,0.0,0.0,0.0,0.0,11.0,3.2814174664257902
33.0,0.0,1.0,2.0,0.4497542904696748,0.7078352951086353,1.0,1.0,0.0,0.0,0.0,8.0,1.2095777078249068
6.0,1.0,0.0,2.0,0.7809049137697301,0.7887985139252712,1.0,0.0,0.0,0.0,0.0,12.0,1.5508522455937015
15.0,0.0,0.0,0.0,1.072596164913338,0.7627785043446353,0.0,0.0,0.0,0.0,0.0,11.0,11.472755594913812
19.0,0.0,1.0,1.0,0.4242791338657716,0.7247256448468943,0.0,1.0,0.0,0.0,0.0,8.0,7.45393772414243
31.0,0.0,0.0,0.0,0.9921735285081417,0.8617166688992138,1.0,0.0,0.0,0.0,0.0,14.0,6.229558317454634
19.0,0.0,0.0,2.0,1.0617085336113428,0.653119989353805,1.0,0.0,0.0,0.0,0.0,15.0,11.234659160378294
3.0,0.0,0.0,2.0,0.6999386236663562,0.8702647918005295,0.0,0.0,0.0,0.0,0.0,12.0,3.454373181168303
15.0,0.0,1.0,0.0,0.8824983582782762,0.5686975424800672,0.0,1.0,0.0,0.0,0.0,17.0,5.773354140703171
8.0,0.0,0.0,1.0,0.5891721155912995,0.7630395059930456,1.0,0.0,0.0,0.0,0.0,15.0,1.1410410240664572
22.0,0.0,0.0,2.0,0.4667178187038047,0.5091615818515346,0.0,0.0,0.0,0.0,0.0,14.0,9.573156928861149
17.0,0.0,0.0,1.0,0.5936167157403506,0.4868987995815943,0.0,0.0,0.0,0.0,0.0,16.0,7.758097652966231
15.0,0.0,0.0,2.0,0.7968086043830511,0.7690984670606831,1.0,0.0,0.0,0.0,0.0,12.0,4.65427470494146
25.0,0.0,0.0,0.0,0.8804834128165786,0.6038909277618733,1.0,0.0,0.0,0.0,0.0,9.0,10.682216976928924
7.0,1.0,0.0,0.0,0.8638204930733187,0.6329162259526511,1.0,0.0,0.0,0.0,0.0,17.0,5.662338040073024
13.0,0.0,0.0,2.0,0.8461310960107603,0.6404582183807077,0.0,0.0,0.0,0.0,0.0,11.0,10.442730829324706
12.0,0.0,1.0,2.0,0.6049841693480946,0.6398367778593808,1.0,1.0,0.0,0.0,0.0,15.0,4.391146336509938
28.0,1.0,0.0,0.0,0.5849278385570106,0.42203528856068295,1.0,0.0,0.0,0.0,0.0,12.0,9.202121614240406
34.0,0.0,0.0,2.0,1.0226352335744648,0.9067804578364839,0.0,0.0,0.0,0.0,0.0,13.0,3.399424545532595
3.0,1.0,0.0,2.0,0.6008101763254827,0.5977902066090198,0.0,0.0,0.0,0.0,0.0,8.0,1.402617024751237
26.0,0.0,0.0,2.0,0.5174872724536055,0.38934085493630405,1.0,0.0,0.0,0.0,0.0,17.0,2.327005434157813
21.0,0.0,0.0,2.0,0.9626184258368385,0.9151192026498447,0.0,0.0,0.0,0.0,0.0,9.0,5.417655905460197
22.0,0.0,1.0,0.0,0.5525751214502999,0.8533856193189838,0.0,1.0,0.0,0.0,0.0,11.0,8.201295234612507
31.0,0.0,0.0,0.0,0.4886754332996576,0.9422773060650764,1.0,0.0,0.0,0.0,0.0,11.0,8.683939617156275
7.0,1.0,0.0,0.0,0.8245558880396641,0.8838064659470233,1.0,0.0,0.0,0.0,0.0,14.0,2.2471076721677465
24.0,0.0,0.0,2.0,0.810820099848513,0.5027738605167518,1.0,0.0,0.0,0.0,0.0,15.0,1.5721196175802983
9.0,0.0,0.0,1.0,0.9569571372394049,0.5336176175159533,1.0,0.0,0.0,0.0,0.0,11.0,10.218699342530986
19.0,0.0,0.0,2.0,0.9681603221151217,0.916625538531074,0.0,0.0,0.0,0.0,0.0,16.0,5.121969688416944
24.0,0.0,0.0,0.0,0.6072841484221279,0.4633587680764363,0.0,0.0,0.0,0.0,0.0,12.0,3.46995428995796
27.0,0.0,0.0,0.0,1.0186474219974946,0.8526054658716717,0.0,0.0,0.0,0.0,0.0,10.0,2.9625650909775003
27.0,0.0,0.0,1.0,0.963027666866349,0.5162610921231616,0.0,0.0,0.0,0.0,0.0,11.0,6.9855019061530275
14.0,0.0,0.0,2.0,0.7662680227953729,0.5553452088541645,0.0,0.0,0.0,0.0,0.0,16.0,4.734421086142613
10.0,0.0,1.0,0.0,0.9103613764011818,0.5948283245716696,0.0,1.0,0.0,0.0,0.0,17.0,4.844142342234587
20.0,0.0,0.0,2.0,0.4430880058928901,0.9341501201217304,1.0,0.0,0.0,0.0,0.0,12.0,11.130089585296746
25.0,0.0,0.0,0.0,1.0379767077066933,0.5915583899404201,0.0,0.0,0.0,0.0,0.0,15.0,0.5872381598328759
19.0,0.0,0.0,0.0,0.43814281015298995,0.805972393947576,0.0,0.0,0.0,0.0,0.0,14.0,6.335822296472871
16.0,0.0,0.0,2.0,1.0735804459188267,0.7555109629179979,1.0,0.0,0.0,0.0,0.0,14.0,4.332512252091314
19.0,1.0,0.0,1.0,0.4483675799381461,0.35008245647321357,0.0,0.0,0.0,0.0,0.0,8.0,6.231376205598997
25.0,0.0,0.0,2.0,0.6974705144321995,0.5761595777327728,1.0,0.0,0.0,0.0,0.0,8.0,11.124380634049858
2.0,0.0,0.0,1.0,0.7131445509448945,0.6168533512812864,0.0,0.0,0.0,0.0,0.0,15.0,8.0151817825825
26.0,0.0,0.0,2.0,0.612663858238607,0.9323624967924222,1.0,0.0,0.0,0.0,0.0,15.0,4.173442570885737
9.0,0.0,0.0,0.0,0.7456326090353209,0.3876237093665828,1.0,0.0,0.0,0.0,0.0,8.0,7.974884750800434
11.0,0.0,0.0,2.0,0.9000316502414063,0.4759934189431876,1.0,0.0,0.0,0.0,0.0,16.0,3.642429797070215
32.0,0.0,0.0,1.0,0.803864102432845,0.7628313009322608,1.0,0.0,0.0,0.0,0.0,11.0,4.638944450747078
30.0,0.0,0.0,0.0,0.56287330074611,0.8885222266026453,0.0,0.0,0.0,0.0,0.0,10.0,10.22297392064143
16.0,0.0,1.0,1.0,1.0436190904293696,0.5012550107731382,0.0,1.0,0.0,0.0,0.0,14.0,4.980009509402535
18.0,0.0,0.0,0.0,0.8653275887455764,0.37095317582264953,1.0,0.0,0.0,0.0,0.0,10.0,8.152635314705343
34.0,1.0,0.0,0.0,1.0059244266427991,0.438405107507878,1.0,0.0,0.0,0.0,0.0,11.0,10.14754318591246
16.0,0.0,0.0,1.0,1.047539209127592,0.9233533360788595,1.0,0.0,0.0,0.0,0.0,17.0,4.970853057010219
26.0,0.0,0.0,2.0,0.5202893396207618,0.9434396909197671,0.0,0.0,0.0,0.0,0.0,8.0,11.230992010805535
18.0,0.0,1.0,0.0,0.42842276142714436,0.7243580468007297,1.0,1.0,0.0,0.0,0.0,13.0,6.746260677041397
25.0,0.0,0.0,0.0,0.7734936468006695,0.47330364657152557,0.0,0.0,0.0,0.0,0.0,13.0,0.2346041526413966
19.0,1.0,0.0,1.0,0.7460830957749467,0.4630282126136565,0.0,0.0,0.0,0.0,0.0,9.0,9.570198743362038
21.0,0.0,1.0,0.0,0.7100583077931532,0.6752005121653732,0.0,1.0,0.0,0.0,0.0,11.0,2.2292070803364936
27.0,0.0,1.0,0.0,0.9799599174972676,0.9157444217714229,0.0,1.0,0.0,0.0,0.0,14.0,6.906694660193553
8.0,0.0,1.0,2.0,1.0682867543199215,0.5785712421064811,1.0,1.0,0.0,0.0,0.0,9.0,8.038714046088735
9.0,0.0,0.0,0.0,0.5399233163151463,0.4335186735988029,1.0,0.0,0.0,0.0,0.0,10.0,8.693883242151838
3.0,0.0,0.0,0.0,0.9651356203516509,0.7213448833546788,1.0,0.0,0.0,0.0,0.0,10.0,9.89895711233331
5.0,0.0,0.0,2.0,0.6895611372047352,0.8745107726160837,0.0,0.0,0.0,0.0,0.0,16.0,8.410114422448395
4.0,1.0,0.0,1.0,0.5391903872665235,0.639168847865508,0.0,0.0,0.0,0.0,0.0,13.0,8.259599572785238
19.0,0.0,0.0,2.0,0.6989819335718294,0.8947210521125669,0.0,0.0,0.0,0.0,0.0,8.0,5.284577445030623
26.0,0.0,0.0,2.0,0.8641935694706894,0.3985381602972384,1.0,0.0,0.0,0.0,0.0,8.0,3.279439681186816
32.0,0.0,0.0,0.0,0.8752334614435517,0.5641042162666098,0.0,0.0,0.0,0.0,0.0,12.0,0.7447779313556641
7.0,0.0,0.0,2.0,0.8286425864106147,0.6505105349406819,1.0,0.0,0.0,0.0,0.0,17.0,9.230514022271953
16.0,0.0,1.0,2.0,1.0260616231244626,0.452690834691979,1.0,1.0,0.0,0.0,0.0,16.0,6.072688362270465
2.0,1.0,0.0,0.0,0.7878372284478883,0.4126584454369396,1.0,0.0,0.0,0.0,0.0,8.0,9.650340081798532
10.0,0.0,0.0,1.0,0.4829741482581807,0.4934870023420306,1.0,0.0,0.0,0.0,0.0,14.0,10.54846650149788
6.0,0.0,1.0,2.0,1.0543983885181263,0.6814608716625312,0.0,1.0,0.0,0.0,0.0,9.0,5.652976352528208
22.0,0.0,0.0,0.0,0.8443573417280696,0.6501875798571248,1.0,0.0,0.0,0.0,0.0,13.0,4.512805961466985
27.0,0.0,0.0,0.0,1.0143198981475503,0.9145287175517692,0.0,0.0,0.0,0.0,0.0,11.0,9.045575963602419
26.0,0.0,1.0,1.0,0.95825675498359,0.4013158610685042,0.0,1.0,0.0,0.0,0.0,13.0,10.330012263058718
32.0,0.0,0.0,1.0,0.6853597629716501,0.5494722484583825,1.0,0.0,0.0,0.0,0.0,16.0,7.567011043790264
14.0,1.0,0.0,2.0,0.5983551548474402,0.7832339046342482,0.0,0.0,0.0,0.0,0.0,15.0,9.949712969598027
22.0,0.0,0.0,0.0,1.0760317713469225,0.35257765239914574,1.0,0.0,0.0,0.0,0.0,16.0,5.559419203815792
18.0,0.0,0.0,0.0,0.9382616095199207,0.6064726771478139,0.0,0.0,0.0,0.0,0.0,15.0,7.340514629884002
4.0,0.0,0.0,0.0,0.9877446210090751,0.3524242449571003,1.0,0.0,0.0,0.0,0.0,11.0,3.3450023351366736
20.0,0.0,1.0,0.0,0.7774163079955067,0.523831567153309,1.0,1.0,0.0,0.0,0.0,12.0,10.651771028490815
18.0,0.0,0.0,2.0,0.5261305467329029,0.7704459652975139,1.0,0.0,0.0,0.0,0.0,8.0,4.424955717726341
5.0,0.0,0.0,1.0,0.879159390334133,0.8394019608891503,0.0,0.0,0.0,0.0,0.0,10.0,11.084729149219507
13.0,1.0,0.0,0.0,0.8733066263832854,0.3766831927259334,0.0,0.0,0.0,0.0,0.0,17.0,8.626431928733115
10.0,1.0,0.0,2.0,0.8905846144494604,0.8414658511899584,0.0,0.0,0.0,0.0,0.0,15.0,0.39194123091764965
34.0,0.0,0.0,1.0,0.7576261852869016,0.5053239426404135,1.0,0.0,0.0,0.0,0.0,10.0,10.177385571085043
25.0,0.0,0.0,2.0,0.6591396313517863,0.5153839720209282,1.0,0.0,0.0,0.0,0.0,16.0,5.669262449367921
3.0,0.0,0.0,1.0,0.7970395184625988,0.38843209560315434,1.0,0.0,0.0,0.0,0.0,11.0,3.2419194410917203
24.0,0.0,0.0,1.0,0.9311670464718563,0.6397231166471049,1.0,0.0,0.0,0.0,0.0,11.0,8.938999269221714
29.0,0.0,0.0,2.0,0.9671916722666188,0.716385504481188,0.0,0.0,0.0,0.0,0.0,17.0,7.539716100499439
33.0,0.0,0.0,2.0,0.47504762983051446,0.9382990575313926,0.0,0.0,0.0,0.0,0.0,16.0,1.8367799948395427
30.0,0.0,0.0,1.0,0.47592303158606813,0.878403842301175,1.0,0.0,0.0,0.0,0.0,12.0,4.165786370188584
34.0,0.0,0.0,2.0,0.48253280014825806,0.43430818948665695,0.0,0.0,0.0,0.0,0.0,11.0,10.440825509601673
15.0,0.0,0.0,2.0,1.0611505735632034,0.5625820789678146,1.0,0.0,0.0,0.0,0.0,8.0,3.0554502555911025
8.0,0.0,1.0,0.0,0.6318474008425616,0.6737814823012436,0.0,1.0,0.0,0.0,0.0,16.0,9.33313760171743
15.0,0.0,0.0,1.0,0.49626478300724164,0.8924160116365705,1.0,0.0,0.0,0.0,0.0,12.0,3.888416264479988
13.0,0.0,0.0,2.0,0.5353748908419043,0.36830177127417324,0.0,0.0,0.0,0.0,0.0,13.0,9.313504493531195
6.0,0.0,0.0,0.0,0.4230632421903214,0.687572575381492,0.0,0.0,0.0,0.0,0.0,14.0,10.627371152748525
19.0,0.0,0.0,0.0,0.8263750664794661,0.6663473120302983,1.0,0.0,0.0,0.0,0.0,13.0,1.804890964608634
15.0,0.0,0.0,1.0,1.065671562140075,0.610382395888853,0.0,0.0,0.0,0.0,0.0,13.0,8.825435686624925
5.0,0.0,1.0,2.0,1.0050102417395168,0.9175184402841707,0.0,1.0,0.0,0.0,0.0,17.0,0.7665324878149522
29.0,1.0,0.0,0.0,0.9604285116376136,0.7263506081976858,1.0,0.0,0.0,0.0,0.0,8.0,4.841059203174943
30.0,0.0,0.0,0.0,0.6568411518170455,0.8775220721052567,0.0,0.0,0.0,0.0,0.0,17.0,5.532190900054265
4.0,0.0,0.0,1.0,1.0617329557639283,0.6674653899928941,1.0,0.0,0.0,0.0,0.0,10.0,9.571232973571467
13.0,0.0,0.0,0.0,0.7962920809778752,0.5712435739877694,0.0,0.0,0.0,0.0,0.0,13.0,6.882434775822117
22.0,1.0,0.0,2.0,0.5049392883168543,0.6393314963265024,1.0,0.0,0.0,0.0,0.0,14.0,0.7043673571351128
33.0,0.0,0.0,1.0,0.7082750408151136,0.9258289949368097,0.0,0.0,0.0,0.0,0.0,8.0,10.701229894804872
33.0,0.0,0.0,0.0,0.4984594649149628,0.7644889782938316,0.0,0.0,0.0,0.0,0.0,13.0,4.322171678704378
28.0,0.0,0.0,2.0,0.969661921099102,0.44207002987744726,1.0,0.0,0.0,0.0,0.0,15.0,9.168916898412398
14.0,0.0,0.0,0.0,0.8517995219302275,0.89381781267961,0.0,0.0,0.0,0.0,0.0,15.0,3.189546634323987
14.0,0.0,1.0,1.0,0.5335973424119599,0.5231528449062877,0.0,1.0,0.0,0.0,0.0,10.0,1.407653458646541
34.0,0.0,0.0,2.0,0.5260223739673151,0.5725036636708338,0.0,0.0,0.0,0.0,0.0,14.0,7.000954536819983
26.0,0.0,0.0,1.0,0.8684612236301457,0.8235038624277388,1.0,0.0,0.0,0.0,0.0,10.0,6.940299851329954
27.0,0.0,1.0,2.0,0.6830899304985568,0.38501663289191185,1.0,1.0,0.0,0.0,0.0,12.0,10.141914224326056
8.0,1.0,0.0,2.0,1.0571034404836734,0.8851183784662412,1.0,0.0,0.0,0.0,0.0,17.0,4.975001014489362
3.0,0.0,0.0,0.0,0.9238408488471539,0.7363914352283404,1.0,0.0,0.0,0.0,0.0,16.0,8.842748506413814
12.0,0.0,0.0,1.0,0.8867693059513144,0.8238627799492931,0.0,0.0,0.0,0.0,0.0,14.0,4.838604766703059
32.0,0.0,0.0,1.0,1.0402982436812078,0.373341317943195,0.0,0.0,0.0,0.0,0.0,9.0,11.889186555289092
5.0,0.0,0.0,2.0,0.46602523005819957,0.543151184064994,0.0,0.0,0.0,0.0,0.0,12.0,4.242318827749343
6.0,0.0,1.0,1.0,1.0498646057072265,0.6627449524218636,1.0,1.0,0.0,0.0,0.0,12.0,5.237665881324119
31.0,1.0,0.0,0.0,0.9535640481517824,0.9055272420621827,0.0,0.0,0.0,0.0,0.0,12.0,3.178094614385278
6.0,0.0,0.0,2.0,0.6953984850646843,0.8081482502842268,1.0,0.0,0.0,0.0,0.0,10.0,2.120827173753005
27.0,1.0,0.0,2.0,0.5681962642269137,0.8801335025729443,0.0,0.0,0.0,0.0,0.0,16.0,1.1603351088434088
30.0,0.0,1.0,2.0,0.7094852851145466,0.8634273529857853,0.0,1.0,0.0,0.0,0.0,16.0,4.148077547805857
32.0,0.0,0.0,2.0,0.744554418871477,0.8903623618290735,1.0,0.0,0.0,0.0,0.0,14.0,9.589525812877918
30.0,1.0,0.0,1.0,0.85521700476384,0.41709573314292797,1.0,0.0,0.0,0.0,0.0,14.0,9.128731517186123
6.0,0.0,0.0,0.0,0.6336319568964566,0.5599608009554707,0.0,0.0,0.0,0.0,0.0,15.0,7.119895240583224
24.0,1.0,0.0,1.0,0.6020253179422933,0.4478864070963131,1.0,0.0,0.0,0.0,0.0,15.0,1.9707695176042532
32.0,0.0,1.0,1.0,0.8288856454470974,0.8584113931449332,0.0,1.0,0.0,0.0,0.0,11.0,4.449920294945257
5.0,1.0,0.0,0.0,0.8899983652220905,0.9030505015670517,0.0,0.0,0.0,0.0,0.0,13.0,7.91988821899631
10.0,0.0,0.0,0.0,0.7365514699022104,0.8564127315637954,1.0,0.0,0.0,0.0,0.0,12.0,5.978589646056923
22.0,1.0,0.0,1.0,0.7625220360498215,0.35779105834936487,0.0,0.0,0.0,0.0,0.0,8.0,5.668176542194459
10.0,1.0,0.0,1.0,1.046103415041329,0.7326539575858614,1.0,0.0,0.0,0.0,0.0,14.0,11.764046780450272
8.0,0.0,1.0,1.0,0.8467663712780432,0.483570709019264,1.0,1.0,0.0,0.0,0.0,8.0,3.3318732000212483
31.0,1.0,0.0,0.0,0.6059576037932843,0.755435391366678,1.0,0.0,0.0,0.0,0.0,15.0,10.857392356025942
3.0,1.0,0.0,2.0,0.6648775000908291,0.38640322552981254,0.0,0.0,0.0,0.0,0.0,17.0,7.883558936162374
13.0,0.0,0.0,2.0,1.0386491894240872,0.6289324623117634,1.0,0.0,0.0,0.0,0.0,14.0,2.838260434190081
33.0,0.0,0.0,1.0,0.7490724056548892,0.9350036226626316,1.0,0.0,0.0,0.0,0.0,9.0,7.622676675661321
19.0,0.0,0.0,2.0,0.41138443366843874,0.7092929755770998,0.0,0.0,0.0,0.0,0.0,17.0,3.8630585854573063
28.0,0.0,0.0,1.0,0.7498070228467116,0.8310103111640877,1.0,0.0,0.0,0.0,0.0,15.0,1.5820578234392129
16.0,0.0,0.0,0.0,1.086126929786806,0.4350578203386563,1.0,0.0,0.0,0.0,0.0,13.0,7.601420900650627
19.0,1.0,0.0,2.0,0.5668843874053603,0.8314932692071917,1.0,0.0,0.0,0.0,0.0,8.0,0.9170283130492689
20.0,0.0,0.0,1.0,0.8015626173904624,0.5794625518674943,0.0,0.0,0.0,0.0,0.0,16.0,10.624286930650182
13.0,0.0,0.0,1.0,1.028169702086604,0.7633787495153593,1.0,0.0,0.0,0.0,0.0,11.0,3.5289268175698463
33.0,1.0,0.0,2.0,0.9962778276773885,0.3531295320762874,1.0,0.0,0.0,0.0,0.0,16.0,8.097648835934319
13.0,1.0,0.0,0.0,0.7745931446020433,0.7492251672725756,0.0,0.0,0.0,0.0,0.0,10.0,10.626019495721616
30.0,0.0,0.0,2.0,0.9022981861429071,0.6517093812318568,0.0,0.0,0.0,0.0,0.0,9.0,10.347259157922908
16.0,0.0,0.0,0.0,0.8366313091375382,0.5434222778016798,1.0,0.0,0.0,0.0,0.0,13.0,9.262828934361433
15.0,0.0,0.0,1.0,0.6047492251218491,0.712022034026114,1.0,0.0,0.0,0.0,0.0,13.0,9.213991358266684
12.0,0.0,0.0,0.0,0.6357684746814044,0.8781004970066547,0.0,0.0,0.0,0.0,0.0,10.0,2.3892782416205836
14.0,0.0,1.0,1.0,0.5153194016503272,0.4855410137585322,0.0,1.0,0.0,0.0,0.0,16.0,4.792731748624531
19.0,0.0,0.0,1.0,0.8954488815217206,0.35304399986498003,1.0,0.0,0.0,0.0,0.0,14.0,3.972958640602334
15.0,0.0,0.0,1.0,0.9093644251905911,0.7842331096448899,0.0,0.0,0.0,0.0,0.0,8.0,5.928943736095898
11.0,0.0,1.0,1.0,0.7852962790962842,0.8126316400050346,0.0,1.0,0.0,0.0,0.0,16.0,6.421911828131411
3.0,1.0,0.0,1.0,0.6308096820275543,0.9083432264039742,0.0,0.0,0.0,0.0,0.0,11.0,4.469648107093743
20.0,1.0,0.0,2.0,0.4210176524371683,0.7645579760308867,1.0,0.0,0.0,0.0,0.0,14.0,7.1946015317437375
31.0,1.0,0.0,2.0,0.6769591453305002,0.6308442808068713,1.0,0.0,0.0,0.0,0.0,15.0,4.8138503475657854
22.0,1.0,0.0,0.0,0.685589821519762,0.4062072083996793,1.0,0.0,0.0,0.0,0.0,17.0,11.897373486567679
34.0,0.0,0.0,2.0,0.638967542642272,0.7272719900263009,1.0,0.0,0.0,0.0,0.0,15.0,1.506771770121725
2.0,0.0,0.0,0.0,0.8322970976016225,0.938337426091508,0.0,0.0,0.0,0.0,0.0,17.0,5.815829533307892
16.0,0.0,0.0,1.0,1.0427354618094078,0.5174841428271716,1.0,0.0,0.0,0.0,0.0,17.0,3.7825343448375404
34.0,1.0,0.0,2.0,0.964716365423507,0.597468916633415,1.0,0.0,0.0,0.0,0.0,9.0,10.917486698487377
10.0,0.0,0.0,0.0,1.0608916091099727,0.6399725733855097,0.0,0.0,0.0,0.0,0.0,8.0,2.3612734242841102
15.0,0.0,0.0,2.0,0.646784721602304,0.8702519864008512,1.0,0.0,0.0,0.0,0.0,14.0,1.577930949375465
25.0,0.0,0.0,1.0,0.9232514064424637,0.6054198177659852,0.0,0.0,0.0,0.0,0.0,8.0,8.444051525237018
9.0,0.0,0.0,2.0,0.49044143020058717,0.9330423977767418,0.0,0.0,0.0,0.0,0.0,17.0,1.97051493949951
28.0,0.0,1.0,0.0,0.5116525150551706,0.937095318590833,0.0,1.0,0.0,0.0,0.0,9.0,6.851467199795001
20.0,1.0,0.0,2.0,0.5819534535016248,0.5681055969073336,1.0,0.0,0.0,0.0,0.0,9.0,9.570667036861433
11.0,0.0,0.0,0.0,0.637788890464209,0.6003915669156025,0.0,0.0,0.0,0.0,0.0,9.0,5.6631893469351064
17.0,0.0,0.0,2.0,0.9933344668392338,0.7465656930620146,0.0,0.0,0.0,0.0,0.0,15.0,8.09853880214697
4.0,0.0,0.0,2.0,0.9372981922659389,0.8382594813531072,0.0,0.0,0.0,0.0,0.0,17.0,11.607967047696922
4.0,0.0,0.0,0.0,0.7741979462066941,0.9461428589892882,0.0,0.0,0.0,0.0,0.0,13.0,4.608386513301643
29.0,0.0,0.0,1.0,1.0569718712894807,0.7474537657002188,0.0,0.0,0.0,0.0,0.0,11.0,4.8738743531848145
30.0,0.0,1.0,2.0,0.8489329424622422,0.4240620606449541,1.0,1.0,0.0,0.0,0.0,16.0,1.6682264539543734
21.0,0.0,0.0,0.0,0.5592419458887357,0.37652333443895913,1.0,0.0,0.0,0.0,0.0,14.0,8.187412250859925
24.0,1.0,0.0,2.0,0.7355233357076074,0.6998922262670129,1.0,0.0,0.0,0.0,0.0,17.0,10.910885851578234
32.0,0.0,0.0,2.0,0.5026147409324065,0.8878451766842471,0.0,0.0,0.0,0.0,0.0,17.0,10.242835079941104
29.0,0.0,1.0,1.0,0.4902693309904619,0.5198104073059203,1.0,1.0,0.0,0.0,0.0,17.0,9.353445560137455
19.0,0.0,0.0,1.0,0.9119649445141236,0.4364527028370134,0.0,0.0,0.0,0.0,0.0,17.0,5.636599170289505
21.0,1.0,0.0,0.0,0.769244670204769,0.6946565752051359,1.0,0.0,0.0,0.0,0.0,13.0,8.411994498190396
27.0,0.0,0.0,0.0,0.9839766380836077,0.8588518063152301,1.0,0.0,0.0,0.0,0.0,9.0,0.25122246097945844
27.0,0.0,0.0,0.0,0.9080846394303662,0.5473502879324179,1.0,0.0,0.0,0.0,0.0,17.0,7.775935389998441
5.0,1.0,0.0,1.0,0.7869708749103308,0.5687563641741189,1.0,0.0,0.0,0.0,0.0,17.0,8.943941563960157
28.0,1.0,0.0,2.0,0.6956665289945237,0.8541319892571261,1.0,0.0,0.0,0.0,0.0,15.0,10.979931425785592
34.0,0.0,0.0,2.0,0.7557253069459334,0.688335329013533,1.0,0.0,0.0,0.0,0.0,15.0,0.46536133358797
14.0,0.0,0.0,0.0,0.45088911481327126,0.7099386719240849,0.0,0.0,0.0,0.0,0.0,14.0,0.5700152773671859
11.0,0.0,1.0,1.0,0.6706786814621979,0.7497888146280602,0.0,1.0,0.0,0.0,0.0,10.0,8.640484784248137
31.0,1.0,0.0,0.0,0.4235446508622833,0.6777393763667673,1.0,0.0,0.0,0.0,0.0,15.0,0.9593983523342143
26.0,0.0,0.0,2.0,0.9870598983263896,0.8569428334144326,1.0,0.0,0.0,0.0,0.0,12.0,6.8296929116852585
31.0,0.0,0.0,0.0,0.6646985540728874,0.39739702346166117,1.0,0.0,0.0,0.0,0.0,10.0,7.74451578276942
24.0,0.0,0.0,0.0,0.6938061569129841,0.8116167246700022,1.0,0.0,0.0,0.0,0.0,8.0,0.3682918402031109
4.0,0.0,0.0,2.0,0.6985082112620105,0.49189938472976247,0.0,0.0,0.0,0.0,0.0,16.0,2.458951058729521
3.0,0.0,1.0,1.0,0.6988547418448878,0.9284670980523322,1.0,1.0,0.0,0.0,0.0,12.0,11.271635007537835
15.0,0.0,0.0,1.0,0.9949112328680502,0.6788697581215046,1.0,0.0,0.0,0.0,0.0,8.0,3.3911122222478456
3.0,0.0,1.0,1.0,0.4659511093560627,0.6613311277908405,0.0,1.0,0.0,0.0,0.0,8.0,7.817446380360257
22.0,1.0,0.0,0.0,1.0897433284070241,0.6732127085743217,0.0,0.0,0.0,0.0,0.0,17.0,5.1748523322533835
30.0,0.0,0.0,2.0,0.9014987834398375,0.7514200727015968,0.0,0.0,0.0,0.0,0.0,12.0,2.6939056937409185
33.0,1.0,0.0,1.0,0.4009660819302325,0.49279772051052795,0.0,0.0,0.0,0.0,0.0,15.0,3.8895101095197666
2.0,0.0,0.0,0.0,0.7802182004863737,0.8337679701779336,1.0,0.0,0.0,0.0,0.0,9.0,1.145042868342325
2.0,0.0,1.0,2.0,0.5742031202253748,0.8308896515370277,0.0,1.0,0.0,0.0,0.0,12.0,6.1199919188410465
22.0,0.0,0.0,0.0,0.7179894669593773,0.45782610095034704,1.0,0.0,0.0,0.0,0.0,14.0,6.866072857049192
33.0,0.0,0.0,1.0,1.0850600564955226,0.6307151613492856,0.0,0.0,0.0,0.0,0.0,10.0,8.625507997277241
27.0,0.0,0.0,2.0,0.824126318692464,0.40985768768896813,1.0,0.0,0.0,0.0,0.0,13.0,8.68729943927682
14.0,0.0,0.0,1.0,0.6737788204136409,0.8967125261770487,1.0,0.0,0.0,0.0,0.0,16.0,4.929134348950923
28.0,0.0,0.0,1.0,0.8228209250749194,0.43490290401664367,1.0,0.0,0.0,0.0,0.0,8.0,10.093680482749598
22.0,0.0,0.0,0.0,0.49512041301042603,0.9342042356426521,0.0,0.0,0.0,0.0,0.0,15.0,0.8133433569556979
12.0,0.0,1.0,2.0,0.681963253129253,0.5528407502642128,1.0,1.0,0.0,0.0,0.0,12.0,1.9053699530481807
10.0,1.0,0.0,1.0,1.0092841796649854,0.4764571480724399,1.0,0.0,0.0,0.0,0.0,12.0,1.410257609895852
8.0,1.0,0.0,1.0,0.5296456240744993,0.9298628882999946,1.0,0.0,0.0,0.0,0.0,14.0,0.37488977479925845
20.0,0.0,0.0,2.0,1.0218669004421463,0.7426556066702328,0.0,0.0,0.0,0.0,0.0,9.0,7.524869953242442
17.0,1.0,0.0,0.0,0.8539285622703201,0.5147963176597293,1.0,0.0,0.0,0.0,0.0,16.0,6.01822573960306
32.0,0.0,0.0,1.0,0.42939254772756275,0.9122467417617924,1.0,0.0,0.0,0.0,0.0,9.0,3.8405344846723257
34.0,0.0,0.0,1.0,0.7593800960940974,0.3578344936050807,1.0,0.0,0.0,0.0,0.0,8.0,9.96348584879423
3.0,0.0,0.0,0.0,0.9663827393645822,0.3662854896825237,1.0,0.0,0.0,0.0,0.0,8.0,0.9895536431546346
6.0,0.0,1.0,0.0,0.4742349840092262,0.6053576527959469,1.0,1.0,0.0,0.0,0.0,16.0,1.6313398328554802
26.0,1.0,0.0,1.0,0.5127303718163365,0.5580846382568038,0.0,0.0,0.0,0.0,0.0,12.0,11.398550884458988
20.0,0.0,0.0,2.0,0.9611284162373689,0.685952264633495,1.0,0.0,0.0,0.0,0.0,8.0,11.965513814755868
6.0,0.0,0.0,2.0,0.9215458639839632,0.5529224430656217,1.0,0.0,0.0,0.0,0.0,14.0,9.787403979606802
8.0,0.0,0.0,2.0,0.7980529150114046,0.8962875680489432,0.0,0.0,0.0,0.0,0.0,12.0,0.6030158770860417
32.0,0.0,0.0,1.0,0.6498901981689561,0.7230307205900585,0.0,0.0,0.0,0.0,0.0,11.0,3.263795500424034
18.0,0.0,0.0,0.0,1.0672201611881935,0.5009114358265372,0.0,0.0,0.0,0.0,0.0,14.0,2.948690655764139
33.0,1.0,0.0,0.0,0.9644298191001515,0.8667239728926199,1.0,0.0,0.0,0.0,0.0,13.0,0.8178407371639127
28.0,0.0,0.0,0.0,0.9559084462096482,0.6381534139448711,1.0,0.0,0.0,0.0,0.0,11.0,4.408270239775254
33.0,0.0,0.0,1.0,0.5699849580424855,0.7337448079636489,1.0,0.0,0.0,0.0,0.0,15.0,10.088364864879809
26.0,0.0,0.0,0.0,0.7012654206231622,0.9357904901124589,0.0,0.0,0.0,0.0,0.0,9.0,4.8521942724374725
8.0,0.0,1.0,2.0,0.896048118518947,0.3756252124029856,1.0,1.0,0.0,0.0,0.0,12.0,11.943729655164695
27.0,0.0,0.0,1.0,1.0654306814280041,0.7317793692945085,0.0,0.0,0.0,0.0,0.0,15.0,6.549856933094033
30.0,0.0,0.0,2.0,0.9832482368638832,0.5482856085168983,0.0,0.0,0.0,0.0,0.0,17.0,8.181783440887239
28.0,0.0,0.0,2.0,1.0096298180492473,0.631574316575304,0.0,0.0,0.0,0.0,0.0,16.0,9.738494779711848
20.0,0.0,0.0,2.0,0.6208194229708323,0.8527168410108444,1.0,0.0,0.0,0.0,0.0,15.0,5.81298406348077
15.0,0.0,0.0,0.0,0.7103014449169862,0.7332268830795721,1.0,0.0,0.0,0.0,0.0,11.0,11.277894594253905
5.0,0.0,0.0,0.0,0.7602495415916931,0.6778647431309246,1.0,0.0,0.0,0.0,0.0,12.0,6.219026188635292
33.0,0.0,0.0,2.0,0.6894701280126533,0.8348466094878457,1.0,0.0,0.0,0.0,0.0,14.0,9.151316042695841
6.0,0.0,1.0,2.0,0.9628722570246151,0.8493763150064955,0.0,1.0,0.0,0.0,0.0,16.0,4.348154411711194
6.0,1.0,0.0,0.0,0.9190686009321972,0.7972655976689834,0.0,0.0,0.0,0.0,0.0,10.0,7.853815822160116
17.0,0.0,0.0,0.0,0.8124375711612744,0.7182170418307666,0.0,0.0,0.0,0.0,0.0,15.0,5.063075970361521
18.0,0.0,1.0,2.0,0.40568026688816494,0.4354240190482212,0.0,1.0,0.0,0.0,0.0,9.0,4.337133571578711
32.0,0.0,0.0,2.0,0.8123585153862697,0.8521633288280256,1.0,0.0,0.0,0.0,0.0,9.0,11.848348070768296
24.0,0.0,0.0,0.0,0.7220401746689448,0.4454912291854417,0.0,0.0,0.0,0.0,0.0,13.0,10.90620862806133
16.0,0.0,0.0,0.0,0.995259779495407,0.624424694060861,1.0,0.0,0.0,0.0,0.0,16.0,6.086616007324133
13.0,0.0,1.0,0.0,0.7872050458359868,0.6213821266143494,0.0,1.0,0.0,0.0,0.0,9.0,1.770772374888639
3.0,0.0,0.0,0.0,1.0421725388182175,0.7204155338330992,0.0,0.0,0.0,0.0,0.0,16.0,1.6882757278260756
9.0,0.0,0.0,0.0,0.7073938091536626,0.899236931914001,1.0,0.0,0.0,0.0,0.0,8.0,4.8766443585345
18.0,0.0,0.0,0.0,0.47249506164970234,0.5360189526282392,0.0,0.0,0.0,0.0,0.0,12.0,2.5845333168728386
19.0,0.0,0.0,0.0,0.8170531784313987,0.4393675152583544,1.0,0.0,0.0,0.0,0.0,11.0,7.208925388319263
6.0,0.0,0.0,1.0,0.8304455739242287,0.9354617769613077,0.0,0.0,0.0,0.0,0.0,15.0,5.419948705470531
22.0,1.0,0.0,1.0,0.8066833815147555,0.6079223805869328,0.0,0.0,0.0,0.0,0.0,14.0,7.672572056077466
4.0,0.0,0.0,0.0,1.0934568459116427,0.8659110937590048,1.0,0.0,0.0,0.0,0.0,8.0,0.8922627272792739
30.0,0.0,0.0,2.0,0.6145346079723916,0.9307911914923345,1.0,0.0,0.0,0.0,0.0,14.0,9.182673559007947
34.0,0.0,1.0,0.0,0.539889186007549,0.6526571299151793,1.0,1.0,0.0,0.0,0.0,10.0,2.5391678607657058
12.0,1.0,0.0,0.0,0.8376605101282957,0.6508350083163571,0.0,0.0,0.0,0.0,0.0,8.0,7.962474198786696
12.0,1.0,0.0,1.0,0.6654823444072613,0.4839834606601003,1.0,0.0,0.0,0.0,0.0,15.0,2.511300066460136
5.0,0.0,0.0,0.0,1.0907451263314636,0.6549724626878243,1.0,0.0,0.0,0.0,0.0,12.0,9.774427676950964
34.0,1.0,0.0,2.0,0.7657188673507628,0.5711486407365653,0.0,0.0,0.0,0.0,0.0,17.0,4.539252336074405
26.0,0.0,0.0,2.0,0.7413171245828802,0.8487256975710423,0.0,0.0,0.0,0.0,0.0,16.0,1.1103733675832717
14.0,0.0,0.0,2.0,0.8991645756959064,0.4541254666793737,1.0,0.0,0.0,0.0,0.0,16.0,4.881577625983547
32.0,1.0,0.0,0.0,0.9553562453576178,0.38669761620973064,0.0,0.0,0.0,0.0,0.0,12.0,9.675547739984058
29.0,0.0,0.0,0.0,1.0917838891492762,0.8494211829874673,0.0,0.0,0.0,0.0,0.0,13.0,7.12044294053566
18.0,0.0,1.0,0.0,0.7058243032934493,0.9492466590321261,0.0,1.0,0.0,0.0,0.0,15.0,2.737821372193365
26.0,0.0,0.0,0.0,0.512013725931083,0.8720060711194485,0.0,0.0,0.0,0.0,0.0,9.0,11.586755778315801
11.0,0.0,0.0,0.0,0.7787680181156084,0.5178781511587747,0.0,0.0,0.0,0.0,0.0,13.0,10.713021379740347
6.0,0.0,0.0,1.0,1.0111860817094134,0.3981220669130269,0.0,0.0,0.0,0.0,0.0,12.0,2.5128266519962237
5.0,0.0,0.0,1.0,0.9880706386336875,0.646554669552498,0.0,0.0,0.0,0.0,0.0,17.0,8.37442700562592
14.0,0.0,0.0,0.0,0.47182391554039627,0.5734692044275284,0.0,0.0,0.0,0.0,0.0,9.0,5.883997777266148
10.0,1.0,0.0,2.0,0.48634042188053084,0.5172672752186857,0.0,0.0,0.0,0.0,0.0,14.0,2.2347642614781966
32.0,0.0,0.0,2.0,0.49553798201302557,0.5494947475587121,1.0,0.0,0.0,0.0,0.0,8.0,11.139190075239068
13.0,0.0,0.0,0.0,0.9883797063280303,0.4091372028346948,1.0,0.0,0.0,0.0,0.0,13.0,5.935673773363155
7.0,0.0,0.0,1.0,0.7057299528571082,0.38778043903649684,0.0,0.0,0.0,0.0,0.0,8.0,0.6638181810858924
33.0,0.0,1.0,0.0,0.6024084080756354,0.3985692760531139,0.0,1.0,0.0,0.0,0.0,16.0,11.20880175757374
26.0,0.0,1.0,2.0,0.728607918171861,0.6462078510796516,1.0,1.0,0.0,0.0,0.0,17.0,1.3812233188747767
15.0,1.0,0.0,0.0,0.49372054900801216,0.3622865440869371,1.0,0.0,0.0,0.0,0.0,13.0,4.771922490285879
13.0,0.0,0.0,1.0,0.8690780330319613,0.5492421865391822,1.0,0.0,0.0,0.0,0.0,8.0,11.875929955297067
29.0,0.0,0.0,0.0,0.9861582447425624,0.7506641511481754,0.0,0.0,0.0,0.0,0.0,11.0,2.45120642186104
17.0,0.0,1.0,1.0,0.619700244220547,0.8454414661693938,1.0,1.0,0.0,0.0,0.0,10.0,11.367163204076816
31.0,0.0,1.0,0.0,1.0972831941498802,0.466987485052556,0.0,1.0,0.0,0.0,0.0,15.0,2.066990884933549
24.0,0.0,0.0,1.0,0.7010944024834384,0.7191197646466756,1.0,0.0,0.0,0.0,0.0,8.0,3.2720177347117585
16.0,0.0,0.0,0.0,0.7884753518806947,0.354405693922493,1.0,0.0,0.0,0.0,0.0,11.0,2.6210193459935076
30.0,0.0,0.0,1.0,1.0936338294324415,0.7185307234942356,1.0,0.0,0.0,0.0,0.0,13.0,4.9959457408421875
32.0,0.0,0.0,0.0,0.7633372411128043,0.8589483703726244,0.0,0.0,0.0,0.0,0.0,13.0,3.4854958576243766
28.0,0.0,0.0,0.0,1.0257691078180624,0.7833789105934076,0.0,0.0,0.0,0.0,0.0,11.0,7.594024112426709
34.0,1.0,0.0,1.0,0.8560423776264624,0.6800617096857478,1.0,0.0,0.0,0.0,0.0,13.0,6.843169495523339
21.0,1.0,0.0,0.0,0.7548823426797082,0.4564322866462285,1.0,0.0,0.0,0.0,0.0,12.0,0.7189901659411124
22.0,0.0,1.0,2.0,0.8797678190992521,0.9181344774554293,1.0,1.0,0.0,0.0,0.0,8.0,4.162060770458276
16.0,0.0,0.0,2.0,0.46412355942100636,0.4685532733442676,1.0,0.0,0.0,0.0,0.0,14.0,3.1617008252680447
